row_hash,trusted_count
57ca1914dbcf585c3c225dbd521c6bbf42a6b8947fc4e2ea51138cfb86c95f0f,7
904018dd2537725da32a91f1c5288b8ed38cd98c7a0a8810ec35c9123b436f3f,7
a1aa2580e347dcbf4b5dd9f840e09ee4816699c4b166b2535276ad9a9dad8b1a,4
1077b8a4d1411be235ca1075a1e9415dd012207aaa38ac558e74d05b86d9ca0d,3
df134997c406925745bee35a1b885c70175eb860d87e14437a88c6fab90c8935,3
fe591c2361e98adf117e1bcbfbb066dc7ba13b44049b86918edbddad329a2bd6,2
f517b15e6fd239c6e35a7c007b310bfd9064b200682945f78675d5ee69e5de41,2
2df33c09f6d8647e3b2533bfa06ad4ec3d64c3c1da8435e6cea2c3a46760bf4b,2
4b90997a3289d16f4287877560ba5e77524eb50783a904842ef39c2478edef2c,2
f8cb82de88181f28af9eae1c7ce0ae01aa0d70a43e774f2f637fdff04e45ef82,2
cb5ee71d41cc047f51114e8e88810dde3d53285c37fd2a218d18588366fa3be0,2
6504899a28a990919add5dfd6fab474bc72e5ea58eefb707553a28b585f26422,2
76232e26ea54f2e84e54f9b7f44d3b8545d903489883d07e70d0f9c89bb6e062,1
5d2da87e57eadd63c60210a074ab8e0c4b05db8dc21e9f6611086710239ceaf4,1
46b4a6ed0ed613e8c1c4e9a9155b5f272a6a9b2bf9559db4a9a3c4181ee26e8b,1
6377a16ec4f3163d7681d232edd9520cb34240355b76dc5774066b2abdddd155,1
0ebe105beb0259bd372259fcce08061fa611d9ef6feba60419aeb604aa7cd901,1
34eb5906d1bdb2cc780a3a15a904dca5cf1c4367996ff024620ee99c92ff193f,1
a6bf8bc8cb33d31e7a317fbc203a7bbec7594722a99335afac9d25e66303d88c,1
bf4dbfe38e70fedc252ad90a9877aaef504614202abffa8b081605ae5ab58772,1
aab07889f415dd5a0acd5c6b998273544953173267e78950bf6c663043486983,1
8599b9654fa130c04cf57616201a826bf7a80b3705ee796713c9689978107015,1
a112edacd6e53a0db2320bda9c0ee043b565a8659ae710119e8018be012e4210,1
430b6f75a476cb162bd6850b252b85bbcfc43e50339cfc03ae36254a54ead11a,1
f97f0ce75ffaf5a0f6ffb5fed0233a89d661e1151edb08df5e4c29f99b148e61,1
5e88ad3c5ea559adede45704337123464efeaef76a18ac28c1e27b76921c3df0,1
da09f64a46fd9235fc6331a5fc370b86cbfdf84315c7c628fa946587f0c303ee,1
8ded3f60dd5b02fb321af488ac87320a73705fb103afa437a895fb6ce04912e7,1
d4f5a1f90e2b1fd8601e4a5e9b2e12d6dd94dd2e36d984b520028f9648d0a259,1
e442203431ca98548b3cc0f31692d3e2b9ea55a0cb7682f1e13b9dc4381c630c,1
df195d8fafc5d1a1ac0ca7d80b729dc16a0374348b4ec82d7dd922cdb40fdc1c,1
0070b022738e895bc8ef22c444ffa636b233aac38496c82c0a2fac4f54c45cac,1
c953830169f71cae12f9a450268593281146c8dee6f3aac99e954c9773ec3200,1
4746b3d51f499471ee57abdba623bdb349d514332cbc57af66baae566e65e676,1
47cc5e9a4c8ea38eecdb4aedd96fb360b738fb9142dd673f7ee2fbc8f40af3ce,1
d21087d69096d054bb159260e7aadd82124539ae2b8a7a29c10f496ba19b328b,1
287853d532d3a8a8df8420b065b7eb56bf90a84597445183f770f67c922a2d40,1
dd6de22985a4dab5dec7ede4f78d508a07304f277a8ee688829760f0f885a990,1
5d7c484f7d11501c10a35d2e54585589891faa2ce3a6e5c80a2c76f063ff9cbd,1
e1eb86d0416a9bb248027c28c1936e49fe0f2f1702a081fa587c11973c839c47,1
be373fa2b58bcc7ebe6c78aa739ec9b41126804d9a45e568e9943ba9306ead0e,1
98d4eb7a2a28dc7aca716f105afe984dc12b39b111176c22d0b1cc24a0d9f732,1
2c70adde51ef5ddc516df58d7147bd7162a42261ffabad1bf6531495c2142d81,1
9295f71b06678546d6134bfd2639ae7e9b15bedfe998eed88892612b647ac092,1
9e995a432c77bd18259bee82e6ce0ec7b558e703a8ee25a395c6d20c87b900d8,1
41db21b492903b4c181391e189f89e86aa5641335de166bd62cc6284e4616273,1
4b9ef4cfa3495f7791f8f6fd6ce8f8137884b4797763549699f32a6c2702782a,1
9159d1f604026ff6da8c3bd6c5542e592ea62485f9de9206aa570bc24e282f4a,1
6ff6472ee4ea6eceadd4d119553f9d87bed59f8cd5c2fc8c18b32ebac77f87bb,1
c6d75f5a7412af3a94a2228be38ab7448315ae64bd4cba19c9b22c08447ebdd9,1
4d957f984865894114ec1d962042556808a3451609a88a8f6a4bb5a6b567fc2a,1
035593250cd67e62ede9381badb62ac313105615e7977093a407fba21ba0df7d,1
18651c3066f8904ec6c2e8797963f3206fc71d6586443a11d65609d430485ed5,1
bf5bba2fb7d948ff42bf6bcd21ce0253437ceea51b1ba7906daadbef552c039f,1
66020b4047f07b081a9466317191eb35ee226027850fa225d809dbde51cf2bba,1
9e408df0f0a13898c3330a3a01a24ed4c4294ee6aecbe7aacafb299f7af09c8e,1
3b1714cec70a0be40196c9a354292f6f6581d8712e7b8faa3abfaed4bea3832d,1
8a23c165dcd7e940d84564b0f2c840c045d9d01b2ee8d411516a517b33e07c8f,1
50501de233f5b2bf576ab71e790a0c14e5137c93e847e44b1478f2dc614ac291,1
66fedccf4d50c363071f05502d1886d49bb7323872075f84a0dc5bbd58e56460,1
f0d568c5052e9185c924273f6efa9fa68d15394ffa0b2b6373381013d8b9fd2a,1
86ef569a4181bc69d1c7972bf4ece9c25839955f8142b24bd79559e8c7e9f90f,1
af24f1f9a0dfc7038bcf778890bf21a6093c1c6baca03b162eb9722e574df86d,1
93d0b7548484514ffcb5eb7b0e8d5a1d18b584bb2aef608e6ff5308854beeca5,1
64fa70addd7438e41ce575370e0e5203aae12df749b09f9ce9d7ddc4656b6fc7,1
da86308ecfdc1f8b8691987f80d661a75fcbe303f29c47c69d124ffeab1f4842,1
b66e17c33178cc3c3e859f591e9993f24057389c7f8e94b3015132304c1ffecc,1
c7e99819dfd0816b6c06d53931f8f99143d4340252187ef854f304edb99991e7,1
866b2d5ce30f8387f34b3e61cf6def053ccd75e1b76560700c2c23746680a725,1
a99d1eeb76525a7038767d0e89b2c3c9d7106b3cabf363a5cd8404f9424846e2,1
2127ab073bcc71b1955efb6b7aa4757344d210cfa1e74b76e09d9e6452cae46f,1
54caedcae8250174bdb1dcca592046fc1a407015a70d462583b9599715f5459b,1
c0ba1f4adf72fe6edcba59503853988dda039c3a6248bc712a63deb46d6d90ed,1
2e5466042a0907f7b654501b90dfcdfe35e57d601d60407c5e310bafe3c6a852,1
e4ad590e19791a542571bd80d74c00e9971bc30f983082c71d747ba3ebb52727,1
95a049031f7087c8d6d03eaa7428d8cd9288efeac931c5510ba2b576b934b3a6,1
710b8e48dade5b4acee4ee0b52d7ce24ef4ce2b7177b8b1033562613a542d81b,1
c7804df8523e23f025ff1833cb77eb82664c1a35aca98ce004a7dd1ab24a1ee0,1
295572aab5c2897922be9f90f5274b6b67adb49036bdf3fd4ba825369690151e,1
aa1e37421970e3fa19a6bff9d4990ef629bf109ae48f9b5d0469683ed4c1f20f,1
0d886ba82eeee3b9347984d54e0b3061a9a6e9ad739c7e3e0e55703afe018ef7,1
b461cf51cb96f156bec43548561a46c932bcdad3104389f20d911bc04e51f20a,1
089e6a621a3a24f68fb12a64bec1fb13d47c7418a066af07fbe3a0c56778ff17,1
a3e5c973a8ba35bd823113d2c77c4d2ee3ab440589c4b023961162189aa0879a,1
5b3d28683e621b3c2137489cd13dc5871d8b5ec2c2b6832fe61b4f7c122b21e6,1
8344b6745f21a76c20f7b730165fea1e0151683f198d4dca5e16f3025d3abc81,1
c3cdbccd670ba041c821ad279d3b2b6b40ce3bb0b85d41633e57d96a69b54581,1
03c7ab228d70281ca113e38f342f53bcfc02058dafb7f9e003fab9faaeae2169,1
06cff05e7f349bdbbd0332616b1403d6d78094af05ce491bf8bf019bec411a01,1
2c20c9dbfe05b3fcc42254905f3e8ac36228847a4f2343207d8c0356bd0a29d9,1
faa132382756b528e747ef6243230388c5a85b235dc9d0f4e09bda11084bcdc7,1
df942e88aeb25d579448270f04cb1580aa0c5020b6c98d8505fc523482b7b248,1
5e0f6a5cb54a39d12f3782f17a40dcc0f80d233ab41eac26260cf56874d1dca2,1
6ca63daa0085ab20c4d4b7dc8d6fc825353e281a11af2df1e4d962e62865789f,1
2ad8e30cb6eb7b4bcd7987f3ac57d83948e0229a020fbcbab13d26aa551af187,1
ca875dfe781e42ea56c6f8a6aef9f092fdd81fd2c73f40cdb15a306f92fbb239,1
a1bf24651ee49c19876d38fe7440e7117299eacdbe4190f10cf2513e048d6763,1
d79bb8463a25776a16a1ff1e1cf8930f203aff3a74f786b4670b5126b116bafa,1
fc3e074b9a87c8ce21c263f4852c73b0d62e1c2a6e629e30f867c6af01700936,1
2273bfaf7533a3e4f8235ee5f65e1f70d662d9bda68d82d63860adf5f64294a3,1
afdd12f9b92ed38ee9019c4b17be7043ff6ca2968607fbd48f105381560d08fb,1
d3120e2176664f4e3302eba1cdefe343beb5f5b8092593be0a629cfaddffa165,1
c61982dfd1c8fe62fa0d8995f5bc9696a294c6b3369d9a7f36aa5d1bdd748963,1
95d5345ef903f3524557aa4a8eb243774fa9d2381b2c9c6d547a3f7222ac5ba2,1
304f424011355784ee046e7ea19e14776760af65fb430515399d12944c26441b,1
1861836d42847b74acf95cebb30747e0ab68ef39ad4ad5d6ae3d28c460008fca,1
2d844f8ae9fe772a630f4ee20990998048a362ccb527857c55eff3cbe5893e50,1
876efd1953aaf74edb35b5bd047cec284dbf492e78fb11ea7aa4ec93bb7dd228,1
660580fc756d2ac507013038b3791f2f6fc65ca445771ca8423834030ddc5b4e,1
39a506e9d81a89a771675e0aad57ac207682c55313384b30696bb7f813e9a096,1
de84c87b8a743172dac0c3909acdc6ddd0802597c5037dad93926be2f08ff22c,1
86274d43b5d3ca2e11bbed0446a83e33b1d16702317fea96b97204702e3b8977,1
7e4bcc1150814cb4c74c756f049220b5af208fea19e15c618e2322f5f0450b34,1
fc38654b7270a99680922c477ddfe50167cb9f8f1da9de8d5202feccb68325e4,1
ab3e314427758c617f93ffd27a76f31f55a86a29650091050a154427126f07b0,1
bb165fe7afcc5232d9ebb3058488a2cf2c9e78512abfd53be7965cc32d367faa,1
1580e64ce89beb9fefd1815b8b6ca8d6f144841dcae34f919236e6d5c8bae702,1
5c126b18a07f13c14b1c13149b6b37dc544d32b0c371220135cb3e2df65def8b,1
77f51bc4f767af54ca4b639b6ed52d76e411d72561291845f12897d733dc3146,1
aa201cc2905a49e7baf34ced2196d445fcba32c71a3bf53a72bcc966baa845a4,1
cda011d5a3e0e7d80b52278ca9202ed7deace7d73e7788be9fe0d7fbfe6f76a0,1
e1809c9a82de65b789157e247626b07a4ee6c55689f9476f9eb20203e2f18db5,1
e1d8a4b227093b7f1d1a6aef840d3ec86e7558585e6ac7626f0823c1df730bbb,1
33848380366e439d45286d5af0ff374825d2b2a8726680e5baa744cf6ea19b3f,1
f6f0852e453b17db7d676e936ddc84b0459130660b1081ff4d714db733a6893d,1
ec6cfb63919b2a8839a738abe79ce2e6f650d9cc272d157127e7811605e9884a,1
bd8fd9fd1870d14c770dc84eb4ec9fe394b53034909af4d92bc1724e3c0c6d8b,1
41813e34db68b3523c41f473ee0054167c7742f69186b0eecb6dc55c3d505e8f,1
3ed556b8611597ecaedb044f68a1a03e0e12a3a35b1307fabb73231a9af74c7e,1
d0adc05bc604a0ed39dc1beb5c649989963fdec8e6e53e23bcf33271e499087a,1
7833fdca4f6fd3d9b111ef86a662de0586bea6ebf3252c0820a933f477fd00a8,1
8729202435774da9a232a208b363998ccb654c641191f9d5d2e0a09e7684ae13,1
a87274d048b66d7952f394255b42aef61d52452e3773d134bc116ae36733ddc4,1
e5db6ae62ec157e19bd3152f37286c4badaf0d6ef53298434111161e6b951b8f,1
b3ff5610e7178075a9214a462c531549b94df97bb6ed525bf50efa23c8a0396e,1
385f3d1139c839309139aed6c8d3bcdf85b6639d185394b0d6d203aae44abf84,1
e231d2ef3b6db22e8b2574ada722a189585d8276b2e7769f736d491b946c039d,1
41ad28bb25b55964da4d007f197488621dd7815a9153a1f20f38d14360518d61,1
9363955f99d99567f0f163f80b0b1d83437f553135da74e8dc6900f698ad01b8,1
c08f0728e02715e3e9b8ac6c818956d130b6fe3407e8d2b3d0651582e602f409,1
8f50d6fdba01c9739bd9c18bcd1f7259279a6f25ab6c6d6c01bdc0479c4fce29,1
e799fa2df7c0c7868d46b73b369ea083e858d5ab26cacebc14123c1a5fd1c638,1
2b9440bbe527c2162cec76748d48b4061696a08952e4f543f5e4a3c3121e44ce,1
c15da14908e2efd85d955374db3e088e6e4cc512a51849d8b66750950a517cb6,1
967e104b9817424df105b300bd6084faad89ce5fa805dbbd1ff41bb935df45ad,1
4c7c84b32510ee0cab0dfcb98115fa1e0ca1e19451c857a19653d898f9f53c1a,1
be6d8d8ef006fcc841d6ae53578ca2d793a7b372616f69d11a19cc29831b57d6,1
f100e02cc666c72ee8636966965f5ded89f7b6eb5bd7c24192c45b5a4f772371,1
1ae8aa66f919062c3baa6f20ba410b138f56511ee5a3a6fc65d65a1f97950e13,1
acdcf458d6d3949c7c639b063d94988525b75c142c03f51566a63dc23f174ce1,1
e0b1b093b0c8547637aeb80a6ee8513ade6803c80cd197c9b645db459819e875,1
169b88814f7488717789c76e2613dc17280900a005eadc1284e571d7f482bda4,1
1a4366af562f20b065ed99fab26c4a509efef92c978bf2e52db2b80c925f1164,1
92135f23ae4e540dbef4c171ce8c69bd989d131476236c3d965ad14f7a363ac8,1
391a2fcf92d5cf6250e3a7515fdba7ce45571e5495fb94cae0146cc752438472,1
44fb57cf3b2109b32bc7f4cef3cd990a3de27838105c06389fb95bc61beb9aea,1
f944ffcd3b680af139a446c2f88e74ee23d63c2f33f04ab4b896c9a72e396429,1
5c130453001fdd284a49310eefe45b4e918fd9a6b61635542e9f3d4680680d86,1
6d5c28d60404afdb27f5e329f2b0ebc9b4bd40cd67b0f77044dfc6e97946ff21,1
1b94ab126c3f1c364c131b2510f4f6f48ded4106a76319266b6171d1a103105f,1
765585f393cf9eb0f04335aaa210e5fefa9d6c4a01ab8fae2ac199e150b3b9fe,1
93ad10b56513d32824bc7dd248b0b4bab507f0fbbc439b635f0899206e48a7bf,1
35966f5ad6a5940d32cae00e469d91065f6eb9c4ea8a9f4036e21acead171746,1
823c64f93fe6fc583add0f56cd075063d15594ee5384a9d34859d65db9cc2fc6,1
405f61b5c28103cbe04d91daba1345e0f52b5fa96f53350c8afebb35a9b9e80d,1
75be127321e2fa48509cc88289052e767cadc9e0a537053151961895a6b0c70d,1
d8e60e82347a674f80510c111114555d232e0440afdddad9f09e739ba2614296,1
dcae03b4f3a41b3081665e918d5c5a13e325ce27993a7584994d5a3c2fdfaae0,1
db6c3608c95ea9bb9c76b62284705c8f8eec0176f3e16a5bc20c27f8c0f433cb,1
bfce4420aeb0377f41c3e35ec2630e8bf48ea4f8f6d1be2fd124d6c4ef9fc83f,1
5736d85b5a5ba11b707c2a537b40d7d79d8cc213b5c1e35cf974fe90cb25f9ab,1
3871d73a037f648d8abf22e60719e6c2cfd87f127a815c54e1b1a589c3c7516a,1
8cb45df40b2b7a639a7ab3a2614bd1d6f9777a2867d99a8fbdd77f46f60ec1e4,1
8e8d7669cafb2ab5a9bbaefa133536b0c09c4c092477b5f37f15d562d3714ad2,1
6f09edfb9236d416bfbe41e0fe00e134aa0f5efef1b367c37bd6ce455e605a3e,1
d6f0d859f65a2a1f37c75954611a7bfab13634e1af1083a176491d5855c36974,1
12fa6b699b95c0a0997c7c00d0e677514d57f7d4dafd98045d95c723c088ea4f,1
d63d1bd0870fd9046422b75a69e52a13f807845a9e4ca86b6e03d89d415c9439,1
b6975fd5d6e3354404f4f98cb895f3117f2a6827929ca0e5764c14d7d256b4e4,1
3b80bac94d2fd53ea855ba04ad8a912d04df341a0e15a20edcabd70d232bafb5,1
a0892fce16a4f47f72ec1a37c88af0c4bcfd51dfdf4153b0b9550fa75803346a,1
557856c08d4cc075165236bf7f8eccafcf52d3a7c23480a23d35a36286ae37ee,1
7fa62f0f1dab5cc36c1cdc408b77c7b35125868bcdc641e21974c3bd2b1dddd5,1
0bfd51046e2b3430feb98f5fcc17fb3714579d274e12e20bfa74733cf1c236a2,1
b08847cf0e442b76082cb4771dfd7553582aeb4a41b9252579a7f0a47d27c9da,1
270819b7319dc01911a851b9c52d2c01c2f2349872e470a6609094c2282e616f,1
8da2fdbff2367803ff181139d6d893dad7b667c6095a70ce367315c86036c396,1
50ec18c529536b6908c7d7b6a37e62c9f5a7ad22c1c84475dcd0eacdd328f237,1
ad8ae7bbf21bca2e6e897ba759f81bb0f3cf61bbec3bc083a3714d21a397fabf,1
94da0155a354d06824105718dd2a3f4e684392e8f51e7449ad82bb577434218a,1
6ef286effe13696a1490cfe7a338838f27eb2d7ba6b6b1b3ad76542304815ec0,1
1221bc3d692542d42905d04f55b5bec22bbbbf2ead5119d25d9259170d26f971,1
118e6339e7ffcfdc6f4ea353a944f47ec09eb1676980476832cc4a199fa54559,1
bf20d41537e1fc1e7bde8d81747fe4154656ac4c6e4e2819289c2772420e1d25,1
0bd4eecba659e297a06750f92c2a77eced64bff824d3cb45f297a6027a49db0d,1
bbedcff044f1f360cb6b1aec51ffde8414befd57751f2282c3b4803acae946b8,1
3b604ce3cc549719d615ebd123e682872beeb0f6cc6fe3ad567871ea74712dbd,1
50288579c281367ad811c6502d7137e182aa5b5fe55d19bdd71bec2b9d0709fc,1
1aa5431fc1d1a625a0280a27237200567d9218095bfb01310a4f9d1ba9803080,1
6ef3f1e43ed23e73ff08722ff10cbd685463aa5f0548bc0e0123bad6fc679834,1
414939d6d782d407abfcd6ab2bab2e6cbd4b2378d047aa11c0c121abb069dcda,1
104cd701fb524b554a8edc02695121e81a2983203831b506c2076e7d7637e85f,1
e8a41162af462aca0dda4de81620bec2f358f3b155340b70ed8634232211486d,1
0040eb1ed1f487bc1a317a5d87f9493bbf1ccc833603da938c306145d98d9757,1
06df1c1e83f553086bb4d3346684979d8b8a3a2b4acaa0dc856e7e98fcffec79,1
067ffdf169ff08aeb7dfe67b9340547f6f87d759f6671fb13200fab81ea15223,1
0bd5b9237fd984443e6dedfda6f217d88a8071952db4abce4cf3b740055485ee,1
43db6ab14265f43c621c15bd25319a4a89a5519bc3c207a9f320d642ca636ad4,1
72db327146f4142dda0857df79198585b3ea77be40a73bf44aa0b080c0138891,1
10fec8c64611d2168463251048381bd168c354a46d02cedd1f71d3d5bb469c27,1
3e7d24a7fd669792c721a778a2c8555bce665acd2e9c53d47ab220ea99644dca,1
e2277c6acfb306390b83d095de088001bf3ed6983c0ebbc6f08cfbab640e7873,1
1d507b4344ef8b1f6438f1abbb5964c11ce8365493211eb76b58bd45693763c0,1
3797671d29a83aefebf0adb2c3da0feab60b20dce1374ff9c31e99d0d43b15ba,1
ead3bebdf865106352829a3bb73fb51fa6e4b791938a88727d79baa965dd4870,1
957e745710deb2ac5398fed012ae72eea839a24b0b04a3c4ebfbb10b64209ce2,1
82903d26d5843cc689a549e77382887383adbf25e1aeb2c53bd310943819799b,1
aded72855347758fa7db297682308f93df22f2044803431556125c223625344e,1
af7817f7097a70ecccf420f91bd1c2228dd6a83d8814ffbfb22778c39788e659,1
4274dbd45f4cd75f240e0fff1783ecd30f6ab0c5a1e9f3bd7eda72cf1c3c3cf0,1
8a266bf9ae254196896dd608cb5fa0211189c8a45b024f16a09842af44512f1d,1
55f0e008c92a8ab9406e4f4843b1d999360739e04e8f2b08a545a3344029e6b8,1
8dee30bd7fbeaea26a740805544120813f147d99af9aa92d210dabfb671b66ce,1
31611015912d9786dc064a7b96cb5685f6b3fe7e19716fcd4b9ab4b184aa5f16,1
655776ea0851cfaa587cfac7fffc3918c1d0d750c0465f87e6579cd12c615e13,1
f3db9822efb1b23060d52a80be553e905c37e2a9734ac9bc4034a36006f844e3,1
4be4d43674a91c41c97b53d9381fbfa4b7b537b611476333da51265a34ca89d2,1
0cb3248009e1bf08f8f3adf975f699798270d93842fa1059721f65324eb0594d,1
3d0d2f743ec299643a88dc92abfe8482e73e9420f7c58c1d071330e83196d80c,1
6e4a9d43f4cb9e56da440b1f3a7c92c1e523a334f4aa547e6927816e2686ddac,1
cba142763005c86248868fae4d78b100e4b7e54ef371d20c3c8acd6f681a2370,1
422f0870f2d074133ee9c0ed439a9c55e9ac1986ab2c2fd96418d094bf6382f2,1
fadca87e7a5b5de5164aa06ec39ad82e60ebe86ce9aec4f004a0455f26b91ea5,1
d8f3c3816e39678e89f1fae67eb5531398db0912ee00da033b8312bc636a6850,1
51d4bd6cdfebe4222e9bd9936ecebfa1ecbfc4049b86acf85296ab247676f212,1
8d9739c817e5b85a77c8ad621c6c1c31b2727b20a38c932bafe3350b7b8414e3,1
7f23c9bf71df3f80116be744b8bfd6a940dad65f343e132e0b9773e4c5ead23e,1
84146b64cea3f9e6face24fab188843bdcbb6b4aa384e25d5b4fa1cb9e461dec,1
172a9974c35b59d241459c6ec315b5bf06b6d633d3c3d91d9555d1eb56af8ee9,1
7cbc877e6fe6d60d9c6a23e17e4809206ce4b001d93d6c4f1f2d0607f6eafe83,1
7a037c81250275657c48c65ed46a86594a6032c6decc0ef471f87f0c58716d11,1
2ce22b5a0c532f6bb46a2b313f690ff270acb0c12818a15957aa8e09ceca9702,1
210ea29311a1514f5d6dc52e4f715b0df69740a4c1265d95be244b95e99e13bc,1
8d6634f3652a984a853e4bedc352b39df6c08fac920b601b3cb78d61925956e2,1
6b89f8483d58ebff24f21e871d07e84151783a6731bbd84f37dcc10e1447c325,1
6698a542268ad5a0df73559629ff4bf61905d77319f1df4f083413eee9ee834a,1
c36d4877646cff46722f90de3cd5b54739c2f4464d91a74a93a22e38bcd7a884,1
43daa0b2a15bff2badb75d388d711727091cb3e01a5c6c106daeaabc3d29dff3,1
1be087dd10148cd95c378c12187ef5ee6d3534d9811e8e67139528a4d8001927,1
a95bc6df3902ea0474661df20515d9a390c582af4b6a738f4f1568be3e1a574c,1
958479e7d2baa2141ac971d027595013637cc19597b575168e0a33c079375cfc,1
8a6a227f0b4da0dc67e95f6966451220d25c7747edc45b359b77655f5728a08e,1
2b3cdb32c9898035018231f7ae2c93986a5ed8ac39be629476249206abda4285,1
b227328ab17959adced4b8623700936b5f038b6085fd7f4f6f38246e1aacf109,1
7e38f597addb2818c0065a09d7d31657aa4831bd385955bac9e53331083a93f0,1
9b2ff3ced27f3c44d56539f218f87263728a20e2af6b8ebdb7657bb707b6dc75,1
a34b09cc2f16f6d3240b735ad1638285db0d5fe4313589a898afab3e91506509,1
38cea873ad2e188d187400827ba373357d842226689a1c429ec96f8ac116425d,1
05a0202cc74615ba422a1dfa30993c7ad554dddc9356e15f665bbd35c197e914,1
0212e625ffb42012d058aee06a412fbc6d7db433cc4da63f25629ae5b2aa4973,1
a2e59f14349193649115dcc7abe37711e6667dc83d6cbaad0598ff7cdd014991,1
690aaffa950e1cf83e3526d821c22b778d7c7eda045897feb478cd02d96c6eb3,1
612f77eee63489a89e513ead84b1989bf4456c270d8509e78bde8b9c468d9c8b,1
279401af18502447792d20f97b92b909d89a43442d286784f65c8a9c077bf860,1
904c90c1575cc8529cd5de2aa84e004f2e220bd17037f867ab43cfe6a7d495b7,1
7f72afe272a10d27d9c5af0024e72c0adcfc6c061eeb0b1ca8806ac9e9e28493,1
de7c7b49d48a882b17395b226dcc33f729fc2e965e29acd6fd847b8d541f6b72,1
915c172464d8e069b5390c9496a1356bdab9bad1f3c208653da351163dc25609,1
cb8fecafcaa1364b3a234c0a6d58cdb384ca0e0198939b68eb6b7894d59543de,1
56177596458e3c19d381e06656a860db174fc8267e71441ec6ed6c2c46828fa5,1
53b781e06515b629c5de672538b43c334853c59744ab1a56ed01a414dceef83c,1
8a6cf7343d44cf3d68ab71faf3b33e79768452aade6d83eb5d69f27364f14043,1
dbd05097f1569d7822b613186a9897a9e76e5984a9674cadc61d8be19a9af122,1
444ae4f5328f1391ab6938040b0320103519eb72eeff7207bfba3a92c5ac3f9d,1
43ec38afcd3aae1d4f13d1a58fdf4caadf93223c5828b715f62480651063068f,1
2b5f9ad757834519872f74a52a015b6983fbb7ffd14f87a929dcab2795e90638,1
4fff5543cd4a5a0c3429340fc140cfd5cb82b39ebce385ec5473ff6a8c6b8aeb,1
01182a1f6997979d61eb1469b2b8646ed173c38865221f4ad4e5db016155776e,1
a8d2c2e41154674229be4523dad18ccd4d9018f07323a700710af4bfe9a99639,1
8b527bf47bc2f3f240a276f710839dd781869a8549a02e27ff1f13ad54d39499,1
06cc217c64a453fd6f3c3a8713c385c41ecc2b0ca2f20080c5ff1d6e2b8e90b1,1
93a4a14f126d6991220c3a108df2b03680a2d5b9a2e78211f58b7edff9d0f5e2,1
f2cf2e81d91cd30335aee45a5ccf26c656e499b26e604d86f34521e089803045,1
4763ee5ae8d6acead07c69961a93b1246eafe7d2623717526df18e8f16f4aedc,1
b28ab3a3fa4eb71186655fb2ab989ca3e4ffd6fd405d367db928c7124f585fa0,1
c56b5740693dd951a4b192617e0c8e60e758f2d03abf1b81c57fd15e73dc7c77,1
db10d0b94bba902a985d026d6b0fc9ef3ea163c88661ad2f24a954fce949ff92,1
c64845a8cf47691ed0444243c3a0ef2a416b50edaa449c300219dbcb59a2835e,1
958244c95ab69828a4a77df4d4cdfc5e2e5d6556059a7d4beafe46941f3d8bc7,1
04732cbb9d8719c6a5958cf9f290e3971a298227266084ce9d6e63e6ae80d0c5,1
fa0fa62f0a6eae1c6180c63481b1a46164685e5a1dfc5158baac715f124d2f1a,1
3906ea97e0fb82bbd3f2ea1501b0f57f276f83355bb04fdf25caff6d2a812420,1
0ac30a7fee4a51b1982c0813ac5b6720e323de343e873c8888f0fa1b4580cc77,1
f444b8ed036d26964c2b1dfac13b659047948638d17c22184061ca48bca8cdb3,1
3160561d94a86e8452d2c97576be01477f47184cf596e79c7dc04807bd5c67e7,1
424549a8385f2051fe5f0fda75ae28146700575136ef3a1c0f859fc58629275d,1
766992b8d912526195645130cd2d518c08a98fbe1883f279aa4a0f2fb9a01bd1,1
d081776464ca191fe5d4bb534f341131f30d9b8f5dc1874f10f57e9121816aa9,1
b13fec681f5d43f4c1789b45e84ab929f61c08bdd3f2958ccb5b27e0f5388d5d,1
cecad6fb43dc64b8611ca001972f72302172e3f7e5f048e8ee599caf34cd7197,1
c5d4553c8d317f6581d408906564ba38f94f824a37a7c162fa8bfb853236b9a8,1
96a46c67f7f198daf156ccbb59006735160e49fe3c7133fa6fec3b031918b37f,1
3aa97d08b846ff87301d0098e81dfedf43096cf8829ce592547f8169d2ba68c6,1
39f0f11c709a7ee8f0a3cdee4e851c0b944c5a6d45a5ee094cc7f9991e43da97,1
cab48a2821ae4948287b62a35defc5650479fc4b44209a85b2310005f877851d,1
27eb1ac29d7fe44e2249c7b304e9a88bc56c82254db7b9bd5a7ff145bb73b764,1
7560f3d6ac2e56ee6746d3b2f5e0ba5d765f58b6a6ddf56ef4ef09d608693864,1
f2339d46a2fb0564aec991c3261277e5f60a034c2c142dc3ff0e68f816bc39a1,1
ede70d08487c960de57af9a75edfc8a60292b3b25277df389e59aea118bfd582,1
57c38cfd0301252459685b4fa3d4d76fb034ab418952d6270e7dc5ed13235e46,1
e505b78457f009612b8ccede1b3b464bfe1956e0934634fdfca93f9d54372e04,1
93cbf40f8b384f234807f24bd69adaa0f0034bde38f0afde4d0e8cf1ebc71493,1
a1359968165e4d16fb6a7b91303102d4d6d91924a8431b20083cb3214831bb0a,1
880794fa66864ab70339f051fb1f0e4cf46ee8dba2bbdbf9509728642d26949b,1
e6769f34bc21fc91c17107275a874c79254cace6fbc63b0998b645b11b32f802,1
a0523c13f6c16af68956a9f22526e53a7b0e8bc4a361916c8c8de6d475850ecb,1
c454e5ec3b0657397d217c73b6434c2a34d39ec96d48abf3d5c821c43905b2dc,1
f99b61b52644dc8e393654dfc1a77ce1ab271b194b29e766eb4e5bbcedd25a06,1
5b8a5e6075c37e1d3a13a9a5a8ef63851e1483788c8c75f998ea36d4160aaeb4,1
ea098da211319e05916158e696396c25281ba5de4504012b2ed6db956634fb04,1
a27aa895591c34b192a4e4571cae34157ecde3a2e988f70a82a647822ac92757,1
dbba80d3deccef8f600ece49310f357cd10643a92e03954c1fc1baa680d6029b,1
44ce49303fd8245570b1f7c4bef37adfe791e05af7b976658b5f263eaf1235d2,1
dbc83061aaac805eabe9f528408ad089effcc288b985ed5efd7610e4aae4cba5,1
2dfd4ac1d526c7fe31a725103ce8e9aa0923e0c15836c6cb8e1197220eef6adf,1
2fc480f956472afb8dff340fb66cc64f7d5d742f597ecab81fcf4e3d54bdf690,1
1ea8986af6627005030dac627dfffd6cc24cc7bd6a54c03636da3a0607da46a8,1
bbc9e7c34617bea0f07d5bdae5ab6468ab4ca7309868cafb345e9a63c271dab7,1
0c0b520170ec9da940e9b1a436818e46e0ecc1015b8ad238fbcc1c645cf01acd,1
f77406bf2a3fd38ced60a84e36c1ddd6ffdc63678e2d59b75fcc818ced46776b,1
99eb89bb069cf7253c1732af4a73303d1ee730aa97465e98480f9690471f5437,1
35d380bac66043a561bc053981060e8bccd71716f23d7060f87c81832c9baa1d,1
07598429997da8df42b157a14563abb8f5e2671327f177b883e56f65bc2b4629,1
4c3dc8f518178a22f836d8027e3ba48fadb0d2ddf2f2be23004fb39f964098f2,1
55ae5b112d17d4af2bbbf4a3c4717aac30b200ec1b8277ff78232a4587aa81b7,1
a4e6e17c68aa5ef94dd6d55e28c2561c10c6163d1e20d545e85f470d487f17e2,1
eaae5ad3899d59a39cb2c06d23f096039a95179eaff73986d8c506235556282d,1
3c1a962f1be248b9b927eaed88eedd8d62623e31d908d0b092e9d1e7372a4c2a,1
aa59ac4db52cc01e42e9635174f15f68091aa88e8f8050752542742460ab5ee3,1
ad17bb7c88dc8b2d6392878a9e4b08dbe7fcd7eaa7dd8950df65905de2c11d9c,1
0e30a28181df9134dc21ee879875c9953dfb335a1020246ead4652584f160d05,1
1519491191f1d66d1eb6308293271ca87b9515c018e3ef032f68155b82a3fffb,1
b779c0db6142ffb55a84e0e06f4fd0764f832d2be9eb462ce7e4b5a5fece2ef2,1
1cdb83f0001ffcd364d9e456487180c8d9ef55340b931fc4c7d995ca1f467047,1
e5ae8b0e61b4effc83afb525682d2702d7a2d9815fa5d8b0d1763801cbdc9322,1
710218aa5038b1d95db34a1d14ccff816f39ab6fae9b9168f0d70481014e3379,1
14f41966d55f3991b3865f3c2a70bdf8eb746265d5f2ae28d7cb9158b2b981c4,1
7227b9bf6cbfd98978e792b5b9f585ebd3d0ccc88415d3065c47aef896f7ba63,1
e51a55535a7409230ae26351b9d49aeb8ec831c283ddd6a5558180f495b4f86a,1
c0e3206b28c2e25d9f38a2ffaf2af97d7a85e005a73cca6639c26cfb7ea62f3e,1
8015cc51289499a88f68a2c3817ffbc642ef5cba6aad313f53c91b45bccebbcd,1
0b1bd9bc3bd42beefd129a499437b0471cd2a66ffc48391894e92fc940125079,1
075fb192dcf5c9f0ab664d3349165c304e6e7142d4e0f2b9dd51c86599d1ebb5,1
ec2a454c99d04702b9758cb94fef5f2229c8a5a0eee3f14e0bf6343b83771d2b,1
680ff2676c0060efcc4dc0ae52152f2ff4a109da798d8a24e1fdeff1b026121c,1
915808d9cd29940e4b0afd4ce76464e13acd1d539c97af90f1e19803e1730389,1
802d5892c12fa3baf41c2f9fed275e5ee638aa8a2367beb136b101e345a4ffcc,1
065b693cfc8eae944453361629f9140643e33ab6ab7b35c6fde8c5a8dce282d3,1
d4f899b3b25410e2bfbdd975d8b4559f71e59ec7212e2319ad59b1499ef67826,1
ee1c5d5ba95841706bfb23e66ffe111ce8805c1df1326aad0827ffc2709d8669,1
c916843e6689a7ce1b1cdb6230a22a12c657096282b7d589403c8bb4222aff24,1
d9fc1f2ce2969b2cedf3688ac1dd6c896359bb42ed6801573a21922f944719b7,1
f3320c83a4f36430c2b5a1675c179903bca0b8076a1cbcec26ecdb369a21a954,1
a34b3a6703a7ee9b4c588ef135355704bc64df44f5c6c3ac1d3197064ccb5d45,1
b88541b553873392d28d983879967f68d6201d9909801bb5cb6c17cbb68073d2,1
a01deaa3523e32bcbb00611dc2d0ac4535deadd09b28410faf6c78ab3c406f45,1
d874943d237a6395c1f3a4072017fc7bd0cca9e61c57713803bcbb1e86ae8a8e,1
584aab26823d45ea112cf0dc1c18169ea034628abb88b01b5965577d854e7a4e,1
9688f844e3219626c86879c519aa8f5ddb7448431d3eaa025ebfbb247d06ae7d,1
f38bbf763aa5fb8b6353f59768cd9311083acde8de9a34f35d7161ec20b25064,1
b55292402a6423086606f3a68f4ffc23c92f79347a3ef28c1c8adb146cf286ce,1
405b7d6c88c98d8aa64c44f7abfac9853408393485ded4c837a949e4a9931907,1
e21616f41b26d0b54ce6dd54773c6f1265f9c84a2b2852bd351a1b7ff6c889d4,1
a01da63ecf767c5957b865e9feada8ed1499f138bd0e900d9102e9831d61ca7f,1
162fb77ef913a1ade80f92bd88ca23fc0fe4bebb941fc0ed8dfdd2d41b32ff63,1
8c05c670340e1cad88414d0a76c8be9b9e5ae58b5bed03382d61a5c4e7c8f571,1
da5677b40aa6ae2549a91f2f5702b19ac68b690f73a86a206df8ee183bda0f68,1
66d2f9946b4abd064fe49abc37ac1ac4f87613d7fb4bf99a18864ebdd2bfe85f,1
ee9ad16b50a0e8c893e820cff92e8403ea866b91edf0ac3333727f3ef961a3e5,1
2fa57eff28ccf1896c66978fcf2a20ba9464131d13be90c289980fd81d31595a,1
168b74f6f580993a722d28259f35af7a1ca0b1f05fc67834a7b1f2ffa04239c5,1
25b567c5988fff6a269e2ec1a5a795fa9f0047980cc527e88fb9b5d71d30c13b,1
483d2f6c2a5daf017e6a214451fb3cbb09878d1dcd48bcbf20aa4a89b7eedfb0,1
07cee76fc2562aaf22fa4adad3d2f2437ea3742faf695dd416286726f81d6a1a,1
8fa5988765a949074f5451953c617a80f2ea05d35cc9049f6bb4c9f58ae4b17b,1
f47c18699ecde6a69c11ea6e108114f223e412c821670d8faf6f1e141b159125,1
4903cdc51554f26de69c26b5ee28d84d022adfacaca0bbe79b67cb476164cc57,1
e5e93dac7de222c7456d9a9dafcb666c30d29400fefdc7ff929e915b658c92cc,1
55c6a31e4ec7316b9e9805a0d405be08a29811e6201a6e864d30ae696bda31a0,1
f2b6ae62716ea5f7e3c2f990245963abc6445997f173846bb634aeb1c9adfb9e,1
8a06f7908e777b4b0da16f98321f135e55e2e7c0aecdf7e0247e5d7f0e71141a,1
7ee54681d8d75467baf37a00167f8609898fece1b32e40cf283fd47fcc03b7fb,1
95fd0a6a3ebd7e64954e8377217f6ab3cfca47ba91021816b0faa8cfa82ed1b0,1
cda6585092cb42ba9fb1e60eeeac75cc9a4b9906e5fa96a1c87041478b9e6625,1
56d7a500ad99a86001053380e7076fde0224f362052a4dfaf6a1e7357f686f8d,1
916261717fe74b3d3fa74f8380217f41abbb09f47e21b50526121a2db210ba09,1
ff5e35a2b6d845a4df1de1fb1ea2fd8f6cc86d0b8292e8cb47432c64969acd2d,1
46cd7cfe7d5db5598329d2dada041b800f35688b3a4187707f5ca563426200dc,1
8ecbda4dc40d9c3071490982e376bcaf9d66645bece41a3b8f1e970119adb5d3,1
8b7ab6553d07ba4de0aa6765cc933eba40fa2fb1cb44d09581334d80bcf9f0bd,1
9cd26198d8b70a830d4500dfdffe6939f40da28c106d1c6f33c32048d47883eb,1
00d2bae958d4fbfa4b8675115ec27fafd9121570e6cada66bb6ad429c7717c1e,1
42cc46c908b66d555c4e88f26b7fc0b6bfa5cdca7700df4a224d50406b1047a2,1
600f9bfb977ab81573515b68d2a2552ad7718936472921638070ec7069c6e308,1
bf7124d42b870fb37d2fdb5a7d3fc31acbcedd4af8b6497d866933a05b1037db,1
5348dee578c4ea2ac131d8c78f88b6895925c6d13cbc1b059a041261db793514,1
d293804737a01022a4bc930cf0deea3c17032b374e99834c26e759078ad8f4ff,1
62a82bd0e597c12ca8bc1bba40d0e6b37463b84c54fa8a646dc88665c4c58ad9,1
93ad0635c9f5a2a43b64a8d216211a4037d27beda78039bf3e23a69409848142,1
ad953fc466796649a4a47f10899c681dcff2626cd12e66d5e4831949a9008242,1
d352413e7605b9d72f6f85645455a5c6ccd4af554d34c05be252fe538d53a8cb,1
bac5e0a2ff685d4da7d6433ab916d40be6bb9c051e2a9292ecb673f384a9599d,1
8672fe5fa09e09b236825f706f605e59592ff47493388bebd744325857675250,1
50b64a35ea5301305a5eb04f60acf53dfd49fab6ac1091707e21816a41f4c9ad,1
a7cc11ee75833417b646c70813e24dd1e6fe7fc7529294dc47f906659bc4caaf,1
243d9b48ee040f135ae87e102555d87ffd47fe119cfc5a1d5fe5498139635a4c,1
eb24814becf27bc9634ac80d7f2c7ba249295a83618e448f6c7fdd956d5b5171,1
250533dd6096edffa548f588a6bfe62284e7fbf4381d140186e34d3019df0f26,1
4ce23fcd613b0accf493b19c0fe2543faa9f07f8cc488dd41164f740cd3ff1cd,1
de0162d3089c97662592a5e73bd9577e4305dab5d20d48011d604094c2630da0,1
410ea8183541bce184f6da1088f1eafa557bd9a5c91b03fe82ac24d79c027b1f,1
3fd7bca50f9df7a1c6da6530971f9925d0d16702429f761fe65a7fa54dc16062,1
216a14ec1bc2de7cd9ad2c955278c4273b1743e4c7e2d0e38c35711ea6406cc0,1
d4f66c9ddadb837a8b7d0056ed5c7b7eec0c415e7db9b9512e66e4efadef331e,1
c3ef0d796369421c6b1adc35ab3d1894de1ee888ce1e9e05a2d1a48db90a0408,1
f28987b3c0cee80bfc5d1353e0b53f9d84fe93544559dd12c380b03ab4bf4f00,1
06c3f661077f25badee63b0583f8fda4c6aa97268c17d61cc6c0071e539f115e,1
511804c12031c128772c60501ba222d7dcc4ad5738bd2d2934cd6bed780a2c14,1
ad192df2ba89aa4c1019ce248424d14c45f2c9e1dbc83f758f503579dafbf3b4,1
d4ca794ef80c38105881881412cd46c353b020e10deb401b2e19c370053a7088,1
00a69386053c24f17794f8fdc9bf5f21ab4cd7fdead4e785a5bccba8995b4607,1
c423babbe2c29ff637980a6306d8b5f20361fabcaaa3e33574fb5910a0f079af,1
b8890d50b750156ba4fb4d2e959e5ff5117654bd11cc49307d1e7d359fbba7af,1
259515bd5c7d339fde2d8c303dcb8526d0a8817e044034e9c590fb97c0d4315c,1
1071538df501bc3537d026f1c1111978b24bdac0d9482e032db6d3d2061861f0,1
618d8a86e86f7e9c2a4c0c4ea8bd23321febffc715cce76ddfe0cea9cc89258e,1
3829de417c6d2a396e3a537fcb92d1289d1e306636c24a1bfd70068518fb1990,1
0d73a224c361c2d86c717bb4d326daadcc92da922c0b0bbe024f81448e161b65,1
b7c98fa6c21183d13ad58fb560d0d313ed90d2b63fd45261f91a9700200d8937,1
427ab790fe20396ddd9aa17bec35978ca7bc40a5e917680ae008252ea52450f7,1
9b39be2a99bedcbc06527102e19be5ffc081869cb1d04e863b6dd9b7903ee197,1
dab07b355a5dd13141b6a7d1dadb7fa99b6434259cc2b8c8af89072916c0dc82,1
eeff088d70b80a7953edc023ccf6b79e2ce60ebb2742adedf771815f3be8e388,1
60d09484e9379e60c5c561f3e19b71759652c92d5a91ffed25e6d03f995c6ddb,1
882500679cc0e568033fa8b5dfdf9f0c3e6e9d3ece860ab583832f09a7fbb8ea,1
a01abad13cbd55ecc667b12107f14da94139105fcf5be4fb97109cc8f9da5773,1
73d1a8a343875e039cf09fa6aaf4988a47d1a26160bb89d01428ee085e4b6758,1
16137b4b3b1fe4b244c76f7cb860368f360922a79092ce4b302157b7af3a4362,1
b2cbe056ffcc84c09eafe395aa46d53b71a2c3a409d77e30f6d93f0e9b6c8085,1
d9fad910836c0c67fc29f129ebaee78400e715bb58955dc465e47d2dbb4ff8b9,1
162a4ab432cc9d5e08cb2c022fd7e8ee944d76055a79d6400ed24a1a8591ac32,1
9e115d0b6bb095312db2d63de3450913bc422bc00c9e83e33c815eab8ee3e7e8,1
dd64534094011a7cedf18d110d0cd59a7b9de0710f85f213af5001771002cfdc,1
e9a71a09fe3ea896d1a19e9f41e9807660f3262dcd1775399ab11eb7ffa71cb7,1
8d715947e5a388e15d68710f563fa0a4065f88e9c15d73dbfb12f1f56f40f9da,1
8923a8f31c70a8a1f0cd8005b20b37d7a1b16375d98821050cbbcd7ef2707e6b,1
262297d7a18ed154147b60b227bb45b9a9bfe884082f0304989b8aa1f3e8f11a,1
47d39e922d66712547d3f0e7abcbfc6ba092ae651126d7d0c6161842c83aa75d,1
7dd14f2eceb69501562ba26961ab7c524c53202977c71efca204b17319c73724,1
01bb77f37dc074ad23953c68ca1418d5d07be0da8bd59c5db53a42028159635f,1
d032e96cd282122c2345cc2f174ca1c8bd3a31fb72a287643d21558529a044c8,1
940c16a5290f054d8579fa12eeab4fa4ab152cb8c8a247c67a37f4ce9705f2e6,1
ca9da9f9d38fdad5f8c26bbe19be0f17058ac50f431a1258b1e09ce67d7f723a,1
1309ca8b6b2c2cdcab9d6a7218793f29fe133e92db086975330e37ed54f28357,1
3e72edc391e4f11380c356c4d88a98571a6d6c2e0c81ebf771a1976b67e42256,1
437a8529dee759365e6b987817c0afa201962dd6667c0af67eba15924659e633,1
831f756c0d4a27e00d04ed085f7e274dcf1a65e637bf606453529ef2fdc7ecaf,1
dcf13295178280048dcdcfb36df40f9d66c701e6beadf86b82be83f8483daeae,1
cbdaf956d3057df09307ba87add99416cb93b9fe13125d59fc6be1e405818f23,1
b3117e0b38be8bc043cb7a42d9c7d8e823fcc8f0ab5142f8bbf9f879facba038,1
68e5781ab196e51121ea377f7ae7f3282821dae442e45e4e99227af4883196cf,1
faf8928dd4ae83dda6c5d2b5d5b88e48e6a32160487e30eb01bb679748240e0e,1
4799e6b147ff8da11719da991a0302d5e54673793a42f90adf3bdccef9b7dffc,1
e3a891fbec14342eac5bd9f25ebfad0b30fc0e88df5d54a5de0c542a7634bb8a,1
9d2c90618fecac0d8c6dd8da8a8d982d6625c5a15d0b2387257f89c05558225e,1
68816dd7678f66f4ec89460f7838b8aa1ec4bb33a3880ddfb9e8c6c1669da237,1
911aed73f4476e11df4ce6aa652a55f6856e32dab8466838aea08da41e042e10,1
126d171c0611d706c4841e452ad60125ef1cc266239dc96373aab88ab276c357,1
f4fc551b93511363b3d9628644f45c7122c127e6a0c272fa568484669babb898,1
4fca1309cdcd53e1c411a0bfa687eb0a06ce38e3d1d1fa3f2f83dc0371ecbc6d,1
1740363e0b430ec9a752a4c8b86f441312adad1ef2ce07035820706b58249542,1
a11f949f6ce6b845d0cbdad5329e9c5b02f422455a802356a7ba553072d488ea,1
f5d2f136fc909788795be3ac31e8b0b11594d0e0c4ccbf5956acebaa4f3d1736,1
5b2221d561ddee972f7eaf763469e6aeb4699e4341fee8ed8e039f627d94f34e,1
9ef9d5caa0762968d0c9ceb57c9245083a581fd2fac0ff6a58bec279af79d3e3,1
2c9acaa5d31f2dc1c882f69524e254f04f45c6040086ee34070334e2e22978b2,1
e02e04fbab9e4d348e47d6fd0c0f4fc4d31580700cab294e248d17d4d4756655,1
30b787f63e40b7e8833e9fda52e42f645bcba6d3246d87c6243c4b7b0dc032a1,1
ecc087827dd475ebf36187fe4942e009d5dd0ddaa26cb9fedfb1a11fb9492420,1
c5bb90451d394a7b7ba3d13df43bc1d705cafd9832908b89d26438b9871666f0,1
cd38cb62332e921aa318238bebb242a51c909b5afcb880519bf5220ef490d722,1
c5ec17bb8ffee17a2baeaabff092719f69867208ae44f7d44b00c13f19dab594,1
5f04696f64724497f30c075d52121e080f31e7022c92a2c932e21786c4e46d95,1
3239b352f5cbb5cff00970ea314d5774132fc44dbeec1ce0abb415931150c823,1
5ed6447ba0a0b8ddc02194db8387c5635fda33d41e0f32bcc9413ddbb8fd4c22,1
661a9d8d087b7a335d27631ffd5202d716fde5d5e9f236d7d1f175ba764ee192,1
5c98f02b78e9f4e4eb6c31ae0d015b0b94ffa9622f15dbd883f7fd6ebe15848e,1
da9fde75bc9668e27b8fd60d73818ec8cf4a2c6b472f4aa27268bfe30ab99d93,1
eeb506f3fcd66e5b52dba1563bb226b475cdb22094d024c3ae5f8d7d8574f6b1,1
c447cb545c7a9f00dcc760c4b97bd8e33013260a4f1fb8e699020fc58e43f334,1
82db32a3bae1cf42e95a772290a8350e8fdb5738a57c889b83b4805a780bf16c,1
334a417cd44237a6155c02b4c87af0d194e30912310c04f201ad04ce7fede5c0,1
969fba4fe6c509ad9485f69425bd9996898b1c60a2fab0c3636042babe8ab63c,1
c63c4533bf2f164e489ca112bb4d03824528e040a1183525a8dbe868d51029a0,1
4639da2c38815eb000903ab096cf180e1f28cf6193a75ca816bb55d5d6c4b810,1
603804c71030f0e37a2cb9de39adfb647da8d223345a1d75aa1be9d2b5b138b8,1
96caa012139fe23674e63a41a809d6e199965501e7bf097af26cae2efae7a7c4,1
85bd828c43a177f24fa3993a2f591bac900950a467a803b1cb903ca85e38d519,1
7af899b39b031612b4632ad9eddd97b7947811ceee7ed4b5c40f6f7f5c35e6a2,1
baad8a62e150c31f566eff7720cc235700d180e1fdbca19ec786a13f0bc3cb5b,1
dd51fd57e323db83faec05c1191f79b4e25891aa0bf286237caf55c71b5c0b8d,1
c2b985b8d2779f084922bc3f13fa2da72c38443e30fec941bc16d3d336b878a0,1
307b44ea6aaaa942d89180a2e50a26a3a992c98721df214ee746669641e9ec8e,1
25f22fd3dcac1c5c984f4e7a5b0a0f2beb5a3104f94ed1922381f903a9754248,1
498d9e428f52448a7f1be46f9220bcf8628baf812b0439d2c86ff5cb1e32dfbf,1
ad5879f9cc747d1b62b74dcae836a200204a2e27ff5a7a12fbcd04f7af054075,1
254feb1274182555be28d5a7117b1079b79bc37067e8b0d27cb8a5ee4f601eea,1
cb70d5bcb9407368b6d2509782b8916afb93cff1ce52b2f1ae1f69352e9110c2,1
a2130577473aa3e5024fea37597da41dd227ccd17dfee6191fe30bfc9a33e8bc,1
a2704b1a8e39c319c9b13891aa539a1d10084ca137c1a1f1feb31e898d178c69,1
dae2b6cefd152e8f6aa929e5550177cb7b458127e01c1ad2edc97ddc47e46d58,1
03263d5cf75fdd28576e8d3f282480d0331b43c8f2efd1469805d54a92c4accf,1
d5fac6030cc6b2846802135b38a0f6b32aa1cd8e9762b41758048457a236f3f3,1
e2465d7134cce51fd7c87d8f64a397258c0a908be659021b9aa25c97939f4dec,1
3a22dd2c0c5293cdce70a6b507e0e849c368924fbcb4030d56fe7b67d3f686c8,1
6ed44b7538cc17b235d1e6a5cd061c05ccc2eda5d5ceaa6812daf976836632ed,1
30b65aa824aae12e78c0378e6546867ca01c17a0e9cf1dfb31bb6cfa31a45ec5,1
0a4c0dbb0766c272cc49e29c1cfc8328f42cbc93d51e8c882dd3cef67e56b2b5,1
8effb5734ef850f41a9b993120e0d9cf0a2484c625814db6962918eaf94e5b9d,1
ad12d4b057a1a48b0a0e847c199ec491a5750e0d2e3484c81827fa4c1134bf82,1
cae4a2ab111095613a71e3a0be1e6a2d1bbe5d2a28319a5f5b050008fa325e65,1
86955d9761598e4b8da276a5e5c0551f65e185f458ef907631da8f46bd16a6ad,1
a2ae9064c481b3412d8e8fb879e05361232c1b30aad16087dd4a8fcc86bb8aba,1
c379a3bda932f7b8e37b23548e68a62b8e5974bc9ae3d16b73d04d2808d63ef2,1
af49464411dcc7e2c394d8960f9b0a8f4fd2f1d6006fab36ab260eef34e25bf6,1
d917f1547425f1dbaa51156439747fbe5d732bc7acfe9382abefacc4d16269c1,1
8ee857841ba85657c40fc895a6bda7cf32528432a760bb6bef845c676c986645,1
5b692b8e990cf35d1bcd7998f3730555a27bafa32632fc51119f8987167b0f1f,1
defaefbdae1e0568da759efa0dced03ef7681c64af6ccb147a4a72067608dc61,1
6113c855e3bc12d4ea0d0f535b6ece3a7962cb108f46f3c7f87d65ab7de9eba8,1
ab53c1c4b5e608230d481c845bcc820e80619ac9577a2e10cb8ab2610c38e906,1
aa767840f36fd1820e8538fdbe93d3c5275a0a6ee662a60c40c5377287a60693,1
8d02a388dd51dfbbfe89a2734a6175c327998c222a2b91165eb9edadaa897802,1
d6a0f5c11ff0c7b138810d5ad80a192fc0add8529ef33dfdf07d8c9b0aee8741,1
2aaba5191b66d475a03058e6a2e3f08d8609b6e4f7686a6273fcb9322328d90f,1
e40026a2b708545901e441838967dadeb31fd588e09925d16a3a9a1479c4e36f,1
91d027a59f8a239606dbb8e809cf86f2dad0a490b6d0a1c2c2e2e08c28c99e93,1
55ad25635c11a07b3ed201981d48230b5f7a133f8ae87f1f34b981db00b37ce5,1
d8b751fa5efa975ce060ff965933cc38cb44a6226998405b8bbdef4a170a3a8a,1
8ad01e03c945f361eada1b5909cf12529c2861a9f74ebc3db575bc34029f03a6,1
73e88baf966f9637c28c83ced526d0b2d1b16a08a91b5166be113ec1abdfdb62,1
ed9b601c8d1c756ebf784b5b6704fcd4c2de5bdc2a5859a71769217e31d0ab6f,1
26b552f6ee153ed6d81ca049b31e7bd6c66aceb4c5c3764a6afb05caa586c73b,1
14dbdf22267e92428e09adfa9119515b9ebbc0a1f564a4be89d92bfe5b592013,1
1c6fc29563ced4adcca1585fe73cd402cbffb507f986e591f0f2c74b6ab9f050,1
e7a2a3eb172551bc018b8abbd7003e15ad62804872d40bad24c9ebd1b854a971,1
a1dfffbcfe4cb0dd0be38c8631dcfd22c24d4013e2b66195b6d6daee785a3b62,1
8d6099cac3373e67e724d1d97957439c656611f3b16d3b382e9abe8d952f9a87,1
c45661847a4e06edc8d94c61a92a6493a3313ede0226f144e66fea6b3ec6a238,1
5dae04d9e127bff5250e0cdd2630f4e988d3f234017be741046825d26147c2a5,1
60d021431308db241071701972b88066419e22e0db9e095ae6bdaa738f877937,1
a59fb6a5cad40bce5684015d255edbd992b9470dd29b5f78f41e8ac94ab3d9ab,1
0cc5cabd9b76146aa2d0ba68d79203ffe19b682bb675d20465dca301d089b42c,1
18d812511df9bd5c08c6b68c85b935a96047f0e40237b58f659c7bdddfd9d954,1
cdc871d1b20f63123bce985c7d2826a0de1bdf7b85e32b6aec49fab111b21fc9,1
c968dfa333df352b7e5e6c7a070725c3c76c6ea7235e3d18cef16fdddae9f154,1
b1f0e698dd27ed5cbcb50156ad88a2cd2ae801f87427b77a04e3dd94a22ebb55,1
80aa3d3ef58e677c86a4a8ae96feba419f782c9dd0185d6b3843ea137feed7d2,1
3fdc7a61d1beff43470ef999b52edd989278c87c4c1baebf1bc46caaf4eba460,1
8dd70faacb80e380c1b9401472b0c5e14035e197c6b69722a912e4aedd47b915,1
788aea45c7064cd2708997ab3c1b65b0697fa61244535ab9b20dd37377a155c6,1
603580710480b913dd913834217ad152c702ed74e322f8990cd82732539757d5,1
0d8fbc520aaae89154110565ac304a88ef826ff5b226e5ad7435b4a8db6e4f93,1
88d85a5e828fd4fdd31ce432ab997491a8b051f6e5a23bd1df9024914d2fd8dd,1
189ae4e1d2befaa462b0de51b3d43baf7b34a5f204321fcaf5fef05e39a3be62,1
cf3910d10d59ebe2f82300dd7046081031048e2d91b4c9946bf979429a63d632,1
7482fd3c1f8d293491af348d09c305351e97fc6a7a384987a728722ec683f3b7,1
b8a9a88f927a66085806fcbf3e0bb76200e802df0f1629a070420a556fdd50d7,1
30a67fe37fde1b555ce5b3e23fec6b1d4268fda86392a839d32f84b9f768302a,1
d32174f16abbe4906f4ac1c55cab09e788fbd9e382b09b0a0c58d387c86406af,1
6406ed459c7383cf46eba09f6e218f7747d5ab2b4e69655da1d71b17579c8635,1
1eaed602628fc2e015ea782eeba4321b7c261e50b41dc61522539c96e048bff3,1
bdb8a45a5e6d6a6c096b169e37436923fc75285f5c7ab0714570e35307dfad37,1
7d9a4910b51d0bc6c59dc3c6be03e4742ee024ec1692e24b351b4017c206be89,1
067cd1f2ab0635732015f276e26d3093439b3dfb86360e94801a94cc528bcdb1,1
457760ff497a9c51d2b848503229129dd474d088dfaa1326fdb8336e7b2c2850,1
a13a1d3a420e377645876e8ea246a5e21110eb448550e2d2f7deab9e03b713c9,1
92a35bc7d4e673c8331e6af5caaa7c939d61898e58cb75b2e9fabe11aa4f19c8,1
e0de057ed3a1e44de9b33aad3eae8b6c8b3b85607f56643244796851e2909a36,1
b691b6a526e8d1cb05d974d3d0cd109c3401afba22fea8939b9e8507b05edadf,1
96641d6dc4e608daa20a820e7aadd2f88eea88934d62c5af1320e05d500c6f2d,1
c619d693544d431e6bb4adf12027c69080dab2a0639b697137d0e0c4c43a2c5d,1
8ac39df6cc329febb8a337acf1d1f71ed903e58617c199c5468dfd2a018d0c9d,1
c1f2d9ff5599b5836a4f784301bcc9e561ffb7f6560259e7ddab9ff432f4d8d3,1
28469ee21fd3318bdb33f2a18836ce26b6f34ebc58755f05a62abbe4dd12cf32,1
915225c7e6227116cbdea32b3337e1fd875e363fa312de766613c211addadb56,1
5147d2e7ef12116c3d59552e0ebe5f1f660adaa994d13fd0c8871f61b9732669,1
5dbf1b931f8a10407103921e36f719850433ff35a85d1ed46927c7adb27c0c4d,1
9c23a54e2e4ab66e722260e17408a3faf8f2276e4e894dc1291c61e9069647a8,1
3ad50822e9f8c24fc21b799ce611afcc006310508c238db98c9d574dabe6ccc8,1
ed2e5af355f3c438f2592c4d58052c5e7bc41e7cad8f62d04e9ddff4f74a5967,1
eef8dcd0995424f880659f05d35c6ef7b632ed42208fafd621bdb12a35b98528,1
c1bb9a72757c0127b1af5e1d98485a8ca95140456074cbe30849744dd5400eb9,1
70a1b1f3ce53d229ca2a50744bab66d6fcc5999a3b634ef7c87d0a446ca70d77,1
bd4e12d7a8111800e5ef1aa27e23ea5c8e1b73d22507d91d3a501affa46c5ee5,1
7c198c607d3da8d093f079bbf582f02d8da4a72a5d9ace8410eabb2ff43fe3ed,1
05cd776bbaaa96863028c11bf44798eb41f83e9260d862b2c626c45ad6ac1076,1
fe0a177e6cc2dc86194c97dbac46384429e5fa15e8bc74fe993751ea0a59e24e,1
f6449f527eaea41a22c6407542262fb86bd77bc76745737e1d754a46dcfced69,1
db87080d3edae4c5a6dab17fb088cb3f3254ebbce16ace56b214cd5ab47314c7,1
9e9bc1cc6161084e67236bdc1bf383c5bfa37fab4eb6c4ef985ce37def7d130e,1
b2af35ae9851ccc54a548b450c5e91207d1fe034728b0d2265f045675f891d08,1
e9d31f7b4bd880347211cf5fb4c94fdb0d0936baeb1d36098400c331a4e23e43,1
373785e965005cfa23d45181b295e6251bd00c468398a8c652c3ca9d9b57ecb6,1
562e899c9dd03c21a3422149f52b2aaa995aa9128aa8f28ff3cacd7a07dab838,1
aace31c2c759f9bd062dd185cdf7d71f3c06c14bd43cb9a12f56d5a690383fc1,1
05ed5d534aea0019217a93f3236b0c4410a9cf8fcdafe3619318b41181a4d18c,1
0e078124446e40129960d3b3a48cf92cf23093d1416aa2db539e942c8fbca9d3,1
68ad452634a9e9191059cbc80f1fefe23f0ef00888971ba5229d48fa9142dbb0,1
a5624c20d181f3cbb2037c80b19c5202a5933df9173637da6324db220ce5d3dd,1
59397955d2e1278ff9fa2faadbf0f35fb87d8e190eb71cb0f4fa8d5b06b99a55,1
02248cf0b9f5689521bd90eeb7e989f4f747258f19a597f9064b98d32d021524,1
3437be68657dd1c257dc725a17b3a1ed422268207dfe7e5fe56ac41af7059e13,1
411140a5ce93a2074dea1a77d8f0e16e901d966a6ef79a973224c6b609f6db08,1
1c9461836a55e27a914964ba1ea6236999e70bda4e47667ec019c98e011fffac,1
3778d386d2c85611ab75cf8737c0250d131f3865f32b9e874773217aa60b84d6,1
f0531a8ea4d204202a9bc4f0401b002aca15c0438e826674d9fcf966bd3bb24a,1
a506cc2b18ffd90599dae21d04dc84ba4a89677079798f0d3bcb7922c29ea380,1
d38f6d0b3ced2e437181a06fe3ae3a88b18dd02786d0819dcc4659b2d2f6fdae,1
0aa6292dcab72f5e93fdc7ae98ed18c6d00392362159ac19a011646fa6662577,1
5dbbb2f4bcc96091ec90ebb0ef7851c8bf831ae95d95f8e3c930a805726f074f,1
5f686381a8fddb8e7b1dcf006fe20094e7a590c1d5ebcafa82a8631536d07227,1
5d658b8b52aca32fd2f1e99a59701319930fd3fbf1da738bcbbc84fc054bf65e,1
b19ef48b84614726c8e7bfceb5631768f3ae05b68dc91b0479dc0475c0ab304d,1
491910dc473dfa0d2e6c96fc612bbf64b88269120bd8bd90290c0d28464dffad,1
e509811ff554f2823f21c4695e0dd384acdf2b80f258322286bf81b1ad7de737,1
7b813a9ccc2aadeb281fac31668a0c7e128b858ba0c2baafea62d8a8960ca2b7,1
1b4c38259f9b99dff2261e8f55704ff2fd7926f0b713717e231913016c4d62ce,1
10bebff5ede2422fab854789326ad06b78b67e89b7d8fbe4db27e8454c784119,1
e0a59527ba829384f246dc227b6157fdaa97d8b5ebee77f94eeef5ebb7c9d5e8,1
ddded007946108d71c09140e6900650fad631b5f92182e91495065e3f958a138,1
bdf8a9a9f5440e77de8fdf8ece4fcd0b90891112b81af89323b3d704e5d1addd,1
ab69a754c4320ac8851e194e7694154fd512c5244889d8bb7ab221df76ee9ac1,1
0012bc01e160da58835f2855a496fcccccb44f37e8b21a417242daf29dbe6f0f,1
892c7215684a7adec4de5a3dbdb0dce1d2ace1427cb0ac2e96398771c920d72c,1
8ec46dd60ad1f429ce31b5a5e96e33856cd5105369d058dcacd6211c8a9d9d2e,1
2b361b04cb4eee74e53d7ccf8d79d85efdd73f8fd8f600317e12d69c156f51e3,1
52153bcf8792d1e1fede3b62f7fbecec5e8133268b302a4e8a9a47db2505359f,1
0a86748b9348d950fcc8c044c3b3af7c4c24159d19a2841bb6b5ca9ab805d1f2,1
d4ac3bc24b97cd686bee43ae7874065567a8a54ec817bc3467241fd2df6947e8,1
7a8666b7a7cef16672d8cee0b18ddc06a0a4a55f93c3affc821133653ad3eca8,1
030cd8b04796f7fc8ab289698e02b780e494b7a7ede9eef79e2700217d0b3a5a,1
2e132d7d44b383dd6100c9af8f1470ffbe30ac084b2baecbcf7777f90b384a20,1
4c39a2bd6fb3283317fa865d445b1e30614b98232f6e535586243a9f91856241,1
296a8ac1890dd65470e2cfa3738e143875fa21f082346f5c29023d904e3966ba,1
6830dc1452586f0c41b674450fe50b348daeeb4b8f92ecc99209569d1a0b802e,1
81eca6e0877227a8da5d16ec327032511aed2f1c2f02754a8601e95f5187d5a3,1
f5ce86e1fcb7e09f9977a1bae78c66e3e5f8143aadeed8d6692a5aadee8298ce,1
df48781381fe215b7f379a2aeb4d9704bde066b41a2b5a6195d677cec06dbaa5,1
b9f60743a424aeb11b27cc57299d6087a7a7128c306c3617e3a5f46fee6cc412,1
923a007e6b774df1a1518a9d82cf15286f6cf76c55d10cb997df73caf3c59929,1
61926e30dd095311d50f9a0299d61175c6a3397ac965558d690fe5c25b3971c6,1
8819729b6611fa8cb6463bca32e4bc7ab5148de845d69773e441ff13bcf20640,1
598997d6eddecb07695bdc35984c94f7cf0f57d82e3f0e3ecc6ed9b1552792d6,1
af0aba41c9009bfb3aea0155afadccea8b3a0248dcdc7c4a7757b8d4f41219c6,1
e5b3f9a8b6972eee4f5c3cf11c1c00a0617256124af112e2868f83fccd19eb1e,1
77db61e53165d6d69726d612b29aa3c3e419ea9cea990d9c726d4462c26155bf,1
b7388a8abc506eada063de2463d71fdc0cbab0bfd485cbe60a35481b8ec17c91,1
e0ff191c6255e78b37b3170933d1d0a4e96e2989825df2c783e73b911cedfb9a,1
3fab60ac7ab795c0048c4e060023e10db7bc7db9c61b79a3434967585f152cb3,1
3e786a0d1a11c50cbeaeba9d90047571f7a143deecc731c420de4ea7fbb8cfd3,1
599aec10ad2cb4db7e1aaa77b1796de7560b2bf44437c54d856d56d8291cf4ca,1
f232a3c8ebb846a082a6b0288d6d7566cacffce44b564968cec91bf2a9904a60,1
7bea7d7e2ed34510591a93120b5edcf05eac2ae17820aea211f2159aa9bd2d53,1
7952633bd7391f6ed4a14499fdceb9817809e008f0d2be40bb5accdf5f4fd30d,1
f319ec61427d4d06af1d4b328b8b1378df721329eab1f86d700a16c3da0e68c6,1
2864a530fe8cdaafcb7165ec6633071ff9e5db06a1a568f3c06ac1b04bee6e60,1
4dc710560534c17e948755aa1fffbf018432312ed334accf9ca92a679adbc6c0,1
47901d282b775f91d2e501105f3e3756632e622df9aa21e7e206be3d17bdabda,1
0a6407122a4a548d5cee6097e2032c42159e03c5d172750b0ddf85dd0f88c86f,1
1ed195eeeb338119407e18a7109574fc22177f3e7810757e19ead133e4a3d2d8,1
9c681a1976facd6e4b63ebfcd3393408f657988c119bd6bbef1c9be6302ff9ba,1
70b01aa4e358e693084fdd213eef4a85c52781cca66a3ad1e69d2ecc9732f71f,1
328fb04538805ec3df692d81b85e6c2f8010e9cd41699ddb3d100977a4fb8faa,1
b2b9a0b310d6fcf56c5c3fba9ab2d130031c53af63040adc7d98084f1248bfbe,1
92643d97664c2e6cbfca39ca3414c510840b373946e0c890abeaa1aab9cc809a,1
4cc0d7c04cb7745e5881dff020c56131b0cf1d4f84f4ee00c68cf4615f9fe65b,1
021aae2572f4bc7b2236765b8586928c747e2d69dec7411dd60d381ff8fc31e3,1
f1a23a61595af2e8d629ec62a387732a491f3b670787503bccb6072b52245c42,1
45f174e181a454710b85d8de6883c294768c42566ea26c3cbc70646ca88429cf,1
f3c7d920d5d8f9a56e17ac1b47e21bb33ec823d583753a2ad93b3031a198345b,1
cd8d0bf0285c0d56279a09fad40f4ea642d1ef76664166ab6e69356f6633af04,1
bfa023d943f213ae5190480e0ab99a092cc5c374349f0e900e847ebfa9f7bec9,1
3ae8bb7266a002ef30feeaaae37fee487aacf7db9103a1552ef0c1dd038fd46d,1
0a3a928e20850e925a05a8297feca4206dd5f9a52e6280dfc0ba58ee351a7748,1
289aa6780d3fd277804da2e9342571bcdd9262a8643ac62979538d1e91eed32e,1
d5ed536a9b605ddf55926058ae65b0b9e91fb9bbe6d05356f1340083a7409b08,1
fd8af07e5a5d2ce1c261ef6a7988f0b47eac4851ead417aaa76e818c2485a6aa,1
2ecac4a7a5dba21dbc8829e4705bcce6d36a0b815bfaddcae5bf26413084fc68,1
bec543890e2471289e01c5bcafadeea3d59d8e93e7faab26728a74f35d93784d,1
c37225a98a0f0d9d14fb455561552db229ab40e44fc1d5156c5c0f41238a73c6,1
6a0d65c2535215cfcf3626b14f16e8f2d8b8d7b0ef0ac3158ad6e2c7607f0779,1
dcb7bb14fae96461a778b0dd87361a91416537865433a0e861a9d68aecbfe6eb,1
aa93fcc82b69e05f37f2263bf4c228482ddb83b9a319036c02e98defbcb89a8b,1
0b23905e24991ece5e3215c5183f3102a89ecb7e1c8a26faa62edfde03a850d7,1
3031c01b3858ed080c7605ba28940bc20e39bf334ca137b0a10e6a004f4a8421,1
ba8cd034cc7776f8497752dc055fe04254ad065cc3d0ee1fff23c559552328d2,1
4a53bbe30150d0caac741dc77d6feb2e8f1214f668d123fb28f63f22c22d79fd,1
4f48084f1d3e1d68e33e77eea9e43153ac9812606591927e32f335342eddbfd6,1
ecc31287e0a4d0bd2968b3b5824314fefef19304b405335da7067459568837d2,1
70f1ee6a5acf434227dff6c22ed97a703dd19f297b81410d047757810758aa2a,1
9d76352854a64d77e3c7d99fb71c85a22f2469424ff862db667a884a52abedc7,1
1769b0e04088a8c7b920401a19df1d9b7085b3125aa73830db617d463fcd563d,1
80e18fd41e4ad16f10ebb9e4dc1e67ed282e2ad1c23d90db514b462eb7ffa39e,1
64a24e624fcd25d3eacb25d0640ba0d8ca78837834de5330783d6d9a9347973f,1
a1e151057cc82e3469559678fe05fb4a8edf5908e3dfc9b055790f8b74e8c43e,1
635f4775ffe091cc83062095f20bbc0a68f7ab644199f4247827eae665c2654e,1
dc54a98ab3b70cb98d6ca3f7ab33f4740775f64d3273eeb98a422b599e3dde42,1
623694a621aa1188097562268186204c99634429b428a31a62ee95fe655157bc,1
314077d9c6960796e70461e2e13bed1f79a98d5db8ca12b9536510d0ce5af785,1
dca5c8c5e7bee194922df93f76fe1857a11faeaf9769ac76a10d87aafc857bd7,1
95a0dbf33da196fbf07602609454a513eb8898c8eb4a394a541134b2197376d2,1
5017e507e407a004aeda9b1d3fcd415c00ac9ad851bb1aa211785a5558f180e9,1
f724172dd19cf9fc107a10ed3160868e0ddc392a07def74a5aafdd1073e581e9,1
be25bc94bdfd026743a655ce3be21ab4bcd1505ec008e5a21db20a4fc506a2dc,1
1da04878baefe950547a8e98c406de1e8ab86141aa19d70f77a70701f8e1f006,1
ff0485941d34110d59f95f3faf9be701e1813396cc471daa33040464426ea769,1
5fe3d1bac7e2f1919acdbaec543906183fbbb9bdfe3ceb6bc47601f93c9e0d66,1
b0d58d5086f6f934a3114a72a4bfc467b6e8ab131f7f1919350d76acb4680a48,1
5123e1ebb7cb4b25f12e5651dbd6b4ac853d08d61ebc439b266f2525355f68e8,1
2332d546e51904bf5cc0116c00b09fe360a7d5e0f23b25645785d6a98c68b1a7,1
5dd70fb8d69a2c955d87a4a54ac93c8f29d4c0ab0b51e7c03eeeb5b29bfc5350,1
187f9646e1e8838ab7a665c881c6106dac12b5ade9e94078b851942e1e091a49,1
4198a4d425b796ce275ea40afec06e7a97b343c3e1934b206dcef68036e3c1f3,1
a25bd7a0086cc43e8238a07ca26c04cb4e1964d89a8fdbf2c51666596669e850,1
8f72cebaa454b9930d22b512710f2c7de6aae57bc057737c590522c9b1baa7ad,1
b2a038ae279c77eb91fbab6c771f0ca24fd46a5e9fda5fb518a1c0d1590e9d3f,1
ac607d231a475997025d5732569d03b26275e17c650ee8bcade0a8dd96e013a4,1
90fceb9552147b4cb2955ce2d7d54c3920c5d58b5a188d8178cde634b49e337b,1
99f5c470ab104ab6178ffdcd19a5c6ffd66bc2ee53731c02d15c332b4b266f9c,1
f6d63423909029129c82db4ea56b61fad93967b338fccafbe267b279b476928f,1
a373e7337f632a5f33fbeaacf3db0c72504f24bcae406ceeea0c0d3e7a150ee3,1
b3c77ede638fc6d356371a3d572d8e378d9e7022f6d447c7ff6579c5cbfd24ce,1
f654d7b8f6047a43797944344fd4d710d74eae6f7e8fd3d389625a9196892b0c,1
b7cd3d1f302763c85eccd57889382ffda3b7585534609140e0b099e254cf7961,1
d46536f29fbfd1918c6996f6c9c736aaf6ccaefa19dc4fbeb757b03962408eb9,1
c7ffb7dbe28f8a74417db1a1ce973fc08b2fe4dadb7606d3d2d584853085cbf9,1
b664aeae892953d85d8ed00cce76bb26b90e47e953e1f04f0cab392b3a6c9ee9,1
f9c596fbd4c35e36e0a5fe8432ee30e4157f104d6bf3c9169be387f91806162a,1
26623fa63428fbb00bd10328abb830cbb853e805e469b89dc580d4a8400547a5,1
5072670c778ed8b6beaf4f7c01d7c9af541659f42132d98e7457335242c60a60,1
4fa3677fd338ec1b66d3be0ac124b833aa660f4059da2e2d5a71804ae643a37c,1
c5dcd62fa412f64288096618bd5464700f56fb2698b0c36177a1b1c4a8b58a17,1
bae7fdfdb5584ed862cc8a9bf8c7d5f5f99efb6ffbacb53826b8b596e7aa44a7,1
a7bad9743e4f0a62dbcad54c5fefa5f88d2fa4398e5f3682b0752638cb813506,1
7935d510a4b27069e90cf784cf64b44fb1a33ca82290436f66206e0dd1c72adc,1
a0f33e6bffc6dda5b5ac9ad379e4fe6ac6686d481d0ed6ffa68a858ea1b747b0,1
6a6a5d85cb88b4500485abcacb0b5dbd786d7c1bf7a5626ac00cc9baaf39a963,1
9e0a6db0df469ab60a719cf4a6e81cc6298e8c320454697e854c4304daed2673,1
0539df78099dfe0c6acaa4f21940c40c8c4296b3918018fd5bfa58c38069bec1,1
71f48a88bcfc5d674107f8f174259397a5288377e4c83800f809162e402f023d,1
92e4acad9168101f7da05bd136a8d87e620ffb11c28a1cdfa7b94c1ca14a5f74,1
59b2d531d6598f9bf73d8f39e1fd1e7eb1e629b28250453bd7afa1c587523e95,1
2479316f4c67422b41171298dbd1f818621ea14aaa818beb8655f79a2aa742ad,1
34974f59d90afcbf47a0341afb96d18ef127491a1ee1fcb9184ec860bc9b88ab,1
bb6927ec0224154635602d16b7efa15e5fc9c2e45c5b7d788c5c0d8b53a4500a,1
8ef53a5c8128155b9bf479614fdd39310b380bcdcc89aad5f22f2d219678f794,1
75c8a92a4a51c0d88b63602d37092822a2ea8bb55395456cfea996bad7ef1cf2,1
711b75529b7308fabeb3b02f3708dc92cbd4ec2fd63359a03bbf26a5bb793058,1
90738abc2a7b38a767c4beb73921198e04df2261648902f6fefb8454b8859451,1
c3441c7af35cc6a8f19b98d149453cd909078e77ba58cf065df64b191b32e39d,1
fa701f061fd75affc7ac98b6569ffb8eb19fabacb2b53276958a0564c70c0b4b,1
e38be372402a39337f9a248050564e958d3d864c94aff91f6d93f41d9f5c43e0,1
98bf999438c2c6912d8d3784294848bb75ea65f551ac1ff32d19f40847338c6c,1
21cceb42897ccf999f2d6829b905d30fb7454613a46d1ce913c4811a4377721d,1
2a32c276d2eab85b23cc480e54d29261dbfbba0e8f1e08140cd1310ddb1e2d9f,1
83a52927938c6e8401e69e96dad06bf9661c7eab8b7380787bcf1666f5e00d41,1
48865dc308f01e9d15bb54f2d2ba33907fb6b0bea280717579c7eeb30c318346,1
6439a0990532f5b28326b0406ce497e557b7c9c2405647e93c55ad0f90d94bf7,1
07e820b6b1ae2930346e5231d3588ee7ca54e4697e9d3b07b9cc0c3bbfb5e737,1
2894f5d7d21f6e360bc70d2a29b260f9e6584fbd0310cf52e2561e17f480ce70,1
59d8b7a2dd94fa40ccc4eb8f5def773d2a1d95110c95a60485b515a468bcaf02,1
c4f5795ef843e0f5785891d3cdf9d55901d321cb2f3765f86e81d20adac40243,1
ca4614ae50ba6dabdd52c64b673d4364e056f3ab01e1b9415f9f60b51ada0a4e,1
2f9238c6a9c1815c8d09c73cc9f233488cd1f7540e22762bb51896523cf0bdf6,1
4b7ce660a38e41e53848641c8d67591e1ca644f0e7a8641789e52dbd6be781e1,1
020282950246398eed93cb4e68082312ee0ab1a263e210b0186e7222cb5b0b56,1
03865ceee488908593c467cf4ba97163724317c960c357b468808484d728c452,1
8401ec22e8669395ef3bc17bc681f77a554fc22143cd46f6033a0a46b712d8d3,1
5102c512b970c973d6927f39b50aa0e8b38be06f1f5842d32b31808e38d1a269,1
80a74f3e0fcdc6e178e1ceeeef72e9804169b25cac6737b0f89932fe48a320de,1
0ed92e5508c716a13a15f6177f67b52b66d75edef3527b063a958de016550e65,1
9146eb60e7ead68f97501d3c2a602f2f114087effbe0d6bc5249cace36f22251,1
1b096350f58cd547dd981b3e8b58c19b038dd47259740ac14ba30219697f25c4,1
4ca928b035f0f88a9eefe7dc363588f0a1743ecb20d29e08405e0be5a5c3452c,1
22e2c9fc3736e31c8b2145af1cccda1890cbf369aad722845e7f6e2835d5b040,1
79b8a207ba1e765f702128075771dd6c0268c8f8df186b73217cfc71cf9082fb,1
9ec3ee5a7f6bb37f1fac0e3800c89a7c52f847e5975bfe1b06175b323ada464e,1
6fb74c2356be5d476d0910d8e9562d07a63cc0e7b258614fab3e094a70defd3f,1
4a296c532a1cc788462006cfb1714cf313a8cf5796f3a61fded0bce00fa12df8,1
538fff5b59e0df51c13f35eec0960255016b0dd21ac2d564db2a0792c8ca6214,1
99fd446285205ea9e44c460602a183a66d4d7ea41b369eb92634d21d02546f92,1
3023388dbc1e53531f5fa9ee6604db797c8a66db4c398703ad509ebcbdab9006,1
4f0a82c7058d045e127edff3100bfcdf8f0d9e61f3b91852ce69a3a4f8c6723f,1
0d0e4831b06b7f8af66c30ed636570fbd1dc4c599b2aaecc9b94532bc387ebeb,1
ee19ea31c4f7c32d1f4e54b2d136e7d2bc8dc2e8f45aa10e5d76888790e8f3bb,1
e2bcf6db3e8dbecdc32ac67333973a294f6d7c116676ffffb7a49f28cbba921b,1
19c2a20752370aaec0771ac5a764729df9b73497cf992a935f9148ea016208bb,1
80edd6240941ec64366aa14f331595706ff81b031dc084b5a97c6de474773b31,1
8acc9669ca3dac63b9e3c643fda01fbb5912ac30ae329cba37030bbdf505a6a1,1
9c085ac628b9a15a033f2122c7e6adfa4ec7b777bc047d17d07ba77f8ff1d597,1
18cf78d69b30ecd8f9f9ca1de0370af95a59623253baf586e3e5fc96a3de4f5c,1
c0823ee4c40b1839d1f47e8aef25aa5ba313794d959419bb8e83c749db8f5a18,1
0161f3370da3500c195f667daf9e7bc6dc0add07381f37607930e51ca558d330,1
e022dad3fd855b57d11bc80b5951954ac8fa974df96d6204dfb0666578956733,1
d69e0fde49537f7a90048c863ee422b9fd44d61af298384903f58169048f11bd,1
15a1ad9c9ef6c405dd3f9f5a8a2ca4b86d150d14e6820d1d4a9cb2c74d8b7f22,1
06c242d950eaf94d1a658eabe917a5bd9c9ede9f7988390083de363b12905998,1
8e295d8b528aa3d4d3d9424d2ea7d1bc70fbd8cafcc29ee84898b7f02d0fceb3,1
97c9702da5a86a9eb6a37441a37808b6a1e3c95768f7ce42f10e9c403dc56b3b,1
c1df377b7f2403982721cb61693c6766a02250883e53dd6abb875bbd5e3f5096,1
fa1e59e0925c91aa2c5385f3ce45b202d5c777c44e4477db06c7b530065458ce,1
2ed2c5e647ee07caac3979426ef91220ffa906047beae6453d7631e4848b306d,1
a1ffc58f16b494a7ef2b21659613df1c1eaf8d8b8be90547f47fc2d1fab88bed,1
97bfd877573a911c38fa72af75350ef74ac98d2a611ae3682d8db16f3ef0b22c,1
175198c3fc3c31d9c0dd03f13cee39ef60c9606f823553f65600ffbb4eafb3a3,1
6012e0b086e67a7f4be062d0c3d646fc2d265854617b454850e745bf47e30766,1
c6649d889f28dd178bbe6e4704134d4907eb2766657df38a03ce08a78514b248,1
bfc71e16cf6208f598bd32cb3b9aa13e2ce47966c78364834ea8f556e0cadb57,1
31b7e315d67ced6bf474fb06892e9c1e57fd3709474828d4b320db71589a7ee1,1
84e3d61b3b5526f87519c552271035bca65c4a2008d67f314bf38503dca83b82,1
78448a955d93a7a61502cbd7cc58e61d39b3d78ca349cb7da2eb8df555cc8b98,1
700478305e9b78503fee16a56a777a3109aa10d1925d1450618a47c06227e413,1
91ac4b9043756118645826f59bcb61888c90a68d2f72a33ba8b5979ff4d50fa6,1
ff360cbe424e4aa03daf029f2cc8c599c48bf461f99c581e867446493bc45f93,1
2ac9ec9e0cb2f31bbdbe3da56724b45ab91b6a7fd9942fa3214831ddc2bbc8c2,1
d6faea967c86fab0983c13a7ab7247cf2d482ae02ee0da7baf6c0e711fc364a8,1
c92c7c7dccb488c38f97ebb964c01275c154f0c9652648c06793794f604fa2a5,1
481243c91f992da88a0ecec563a1c0f3ea82921c593291ab27d66e45032dbf69,1
d5725a01fe8141927392439accb198386a9c1afd4d645bccf31df77e9ee4911b,1
0f63e294dde6cccee703c732eae364d45f5e2a28e575e54451cc62c9980d535d,1
f3e54c4eddb9ab4f67307d48145acc7f9973a6b2ff134e63bb5e83f250439830,1
e71e98c5ce3b07cd361783aa47fc88c5738a937e08cce6c80e8087f0e2813aa7,1
62f7ba3f2e580c733ec3ac9281099cff9d4db2ed8ad606c9b461ac0179b55dc0,1
67e8b97b260f8a665b28953534e0e5a30f90915bca33a4c9b6eedb0dec327f78,1
f2af27b0f92d92de6e77a310f40813c6162282661b88c4c58088254bcfa6872c,1
e5e74c242d87eb3d13004be915026f71b5a807ef07feac6941bba1f3ebe7cd6b,1
04f17a66ac2114bab01a55c506c8210494798875655577d50cfb78407beb9519,1
0448365564eb3dd9829670b9f7319990a7d8028113a8ee7c55c382fbad7f8245,1
91c8796ce9b518f6c6fa2a3e9cd93df34c2b6d13049dd0c1f7d7c0128bed8ab0,1
26f22be3abaf0a93d42da1d8f4fd7ca70e875c54d58ea078caa3b3614e38b217,1
c241ad800e805071910b37927e309be7c5cd7755df4b67beefe47bf4f433c631,1
219200b7023f36b419077989bccb821ea697602be0bf2bee084575eae034f9b9,1
2d975f6c86d3546dd8475187b25cb90bc8cd1675de254c24337deba8bb8691fb,1
6ad90f6d760b2c4a80734860980a42a018e075e814be24c70f4d6e41ecc05d3e,1
179b3db57761fa3100cf55a361709262f82b9f45350696570dcbe274f964e884,1
2e257a8ad5618996bb9a6926a607abbef2a7ce6ef78c0aa0ca07a5675a3c889b,1
71a3cc4b05e8da07707a86de6fed5a957917657d86dfe612ae79013f72dfdaf6,1
6a6e0e42c5b95964a9ff68f0c0d21662fc897c33959e94f3eab587ae0ba3647a,1
c740189578f251fb969bd256a3091dbbf65f0a02bd0978296bbee95974eb1a89,1
d1d4af11abfd1ec649cf6543026cf0125227397fb99515265571729731c4123f,1
756ebadc600e92b18ef1a53bfd1678cae19eb7b94a6d122448e56d918deff6d0,1
172111773a7a17f69baf206983732214bb9977d69842d10dd84124dd85c32d89,1
37aaa8bd3f7961a97bdcb5017c86c09f1a3b606e4788c3b64b8c67ea64de24d0,1
74a64894e1c900b9b4b2a8e869e1f4d145b819a126706fa6f1be8862aee6f97c,1
e47fb5c4d40a65eca003c8e18fc64e745af78cda1e88e09689c130c8de4a8d27,1
ff843545370e694f1b858c0ab30aa125c104f9b412c4d50187e4f6334cb30048,1
8a821e2be3b971ad9aa9965ae9fb6d1105e6d16fd76d0eb896e4a2777bc6a7d1,1
89fb2adcc96dd6e32055ef952f7ee6ca7b0d4358907a352c89372b25f867020c,1
33ce3759e29d605bdf879f131cf7847eb7ff4e19d82ef049d7a76d43f7597eac,1
6755fbb38f2bca8597a1f69cb6837e624dca0e4b0400f2cd1c48c94615d9ff7e,1
58928b7c39d15717209f9893abdabc6ebf910462f4d3833efbdacad93456dea6,1
bc714a82651593a4ab4156e14291db046bccc35c5463716aa1131b251b6c4791,1
9507a985e3a3cac18422b3d36b4b857609ee1670099895fe8d18869be3994810,1
1f218b88c49789e08616321ecbb0598671901f796d73a9b5552772025d238076,1
c3a50ccd51bd65dd0a1e0c17c9419f3edfa5408209046b6c53fb95d0ca84dc68,1
a75a8a13b9d2cab85fc5d0e3d65969a5ad54a4d6b492b3139d06a45331d1a468,1
dcd181d65a05cdd450051a93bef4774f611249930c0368dafbc8495ab55472d5,1
62742fb240eddadc09392fb8c470c2192b5d18ff0eab521d06462912acad1df3,1
509b8b7e3bed921d8c84eff49f712916d6f90b096741f51495e6698efb738c82,1
819d40d975bdf71338524b935b73a4bd0e25a56b3195779855ee0726d7a84743,1
b3f7349f9a5ca706af6277c5739b7bee7a36e0a8cdbe78b4e600a5e0f23fc1e8,1
b50703c2c1e8ba60d54736d9189abf5ae3562c8b681d407ed8360666d4ffa2e8,1
280e1eba9e85f5f988f1691761cf74e6e26c825a60e0f9f437e182f93fb41804,1
6a224ac341821f18895807b794a0dd92b8bcca4caf567f8dde3650ef23e2c974,1
61f338f16a2210843a21388862896d68872f97d50b998a7b2729b9493dac286c,1
e544b6ca0c3f00835b2765a8c9259c39153a2c71838ca1182831005031a742f8,1
cc7ccf47d89ca9119dfb6723935df8bf94920eded0a63a6df36dc9fde37f135f,1
088905b769ab11864e6be8d68ab141cf946723172864e7b27220600b651753f3,1
66058db19c39a9a5b38419dd558d6bff71c3aab259f9d7d4ca227988d02ef86d,1
68182eca074915073d73507433c418c5ee998936a3c47641541d025c26aac223,1
3696927a62f4bba31c27bd439751977a9cd221fc14d83708bc433456e3835c9b,1
b267b15f8000af26d04c263d1d17db57cc8659daaa685a929736606dcc2fe876,1
df8860727b7ca03745119312be230421ac000d93e9853b3c05fd52f5103542ab,1
68b484b87295c9e133ad990aeb835fb7e6dc6e3f7913c0397b558d791723a664,1
1afae58b24e1b137af4bd3f358a63b104d048e41aec0410b4bc14a96f1f678be,1
4bd800c2253ed5123d98bea5d0bd5bf103eae3920a36c969cbe454d4221235c3,1
d264438f2e67ea8bc4c378b8a86f3d821ac8485f9f50da3f7c5ac68659d4fb16,1
dc929450c57c329ab36fd1594d00613af3999dbf24a93adec03d62e2f9767d5f,1
f33059e269aa6c96d4fe481e44dd3ba50b4cca7db0a8794a0b8a7e715d286643,1
d69105d3f8720bb7714510f9bc7b3219b86b41c37efaa3ff5cc29e234bb04db2,1
63bf59447e85a27e674681b980e1209d067f65e0aa4061fea0f7de32940a573d,1
d8b41baa02d5c9a9afe0abbe59322bbcb2d4ca4baa2b2448c7b85fa5a8024fe2,1
a0e7616ed85785083e9c575d8d5ab668b453a2a95e6472071b81f0f520cac7d4,1
1c84a4c49fc80a3bfeef959b95b20ea8a7ee009f4b41e649187995c2e369d579,1
886cf63d80f67883532c9b5418cb0a2ad3939bd543a7d760e9ffb9a70e38de5c,1
8c308ba3a50c5c0c0e929f60697c6fa8946ee79c407c4ca290f58c57ff327173,1
16db668af2a20f26f338331caadd4951b1271a6f95416928acecb605027c5521,1
86616c4948e10c21fa2fec1d2515a14b32bf00d785f4c1230a5e436be1724af1,1
f025be09ed399406db0e5495141b6821ee5c47b551c479c6b556270fc9bb5fe1,1
ba324ee654a1af058c9c26dd4fbdac86c2ae4351966f2023652d826aae34ff2b,1
779c462511f15d421a53c84dbc8965cb520cc7d2a9cd94d48ffaea1a41c63b10,1
bd17b78925aafb02e2e1539f25bc793b870f5a04de677ad525e19dff566657d7,1
63c2759a71ed323b010db911dc0ee5a5819a7df4eb3fce47fb6b134269bc6590,1
e1e1aae785dca1149cdb820228b2cd2adb88caba49383417d853585ab63e670a,1
9a277b38bc32ca92ace4525d7f07c103e5eec73c4b4b6a27e4578724cf75ae83,1
efcb04a2acb22639ba1259604c5fc54501247715ee387b1f9ae97435ec0e7735,1
41cf775685d1331fc1f471c54f06a26c04e584373c9f83fd0fca33b3aeadecd4,1
99cfd6a3d821549fffcaac936580ec61d5a9746e28762c0eadd29a387b2762a5,1
6c1387f9bb3b97845a31fcfe219aa9cd7c6dbe4c0eae02248e6212fb59ca2ee3,1
2553282421999d6297c8d96f68da2aca97b21e7a9bc7fd6898f0d6497de0ef24,1
058193a2054aa3ab6495f366c48a15b047112c19c6aa4a3957206a0c2069a53a,1
dfe334c9b932a03d416138de6b9ef58c82bc61c705c4b61e1ef4971174481b34,1
be277ed5fa9ac96d387bbeb97f41be7854d43a8f0a3cb454f9d3556d2fce0310,1
fdcd1f561e21e58a8ae8f36ac87681a9752dd90a65dc9269fa5e4ffbb0cbc5d4,1
c1220fce0f0eab882d50a3f8dfa9d295679fe9120dcde53b2f8e7231e086d1c9,1
262bbcc5af7b0fbdf40195892be34ba977e8085a3fe10bf70f59d0d1402b9dfa,1
b2d62d684d59c801c00bd4cc7e070d403360601f2114fdb2e01092592f72942e,1
356dc92848a88b540f78b401541d857d44ad558c208960fe6677eef435a655bd,1
d89dd9cb86dccb4f50fbc6eebcea79331c3c336bc083ac1b229051f54313776b,1
7044ac626195e61ebcc504f7a99a0c2984c5a58fd5dbde8ac829e1a12af03507,1
77b6195270440b09f3e0ac15c9211c0dd3b66a85175e855c0cebcbaec5b5585b,1
51f92e2a4e7a4f86b978c19bb72c7e3fff2fc60c66c9743d287cadcd1d1dd67b,1
d8d9e1689543d79cf52e06196fcfab7787f60d71c5bc862844922d62638e5b86,1
8de1e5aad63ccf2423ef1e3af4aed5c1c48845697d8bc289cfc1f1e955563b26,1
55c0b312079ad9bc70479c19b5e670ac3bb1bcfa9332e49e4823352710f4ce06,1
fa4663ded2fcc793d90d12d0d66032dfecf1251ee7847803b885864d35b102e9,1
9c54abb058f9d69314812bdbfd89760fae551d5bb84b93cd1bbcc3ae8ba25c21,1
cb88535e1a224ad252b7eb8afa4b93a220e6d1239f1dcd68f5f0bfc6e8cad9e5,1
8aeee44d7c53fb37ac209be1e70a63b2a4d67908f0dfe20aeb9e1844b4da9a20,1
39fe1de4c5b40259b8e660bd3b2fd39f26496e4e2f1348e6f984b7a658d72f71,1
257557199218a66c1ee09ef4562d4e5272c809b20768c59897970b9daa54bc7f,1
4d70dc885ba020ec063c567c8f294101cf4feb827f756903be08c3fcefe33360,1
5e6163f04fcb40177492c0e8435e470b1cec20d61fdc442e970c0211eacb0c2a,1
c37a9301234d1f1420b3b72a85f5fa979006e2d039bdca1d5659202c6a0694f1,1
d07be6467c29e75cf5c05751b5cf92eba36fb19287960c7111d22cd7603ab5cb,1
9d83c042208aa4b4bdd1558c4938ff441767c116ac84dfe93bf081caa4c2ece3,1
faa8ce9b474a13cc79076fd579b910a0cc8d1715cab7df9afcf58b675252d980,1
64bb2707d144d64715d8e5d0bf9fed60ee5d722fed7f5c4b658aaf3366ed9bd5,1
16824439cefc7c12a88c11f5dbccfb1fddee306fa22c698f1117749fc7bd5c12,1
94a8691bae086671d5a2ebcbde6c376285065b399f452f45044e3ea5ececd402,1
8fbc824d8471ee0f2f684ecd5c2c3dc9aecde83fa1da9496065fc9860fd3a220,1
74fcc2e787c740110bac65ea145bcbee0d285f8feeebe3b4f4fd176a91dc4ed1,1
c9b59395e9fc4b19d5d7e31aaadec3135afe93064a333d03a5adbb9c99e35959,1
77276329a7732e1f155d9fbae72e722b8d9e41c837f0222f9f609dbd5c357b79,1
f93c5861bc0b8d5cb5e67ddcb6ac7401e3ba54a0fe7e8c54724afc29f3d581b5,1
04eb5cb4c9969c52d424bc7a907bab9292cfce4b92ef0c3ae8bc6d17032a9d45,1
4213dfa53f8c299d9955d43bb275c990523c289b25be98e96a000d8cb916a86f,1
1adbdbf9e45d10adddfc168a5cea184951c063e792b0e45424140fed494643d6,1
5595216355c48c8b0b6b75506cab30de9145d48eb5cd5c5454a363fbd1e7185b,1
7b19e891e0cb25ed6ea0d4bc028d5a8a3155b0653fe75f4789aceb6f7405df50,1
da14286baf9b4eb9031cd3a4867fd3ba58f0af717f61ae5c6b4d37c3f50c4137,1
399b254f8de7f763cfae57e878533b3cdb097ee1687684006b3ad17fd0eb9ea8,1
ddb690ad3fa6a5da9d525056663ee23931636ea520e598bc5ecff8417404d701,1
9f266889537c4386026343506b86ca2d799fb015f3b46431a125443f7447343e,1
080d54d6cb5c7ed9152423772ef770d700ad11d483abfe964650d45cd72a565c,1
126eb6a22e8aa781eb8c9f921dfc95926f9144d000279458f03069eb7a7a252f,1
3217d826932253f264f37eb48cb05f3daef2ee12ac6bf452021fe19809e76dd8,1
286ca9605fcc1d92730909667b600b5a8843cc62a02f2821289f9d4fea11fbb1,1
dee7e7a1f26e4b9b6776b30423d2599cce662d0d16be6859d5132f78f3f06735,1
b82c9cb66451d35abc58fd13070e503a2b507a8e781d78b9bd91b0a83a2c62c6,1
da96a96f2197ed9184b84affa42d1e941cc7435e8a3f367340215add3c81d521,1
e769225b80d9db62f2adb8d1f740a99bb423655e870b90490c6222481adc30fb,1
10b90bf97f9dcb40394c39a172b4f29ecd83215712d5cb1db68a7d0d66848529,1
62ba0f7cc6a8027ffa1c2c80edc3b137f76e8bbd32dae21e6d174bb0e3ab2db0,1
39503a9a8c744479113bf1baabd37dd384d0b87ed916465da532a3c503e70e22,1
65ce21aeaa5b8c35d1d710314d8e60bc2666328fb5065cebdfbaca3b103ae31c,1
587c2cdc0954ac0d60a8f27bec183628a669a7f5a2c0234952ce92019e7e749a,1
8e11e47fcda99193c8165fb943a6753090ce7be95cf6a7abd346e8083d37670a,1
778e3bebea586097d27ae72d47c2530dfcf3d749ebde91976cede89e3a7e29b6,1
1760d13a460c5bb27a83838faddbaaf41cf3efe95cad1a003863ca575842a729,1
d1bca64bbc0af5f0de34309b8d0bc07153d7da2e16a83595106ac83445fad17d,1
4dd7a8c327684afd3bb2a27cccc59dec5ba95f766f3d502719135062540877ee,1
abbcbfe8395f8ed23cc85ad7dc7b2c549f39be98759227e0da705a3fb2e04425,1
82b9190d81934b93b299ea57e839e583eeb58744dee05284e99ea97d8b2f3b2e,1
1f4c3a91901b8b9861445bae5ea03f287c166fb2f8881f780ef5f1a87e1abbcc,1
795ecdf70cc2651594931788c90c8c5f48f50b9b22c399a8ada047b4d8bb7a84,1
0f2e74b1251e060cc1a845b1064f2244ca8c6b8e69d12de35517efab1a3d5f5c,1
fd2a5087c29e4a9b7fba2b88c60cea6e3e78ec536107fa4d0e0569b6e4e02249,1
192f954678d5f660a4002d7d2424157c3da5b532334f1ea5bed61809ec21244f,1
f01d71cd4a09f0dbbc27f41f5761575dd7f433baf2afed12d4d8d2f5393d1b01,1
0ac28fd35f7eed0821a535301bba33e77c0d0a0ec1dd37728324d2c4dfc50a92,1
37a2edd7448e42950149940829d11e329dbb2d038b52a5e575461bff200875ba,1
21f8f497fb04074b69f8870824dcaba2da109dbafef6a3712b5e7524bd62e919,1
fb9e387c1db7927d4981cc3a33c3d7227ff9c0e9df751b829c938ebc5290afa8,1
35207d3ddc0d46e3d566816c0031c694702df20fa8fe29f69500d5cfa925ca57,1
567deb4a238727f4fcebbd274dc7b409698b99ed4ee87383797bccfc884c5956,1
368d51611b03d9851df81aa92d0a95c29e004a8026d53807498f077ca0595386,1
9422807487eae319236beffbab09d5e9589a1753b4e427adc8069a5cdabbd0d2,1
3b0bbcfb28c00aabf60a8a7b42acbbd8c902ba411e6fa41889cdad8575ac9451,1
3a96b4b5b17af351c1678454cf14b29899196aa454ff98c24eac06343264d215,1
9542b007e99de890aebd3168f276cf7456c9f805b3a54e10b0970b79db3cc8a4,1
de3e1ac11deb8444d5c3caa325bd1e4db81696abe17c2a69325c5344f8fad2b6,1
526bc30f24979b9613e469ff6a4691cd0b8d1a130a2a2c7f5df2064f60d97544,1
b817aacdcd7b6edcb9174ab1d6c559688d18d89bf61de8df1c74e46f9eba8c71,1
d24081008e162754d04f7a7f68528ca00ec5b0fd6d1f3dea4280e89692e44595,1
6737c5b4e0e51cc93c7315e172cb8db6d905f94a0ea3d31754e6a2673ca1a108,1
70412d34ba4e4bc368d1dde685f5e02dd074b962f575cada185ff8214b8414eb,1
1a8113e58262d236b5cc4bac19a51d73ccdf7e280f6598ada813fb30f1e67fc2,1
426d4a42e1dacc9d1d41af4eb8bccfa2e9e3b59305837fa5e94cb62fdf9ffd9d,1
1986bc5d91ab5ee0f4cc5ec4e2d8d715dea7c4af535c750e23caf9b636e12c54,1
caac2a8470897313fe2c23cdbd491a6d3c73a871cc69f3295a59b326d6f3dc00,1
cd8dd7e9fe65adf9ac7ed3ebf0155cf99e1d7b5f44bc61f934b91299e17fa510,1
e5d581cf3693ad1d13e1c31bd3a5f543b528c463a0bb2aaab092c1c51733ee95,1
ee4acdbd609eaa18ae91b578ac0d2aaa7e92a945777955d5dc31a22624ec2e88,1
55edc227a50705373e4a377d67e10f1eb947aec7452d59295553437ba1cc7d2a,1
9eff4fe7be61d3f49a573fbc9ac52f10dadfffe0f199b44c8f5614279c2a6709,1
15620895c6f8921d717517740426ac2745be36e9264524022e1aea1167241167,1
9b1f135919098b86872119ab03d8c308c19a42c1590ef7b5a06ce16bce9826ed,1
3578017d12c54d26e54833ca60f718e00f9615d07f58fdeb3f85c9883633f43d,1
cb05346ce42a55e4cd2368846eb6284da43f83e977f13cb5cddff89321ac8e58,1
77eec446375e4826cb9379d12724e134b4f4af9b906e1c105ec6d7afa61a9bcb,1
e385b5301e05eb9c2279ac3c8a9d368228c37d0087b4959375525c6fab41e0b2,1
a218c4efc76c3038721e7768b63a4ef9d7e1ecfc6438999cc303966692b9ff18,1
9aeb354393317fb3d85388b7ce26c2b05f7b2ad82a68f71ea7763a762717fd91,1
eadc16761f9208e8dd2801430ba899f3150cccf8bdd55327d2b4d4bb70e91455,1
c42337a9cea165282f7ed9c2e16a7823b15b7944077301e2d35fb586697fc7c4,1
3f3933acdc158cf776759165a089c106a1d0a8cee4a348960d0961cc30812669,1
1f73af8c0bf62f28fb0fc927c32785303e9e803dfd3d95073f5b5187bf4b1f45,1
88f2da51e5f0e76be5d6f4d05fc55f1338d72b91f013d5d8e734bf596b1cac5b,1
92e19390650a7a41193be7a42c6645ce83e227bf537e8ead102ef8ca0a2f531e,1
da7915ffb57ea2906719455f145a28fdf93462c6b5ba986025eba0df76cd0ef4,1
e0bdef4b366ccaacf3e05b1cb69550b4a37f69af79d2486a75fb71422988ecde,1
0828217fc5daf3c69869a60c54aba43d133166b2c2a872be0c31eb399ef68f6a,1
54ae01ff86ed46f6b6d3abf3838f6554eeb5188e831bc2d1ec434dd927314382,1
5b466dcadae8c14dc25abe8aa867494496ca4ac35f75b0aef2cdf63d9caf2289,1
044f926d6ee5772f7bce54ae7d116f489d2666f4c748040f469bf4a4b92c058b,1
46e17f196c0225eb5c8814031fbc026599052a9b93cd1c8bebedce870e70493d,1
58e8ced0cc3c4f64ed8e068b47fd1f7d2384c37c74b1921573b13e5cc44e86de,1
78f26eb8b9ec310a1635cc7b0b50d4bfd2ba685d3971a3ca6082920442b95960,1
518aeb9c2f48612cdf5d91e3fdc25a4399c37f2d88feb09bfe4e60d859724be1,1
497de75104c3f0cbdc504a37cd3d8c0ac6ff097956ad8b5d09ca46974bb0a85a,1
3f41757246078cf0d33b781f175232a7e7cbfb54cb533c56331f535e42b34d07,1
d5779f3075dc6776339a4330dd8addde8ca0777f46ea9c4e477b19944f8513f1,1
98a738a33609fdc41f9b4db1f7dec53cde022c1c258c0a502e3664d479e6d499,1
d556b54ef187cd342ca7a01707304e158fef37fbd3c34fb5d5de509efca872d6,1
1f2f9655822b696d52ab8439290ed85c81477c77fc8dbaf810a2d3a216d4b616,1
302d337b03a5142768e89f7e8353e17eb480ed367e435ce2949a4576a3001ec8,1
c210b040d1b178a5e1980fd42aaf883a8dd1c73b255346b04b02be1cd5b926b2,1
31a9632b48fadca28cda9df4d1478c4ac6c71295f7b1a9c20a1d2ff5ab690e5d,1
c2ddfdb374043b482c2ffc7579ba5f0b39804066687d3868f39e76ebfaf05664,1
7d1851ee39f7a6818c658b02cdbe65ab1c9f5a446e69e0b41ba116642c0da2d6,1
16af3ad6e2a27eede18d6a5b26c7273c923613a7e56923fb79a53ef5608b364b,1
2fd8ce876359ea1ded2b496a268a53b48af3a5c60b4b7ce2b1fb9818b09e7dab,1
e162265f1b8c438ac9f26faded44d1387502aa4b86858ec5f5294d4c90ee70d8,1
fbb9715587e6c611c47ffa7f741245825207003664a88ceee22d8adcd28c6f64,1
a004a6dcbeac41758d805312d6ae86ad2f352236a51b0e3b6d1e92fac72bd0db,1
5efc65b5268e6cb9f044e088369922c746eb6b23ff0e3d1c9f5e64a9f2242b4d,1
a32590fa2b160aa99dd980fb36d7b8d31fea1f4e1c1b84084f06b5c48a41e493,1
ac649d8a132efff3d963c20bb82b5695ef532096bfd370eb1d5f201362aa5974,1
a1290ab424713c904b4aa2518c932082bccbaf43f478fe10b95bb24a8233d9bd,1
393d68de345cd9bda194bd47d6206507c972792f32872c822d2eb6a005a0ad9e,1
e08eb8549321c9f9ae0ba58da73b797635f7d5048a4da0bbaba2d901d34d89b8,1
afec25530a49a803a757d65d37ac057bcc16305f1604eee942554f3c744ef3eb,1
e362374daec1fc787ea32b7bdca7d8ad7c5c1e30f0c0238a9d37354a8171a95d,1
c0c00c04678a4b8ba7be77adcb26e99e85aa8a794bcfe7f7444a7cbbc080a37c,1
884c806441add65ba187df601f573bba6cb9541c94a784633ae771725613e7dc,1
32d318f60349ea84547b30779df55a3915d30b82b433bce5d0dbd5c123ad422a,1
1c217097f699d2490e7bc8b367e70bbb07f5006d2590b4e287b269ab853fa319,1
db1dcf7181b26b0c3a541575093985db10e5ff0caa389eb40a548ec65ec9c063,1
f83b08ca29371404f3a798f2de07b0a6264ab8007522457fe1ce32c9298368a8,1
e435c0774b1d68f302b3b3f6cdbc16059a6b461ae82262bf06d6047173b7faf2,1
c71a7915132c14bc84d8a8aba9781a225815880d755bef6b1414d19137fa8c12,1
dfcb5d08955a2c291daf734d4654c08ec14db4fc8ca72d5d9592ff6a4a118811,1
c22af94239d52509a16bacb67e6c21c5ce7733ff8e5a523f01485814a8cf1285,1
563e790f78541ccb20f5cfda1f5a452ee6bc6e17c2df8f5443ee6f144a16bf1d,1
021ded78e6b92affb004bb0bf971d2c706d1f6d41476a262d5b315bd04225a7c,1
3c0c03d4de9372b705c5f7d0772f80068f073607d7d16aa46015d8c1d40ed78f,1
2bda2f75195014fc73807ab0af2f3988420959ed4baa6b4b95793d42d2f9536f,1
56944eb383527cc2bfe08f1fdb3d25609783776b8308d8edda8e674999a48488,1
406f4afdf54d3c50f54b9339de6b64178fccda619f44de28ae152c051c1a66e9,1
59a6f8cfc09346d20ad8391401b2e519333655ccbc720fd3e116d111eaee313f,1
d4570e6ca4d0636746f7e113a6d90200790f921a2a528bb312ea3e1d5ffced4b,1
a52beda78cad67fa7bb338c878bb2630b2c7294aff495a9da5de2875e782a4d8,1
d1ceb2e114a807984806f5210cb72f81e03f16b0a871a38b539506d8f51fd43b,1
30e9aecce12420a6ac75f379c67c603bb96f181697219157621cb74204d07af1,1
b421522e260386f34e566c5e4f994d7f1f0269b83f79f27d7069a5d50d24c755,1
176d6a1b53c785442bcc7b79ce715e5c4c23d183df9f12940351c0165e75a318,1
59df6d3b5a9de70a37a15cba93cd4486b196674bc08fd9886adc1a15939e1256,1
8be30757dea536c3ac92389173e5ca3900b8050b04efb5d161d6a53b50d54116,1
320c5718dab969605e656b787e89d71e6ffa9d5d7209859348ba1ab0e83c6fae,1
ebc74c3c06a17ff5a013b25c6a87dce744e92f1d1c8ac4691c6dc23d42e32729,1
7061652587fb6faaf8c963c91c270cfb7e721bb3101f552141d7d59822b083b6,1
ebcc44b7c9be818c73c1efe3fa886f515bae01646fd85cef985684f5fb191e74,1
d88a869aa4a3bbf623ca462673f60138a1407a688df195019bf4ad5f9f227cae,1
e33f45078dec7c6d8edee091fe2d590f75baadaf2bc1909d403bb7f4dadae089,1
a9208edf67ddd2ecd971e970d573e9a9ad05ba7f0737abf293ba21c81cf6aa41,1
6ce5e55c103ec6eaa4f5e3c0ce4566d7f322a8d78788aa3f2e99cae617017499,1
23ecb05946c28cb83b03ac16144907f37934b32f46913a664639d1ff455b60a3,1
9824f68464046f466ec186fc2a9a9648e75ee360200e481d6a19f6e4d475c5bb,1
175ef9d8f8aad9ce7a38870e17d3cb11aa5622b168d33be2a1dec70326e9fd43,1
bd2d765b3e7681f594edd13305fa589e073a7c27f2e003e0f1ac99f358a494ed,1
0dd437a7e6aeb31e68584cc9465515423808605293d5c6a4e160049634f53571,1
b468d93d7021de98c6e14e9ad7627b5cbaeb5a1f20f23511ec21f3a34d034df5,1
0f12360dfae0cc69f9269a0581f530ea99cf68f1407533aac9c4247fc32ba72a,1
2745e0d8200a7f1453d484c6220ae26e613b977de34af400198b1a16bcbdc6a5,1
347a4a8aa15e4b1fc16b4db402986e7dc146d9830f69d189aa435d905366f99e,1
58a0fba7dc1699513a8b1f8136b9b9d3dc07e1565fc1f52dd5bdeb67cab2ef17,1
6efa5155b0abe2f8b8795da5eadf0bb97190e64266467cb006800e11271586d3,1
f0f8de22104d54696b29bed65753a3851da2038b3180d4106235bf7769ddf69c,1
f388e1879c92e126a7a025e2ffcbd7934d0fc713ed5b3897be989a40c18dfe8d,1
edee843ced27b06958dd5bb45ff1f409b11f6546902eee431335474a51d261f7,1
483776343b3d27024446b59f27a94529f91beb39d7f39f95b73760a00baeaee9,1
5a18e5cc020a6794e905cbd9db79a48f62cb079a9f66308bf814f1eae76ce29a,1
2cc6ee261deef517d755be945a2ca9e0f87c0ab80cd479f686b0a55ed941e2b1,1
4f7205e81689ebf074c811ff3cbcf51c3945ecc43d690c6ff05b0d297718a05a,1
4caf20ab15a160d6c5a8677c90f129a9ebe35bc571e44abad0dd748d680dad62,1
95440e5c53558d837fd1e314ad2a32896a7a23a66eca047172a69284d5a646d4,1
124e591d7129befd6121a60b6ddafd1ae5dcec85b65fa7254e3d8d46fdefb39b,1
1584b4a07064e4cc7884a12d6d495c5f3debab38ada31bee0ddb74dbaa2a0a3e,1
67bf1c0a1eba9e7b85202442ebb09800af23ae588d26f835419aed5f89dcac82,1
3e128a16d6dd9570b317c27cd85e129a55c66ae111876c2de1a01822920ee78c,1
1affe15ca30d757d83da114671243dfbaef1f5504d27c45763a7bc3834ba809e,1
a09a0cdafb349d79619fb9d42976071c929b84667a28317db15c011e08e5412f,1
7b10757c0bcd90d80a472122e7bdcc7a8ca7671e4da62d9d53f7b768f4d363e1,1
e07777363e828cc068b71ead98e14b628473c8e0045a25e10aa02010d79f16c8,1
b051442a4248ef4f15c580ee6a7c5cf47ac7a7e74d89177318d88c3316207201,1
3d220116fd929c8b6cc14cfd3dd9574e40f0e3ac845d8b0c3eb2b236cdc2c6de,1
e50acf410d8a84b96383f2b1fca1759da244d32d64df91d678c977198a01c6ac,1
25dcf163ecf1a60231f888514a6e34975796ef71bf206fb174453d3a766326bb,1
5cec7575db3e2ea7a26c2b8198a31f49838a754159e4d6e59cfcb1f382391031,1
c0c260b7cd0b12a4721b4b01e9567d2cd1e0f133879d3ac86f1681d7ccc9b48c,1
6c0c8513ec4b8a8b793625b5814ecc52d9ad0e9654faab9a7a42aaa25f25f8c6,1
53530332e4a5eca28756827365fb471f52d5884eb9955cae2b8acb59c64451fa,1
4e6493e8a6f02ad027780a3928319d7d3fd6ce63cda51b889ce9afb5bee28556,1
dd3ac1efa571bb238726ad190f7f17931276e02950075e017589a61ce2c42299,1
43f1c6bf896e0458848d235e8ed95b86aa0d525512dc46ddc6f6715a11841ad4,1
47f681125d4317fc35d1543a4c7338eea18989bec8615f4bdf47572b13d02c64,1
2fb21574be0729658866d84429c586a444e7f0aaaab08f1c89efcb7a19bcb975,1
2b7c259c7c384a44c109a4a4d71c4d8c5479aa21ce92f371b5ebef00bba7864d,1
530f97bb99810a63d8a90763620b831a05da3a780728a6d4a9b0bbb92fd59a13,1
73807800ddd270d2026b4ffb1735cd042b209abd21c595a8b0955c3bb8bcf5c5,1
9f4d6dc348e22da19f5f40ffadeb57d7ee88f13ad7134ce9999b1d48fc9ab9b0,1
e893b4324f6336a91df3b6b12b122d011df78f993692d5d7bb652a1cfca6f79a,1
8c426605abc9e9d1f0b17f92a315d3a09423cac934916a8eb219bafafa0acbbf,1
004cbfe0a340c54215fd9f6bf24c112a611d26f88816c51f8210a17c152ec77d,1
a6de36baf7de80d5e8d06a453b44f97cb70cd1342147dddbfaab0d147b9b10b9,1
a16e7e7524933e5395373347896e09d4f799549a235236cdf1a8dbdde435eb15,1
134806750ff16fb5e14404bd6c800432192337d6022506f3d3dcd667e3616ff5,1
2140136dff3038018924866d3003fdb0dab0c6715d30e36357e0523fad8e439f,1
f6302f69bf6ed84ea6e5d043a44bf38e68a9b8946b20bcad5180568a9ba50b92,1
15f424b3518271f3526ea90895d126372769d653c0f337428942e39c2a117d7e,1
a45cb6236db489f6b6fe385ed77bbe32ec7e206bdab95f86b32e22d0297d9641,1
841140b110aba8ca733575a7fb23f8dc6ab71a676c3f81997cff4d7244b0d4e6,1
4e26bc2dd86bf10e784860e53d72f13802cf75a5159bd8e0e2374bf980393aac,1
010ba1feda783bfacff7d213f8098a5d983d80103c1db1bfdf6a849a3e2fb898,1
20a3fa94e5809c4dcd8bca7ef4c8354ded22e3a9a0e60d2043bd70302d65ea74,1
1c3b9a957cd6ca240b6030f26650625eb73e76d4399ed874bb28295931dbf242,1
79131b9bcb22d80f426912cfdba82077622f27ddd1973ff34a77a33122875072,1
bebd26246e45f6f05a45e99feec8741446f6341f9d1b2634b8b245c403e6d6ec,1
5c4c88f1c6848838687e971cc129ab70394f7629afee0e6cbd3aac0095062e95,1
92b9e27bd28041fcf29e18de29a5fedd93aa75273c8ed09330e9322d93d45ced,1
361537d834f4b008f021f8ff26a1d9eb2b4990e5f3e8e7d776ece19f985181d2,1
e6e8a544974973bbab506d236231add146e4e2d264a3c435cdfa614a839a803e,1
a23e836057f281cd3c3178f91766dad78aaf6f5c9081592e8bee097748f1079a,1
4231f279132c3c00091828928f97f52484f9a61d822400fc221f9b9f19cb7ac1,1
498fc8e995c1bf25a1c2beb20adf0fbd04351fe6a844be224c89ce7ac3327049,1
4dd9f9e360fce69813c951f9157f96e34fbc769c9e1a33a3947a7aea3fad139b,1
c936effd94875af349e85bf093d6565093a090aae622f7fb03e036495502ae4c,1
0163ecaf20201c4ae512dfeb108cabe66a16709c9f301738cd8963a31a61bbae,1
2b5d46354869f5436860e99009ea09c7980d0639fe75f17c4ef38213d4e5d56b,1
09b4863604b2a5f53f223ca28b4c1704dd0eb772127abbde0e2d69c4e5b34a42,1
b8d2560aaa188698cff8e890f7209ce3aad0cbc990e1bfaea01e7de683c3ac7d,1
b17a9ad7f66e9b3d49254226d626f22d46be4a33d542fa517df82fdfc3bd03e4,1
52126fcee21a102981bd12242b523f467a6e022c1bd7ad13b924c02385512953,1
5349aead1814b321100915496ac31898f9d18384265e62a0898fccc6c7440950,1
e4dbcc4a3af474e9c6c8ec62411cadf3583beceb56d56543f8307da99af4efee,1
f390d353e7e296bcdd535f6bd13838c59a7e96c2073a2a2fc9fbf70b2e65bc0c,1
ee3233a20c588a01b8d9d7cca8fe1fd9634e99d6dc44b58d1fc743ad0523b215,1
85aa9a4cac979310b8bb48ccaab5acaff80ff85f2944548fa0151bc9bd6fbef0,1
6f8393bb5f104a0b0dc33741af20735d843777210f08929d46e0d0512ec08b3b,1
b05e8da4dbd22fc5a58aab5d0c0049542aa7a2b2dfb1e2bb863974ea8e1df7eb,1
4a28ae88e35bfa08a7aae92ec7de461e38a4ddd0bd43c7ebc6ed4d443437226c,1
6c9742d8da184935801e1abce8e3cd89cfb565e57700ce66b9ac3abea5aaeb7c,1
d19fe1531ed524aa17f2db3e37ad1d866eba814712b949e5ab685d6b92874ea1,1
cad81297a5a920bd2ea2e5803df31c1d4f2385503bc7a74acd054fc9d96b48b8,1
9c1253a257b9e1bc34df02da804efeb48db94848e693302190125ffa227cee64,1
b14eab8aaca4efb3b3ca311b1d41636aa7ebc31dbcc32b7dbcee48935ed81d51,1
ef4ad83557b7c056554057116824db3dde300ef6302c1383d5c6999b49e9b0f2,1
14c52b825095dda938669902a5ba06d5e9bf80f1d4bbe3f65b8f39c6ba1868dd,1
2a825423dca3973c339a3af86790edfdec9c6bcf3fb1adc24c69f149ba0d42af,1
92d1aa796a96ac586d9f2ce3b349e3670223ab3c7b98eb913e081c1e54209004,1
24287520f3ebfef5bd477301d5664847abf554b07dd34647145dba0f461f8928,1
a8abbb071f1542c68e2aaa10c337ef491db995036fc1b90fd9a7f25014bc6f87,1
b59eefedbe108bc55167c139bf81700e0c5bc4bf4bcaa96fbc736c780b691839,1
026c30c6401ef598fdc9627a17fbff0c79ea211d5f10f356ba1f0fe7672c6072,1
08bd7b89b5434cf0fa8cbdbefbcb4af067785ccbb55a70624b22be4044894b47,1
4a6dafc538af2be54aa448c9842c444b1ed05105f8d4bbc19513977837496361,1
df7d0a67b2f198aa786552558f9bae4b512000d2dbb7c54d10e4a55366937d89,1
6d84b6d5d77a8560a5f9e50a152e145889f943ca8163b8efdfa69c62c2b66407,1
ee83f55166baea6260440c6683c1ad6068bb634d359fda7d4a966bd2de432f09,1
a32675a769273d0d863f41432e90b4ec13f885b5d211c668e79e377bb3d07e79,1
a6a73cd5ade783ca8730c8936c5b8f929db92616d7cb6d0a5ed5fbb9f529aea7,1
2589eaad14bab32896caee18825d8885fe19fe097b0989e03d9b1d82d9a3d297,1
f2da47b5206ce253b2c639a6787d9162f0398165f8cc137b58ca051d1bb45394,1
b535fb5da33cfee496bcaa2a3774dbf16731a67e55b135118f7c6d18e86bfa8f,1
8d3cc9285faf26d3f8333c54646d6b3fedf4c9b90b07a1f3b0531599646201ab,1
6a80c2fc565942b501397ca2463ee2698cf7f6e369885db31b07eefcc2a394b6,1
7989e06438c0441033c575d9fa2e40ec78069176650c14ce921a6592e94e9c45,1
bf3ca1345f13006c3e5baa541444be0de318c164c55562f54b0b1c643676276b,1
562374e107780086db11a60078b9ff89639f4a6a42b6f442359bb6470e8d0f30,1
ea7f6a386c1516f49c11140e5910581d2ccbaad4d14dad65945bcf69bed1a81f,1
a350724fa336ea04887c05427ef3de33b35274e3a0d0634eb745b4b7b1307c64,1
70c814aaee555fb9dc798471fac085a887c769cbd09dec47f52a91b6422af464,1
3a5b3c4b0fc6d158aee7141953fbf1f0a45c13869f7f78c3c01c4a30de6831a3,1
adcb3cd5eb18581aab83e70df6187af6f7d6b2db8b6fedd21d77a905ea30d0f2,1
a730f17f3fdf7d226aea25fe5f68bbe92fe625ab70de4403004f749d0ad8e961,1
da3f0722ebdf843071e051d0e7c4c9b6b5ee65e2160d03b1a1738f851e095ed3,1
bebe712641c7170451f1611c015b61db6842d326cf41b94b72f09aebf53d0ae7,1
316f35035418c3f0fd5f71e656569f868c31861854f0fe49ed0f8b7fcd430e7d,1
c81f3ef77dd998353164271dac513264a4912872416aa19f81fa467a4dff0391,1
7a2df7181f80f2522e884fc59e2780184554d69df20985d6aa36541c343dd44f,1
2c32393226ae5a0d5e4d0096d06b6ef5c530e604d4fdf2a283090cde7109bbcb,1
4f8d8c12391f0fac6be6b308e9e33d06ed19824fe4499fb0ca66e8ef96fc1e92,1
4f232b3df294e2ea0aa456fa032818250a57a40cd2899a0ebb3b6ed7eb42a238,1
46fd685365cf5d62efbd7b1f24fcaff45e4d4c5f331f879af14ad25c8bc6132d,1
fb3bb0cc41a21280038f624d24ead34d01dc9395392a2c0aa40c59fb354faa84,1
af4b9763b74cb83aef84a4af880e5b6884d3e0cff947e05b53b8323b7b9dddcd,1
22b3b5a48f8d4b7b8c2b7cf5ddbffec8e61bc537599fc82140e9eafd78b75eda,1
bc592e5853bbe9827c1083cd99ff3defc63698add8c4088393c11395e8ffa82c,1
a9ecdf12dc157bfff65ad7b772917354b213d3e680a97808a3bcb43fc703cc4a,1
0acca253e83208fd19af14166c3ded98b3dbb4eef4d335c88348725ca1f95cc9,1
d8912c8aecf12cd51ef0b7ec98faf905ff2eb1ad78ad083d3eb30abee2b8347a,1
487a28ac6c7b5b28075b4f4baccda1a99cf086a908868c46da505905e1b4c54a,1
16dfc1c8aa2ded5317c1796104c6e923585a7b7620fcde4f61e9120cea8c6d3d,1
71019947333ed9e51fd5744c04240ff51a13e6370b9426780c5e5ddbcc136039,1
07008d3c5b240f723cc215163142b515b81a542b56092a03471f216748e90834,1
96cf39ae9ca0c3d75d18fcab0de3bb3f249051c23311635f5528467f294617b1,1
4985acab915820131730dd6e5ccfc4f62488062c0b25cd762834e5f0b433f048,1
6ded420ce1fbc1b708ac846cedd1d18a594355cb0fc79c554cde40875dc39a3c,1
e7ca57018bc365931d20466787c629eac1d0db129365396de102f8fe9cd9af7f,1
70e2bd948a556fe97129a67fd7f80b90e3c026f1cd4a5a5a6adbd31cfa7b3b1d,1
d9a9dfbe46b469fb95b5f7ce98a35013e4761d187fa56f6e2eb2f744e2307ee0,1
d4d719d5d1fea038d181de96431cea0feec7c49beee31465c53ab13910128953,1
9b80490d1d886934ca54dc677c48de01edf0259f967ab63453e1e27f3e73aa56,1
6cfa33c1ad0e817af1e189eba9662df64fe36712c40ca9a5bae9553388ef47f2,1
6c051ac6bcce4e5ac9b6649d7a6d1518dbb446548adc5360108a7571eb1b4452,1
63125d50d3173ee5a8b0a1b19a900a5f79fb4755cc495b71a7d891450e815975,1
6ab27c6489b29af99c34351c34c2ed6b2b3c1543516a73495d50fe665e9004d5,1
f6647b2ef0c9c7a2790215f0806d932e511717f02ab2b96e7dcbf96e404de0ad,1
cda798d658c11c044262e64e38e5c74a30a10c2a94843f27718644736684a977,1
502fea917a466d0a136acfe4b70c270fdbd90531c97365ee31605ccceb61ce11,1
c4e7aa6bca449101a753dfe1f4da2c9945416890abd85f2b038afbd56e6e73e3,1
93c71c63f35ab2900e602e19f13d1a056ddde0a94817df6006659eb0a683f048,1
13a8cffc4269fb8027008e1cedcc231bc270d1607b40ff64d4f61cabd206e558,1
783af42fb03ae49a23e3adf70131cc5ddbee9f9e882ef091b06e85640f733166,1
053cdd078922c334977b074630dac34bca5c4499a8fcb5bbd88c2982c0e024ad,1
2b9661ad4b36294a8ed5a191aa22c766fc0cc88414f1f1f91ec9784b263a37f5,1
406c1c393d87ba74c33b29e2759f65b8482fd7fb4a5a3cb03bba9f90735b47dc,1
bd312be3c0548e19b7a88676ce0b244d2d3c9bd45086c74cb6d20c2c6c632343,1
fb03532b128598397f3f06f23d1cbbfc8d7ccbbcc120da1c702818559c24f270,1
96e913e73c25448823ebe0011748f952938bce01c466035b124a5788ebdbf95a,1
37f308a779d1a66ee633cbb8fea03679593fe0e33f462c789d8ac189f2b73c5e,1
5df7aea3668ca7fcc03729f4f64b8199c58c2137e3161a204be9122bb52cb40d,1
9a8d8d84700631f2884f26fc9a95ce4a35a84de937d3d56fec7f77a9fdee5082,1
8c94f62f58312c6c5e69cc862a6a3a2a778cc317aa5f2da78cb3b9150fe17619,1
9e2478241fd592873ac47d4d7613ee4f85965ffb1bbdaadd9648464583ba15bd,1
63fd6b5b5aa010cc5380822ff489eb8ef723027492a7108cd2d050b932eb4585,1
b7821d0947aa9de21beeea992c599355f425a81ec1cb1a9cb2765e6900c72bde,1
1acfd0f7c323a50531a80b88aeaecb1a2a8a551cda06325224969f0eccdd7f3b,1
fadf3af7a303df768ea4a6660bc291d515b40564db59e5a110e30d2baa4167a0,1
2aef3c6aab5911ce2b029b885f5af5aa85ef6b629bd6d13989de66b3989e3ac1,1
78b93af0110bbbb68f620b7b776240532836512caa7db0994752bee5918d4cfb,1
30c4d3efaaa2d17e7da1e5aaeb44c0c2853256e7cc464b64c4233b6cb8f6780e,1
b89e905adb2a617a7bb10f0708b9f935211402a297f703e1905ea06ec9d966ca,1
a4bb058e95eeb620fc15d87c62440e8a2b8dcd04390be4c0be9209718fc23f3f,1
ac091eeecb7d1b1f133b733d1dab4bf67b277cedc8ba0dbb8cf7007e3a15dbe7,1
a154f50bfc78d8842fdb6e476803ac477f1406df6dedc9baadb6358c70d0348c,1
f1c80bb653f798ec931cd611a01400b8308fdf566db13ecabf390fe11d11e104,1
6be605d669d811a59f7113df0aaad18bbd6bd8b78d8876e58687c542523516e1,1
19827f8e9ad839cc0d425a51490f4e383968065bd63bfd6aba158347b97caa4d,1
f789bcb21398cbeff56332c893836378ff0159837486f574c344f8484dbb9529,1
f86c5c76191aeffbb179582598e199f3c55d0cdd5670463c102cbc1b84cead02,1
0e1e7c75aea150187676ee8f483e5dac65dd676687b8a01ab1f6a0f1f4873f0a,1
356896b38f99324bc1f0774f9d45bd99a83184f0794aff872859cb8199c2b4db,1
a17084cca79720b26d94c7f842827125aa55f37a8070d3659fc26b4b64f38a90,1
5e20b83159e814a96fc7b55190efcf0b793bb555273f1336ab7d88d448c442dd,1
d89864bf610db8903729347a036ddd554845586fd9eb40eb3ef60f2d24870c78,1
d8e6f65cd6947ce292cad270348ba6cbe557054fae7f479d0616bb586592cc1d,1
bec5aaa68b20df8fe4af5e21b331648ee78ff3d88354d023226881476babf2be,1
23e1c3a6943ac3730f6d2eed7e24ab67bf1ae069b5e5b10a3cca841ab0c97236,1
8712152d88d824cb97eeba3869cd4f72ff7669f749dc10e7c4c668594faf9fdc,1
521d23968fb888411e2f43f3c8dacedd01410eccfa76c28deb816cf03b0d2ead,1
8ddaeae7ef34de0dc32f1a85d702c56f7bccbd91793ce4a4b11b076dcda4568b,1
6c0f002a06df32341f8ddd4ec2c19dc7021d6daabd25324cc3e9339f44dbe257,1
bd26a7c115bdf3f4af45c35b2617b5905d82e4e63af50a315dd975d2b8383fdb,1
9120f5ec100452e3b8e47b625358cbdc1835e116f6c62bda0b27d2692ecd8ca1,1
9b6e1ca16230ee198e89707d2b5c115c2e416cdc1e0e24a584669a900d9845c7,1
6d5d95801d010e499a3cec6f8e1df2a1a2898bec60b9a0260e0318b36f61f8f9,1
26e343c62baf9feb3c31307a824aea3b009a58f8cfbc11c2b1e6c79eb77b62c5,1
f7cece07d9a26116805bfacf6e18aa1060001649eeff164846d65edcbb55531e,1
9b162c887e5c3d5105d0c1e1dcef68f66ca1080eb9209cb2bdd69b2c199cb6bc,1
5dccc5f4ba34dd80cd5e5fbbacd92fadf4d40812f5a87bda96ba1f1549ba6a32,1
51b342ff95aa1a1fe43dc79576f396ddb47220b282dde4817148547e4868b4fb,1
e2cae97ffa77e8c4b74516ba1561837938b6f519dcd14883aa2bcb3e3eb3b494,1
158b9410f765444e777572d76e0cdf615bc2c166f107b464dd1c54c409f49e30,1
08dff7331c05cff686b496c1e8cb093c3afb8943505c7c4ebf2b0b43ffccae07,1
c33e4c75433e500850ab489099a45a5aad26dbe893e55fb53bffc9fc65f50e9c,1
8c81c9c69f9efdc5df1dfd365bd290a37af998f5fa0a68d4174136017fc1ad66,1
2f3153a4a8d8bfbce9468bc76f02db3a45cc8a0cbf7caa54b43bb0f437c634c6,1
82c7565d8834c9c12d12329dd9cc44866b6fc99387e93b76fea15fbbc294c2aa,1
a850482074aa5c3244a07f9ea217b4c0d846870416b687082f02a588eb939de6,1
a9e486bd0d4fc108144ed892023926e5032a524421a7ac478ca45b330b264fbe,1
b781aeec065e0ec97d2f930215529931e872e813654711ca86e62c4bcf51e897,1
3ad14a0db405400ac598e62381732bf9c97ee4d7e8127d48ba14e36da38fb51b,1
15a828f463a5ecccb03f88f1915fe3b0043dbbda68bb634fcd5d23b86c5b46bf,1
7c74fc31599d0872bbd39db837ba5865962a2335cd10c5d0363286668608a3cc,1
e4df34822788c6c4b89750789d0a4a090b1e40e343a7bea41be340aa891291ac,1
9b9c4a4c9c2abdb02bee7e2a26173b0cc7b3a38dd43446ba00bb9fbacdfba0bd,1
e753748ab2c0b647c49d7852961e526f7110d7a54639428d0458bb9e848e686c,1
964e4bb1800cd9c7beb3476ead8b97d25364b473d33ca72e2c8142983f21fe4d,1
e06bb5f636e60a9304ff7c75ab1ee5658ec3c8841de327d48769ae25bde301f3,1
73e4aba107d6d1907fe21669bd23898b127af6378fde7d412775d1d030e1e2d7,1
c2d1163114722475be5f64d78f7207dc5b5963e23b8862b2315176a1fb6e473e,1
64172e81514d0f55abf8fc3309387cd0ec7c8292b3883620d200bf7aca66bcfc,1
d198961145f2a8448601f1d7d391b746240b87c19e16bd303e8cd49ce8e908f9,1
7f63f3a67ca04e73d22e1b0ff4f1e16cd20a16f6431afc94d372c046ec8c5c2e,1
65ad5c48919e9eaa46d7302cbdd34aeb2a614a9b1dc8c56d42c925ac9835e382,1
3d0c1c70e823a23c58ce5e9dd027e6eddb5375a60ca5d3d12959419c2c5254fb,1
f7fd45630c56aba8eccd1464189db99e1de5457242a4d9d1f08eb1fd7679c7dc,1
02414d7d51af6d59cd2560bd82c98667a3125303afe3858a549329e43739f94d,1
d09c96807edb43b8c1d59023508f2d0ffafa9c01246579fd5d2539eaf1fc43aa,1
c4245eb3d143686df58282485684e425568801c5d3ae4bf54c1ed6b93f2d7be4,1
175521503100e5cf0b74a63d2846d9b1faa522abc541c93e63e43aa2039b89b1,1
30152246564d3ae584407365b79123968993cc368ba2705112d28c999536ac0a,1
d4989714799323fbf5a6437364556b26acbea1e63df410862704fbfdf0b8cded,1
72bfe951284a70c644deb95ffd8d2a3ca50d80a382b3dbf64cf8f77b106188f7,1
bdb65d8998f442d5067e1914a90e18811d8b957e823ea64a2b9adcf3d12741d0,1
c86c903b8e7f73891f2f1636c85d7101b7c3cc4a48e525af1e8b854d1c3c04f9,1
f49ad01562a4e7d18a759c782090c9b42a1608e81999d6329e9a205c8f7e50ae,1
d2b576595bef930a234158c6819e178b3c1699f1442b6302d0d6ae5314c77196,1
77a830587c59aa380627b31aed68ced99b4c0c2d3fa87fb601553e47fdb9f668,1
ee16505e544c04398a7ffd01fb4d3ed40d87c1c3bf1e5682359c393e3ddc6bc3,1
dbbf320dca380108176257c2bcec1468cbf9f9ee7438e5ff971c640de366b072,1
d8d4e636455a699635dc6e565e21b2d63d858f29d617d99d3750ca57b4aa35b5,1
dda703bad0c71deb4e8f3fefa271d1ee017970ad2c858d6ab54ae8c962cd7a18,1
823aeb1fb8bde013089e89d80b45d98877698f7e025829ec8142d260c0558875,1
526c4adcbd0c5c498fb457713246143a45a8bd877c84ce5701a17d2140b53f85,1
ff02a76c3053932b9c701c94fee787a16f43d55bd1cb6c01740d777cfb8db4f7,1
9aa1f4988cacb53da69c1c84b06d217d7f7679477512442afad29af9aaf318f5,1
7b77e7e7dbc3c3ea1223f9f9b9780c0b57e36997024e5d93d5fea3d543fd4f37,1
4408797e6c27bb9d915d57351f8b3d4303a9a19438fc8d8c3df0a80c4a2a4ea9,1
21cacc9901ee5e79339c9e3459f054738bfd2c0b9d1fe3299830b3ecca401c74,1
2d9cd66d359685455c66906d6e39de681d8261800e2f8e584d340fa10e2e7e9c,1
b5a1fa368313314d02f69f69efde2b5c07f15fbf899de09fc63b2860ca989d6a,1
5788b4ff54ecc86546581f0f7ca12f2410efceaef3a7e432e94734fd6009f9b0,1
18b959ffbf8cc470ce5e03a1bb8a85ef3b86a82f3186de7388a82506f5c36baa,1
bb265f4efb21dbd5f495e1d4f868bf37245c9846a97afebf8dec1f0b7a929cc0,1
bd68b33535d3ae45d19364e8ebd231c2bea1250f486e79aa8b0493b81c1994f8,1
cd8d7e0448a15b4406cf00a4d3d254d945f4bbfe1f9d6f67493f49d67e125de8,1
9de9801ab1ef067cc717f018df70889304ee568d52e0b833843fd47337a38fda,1
aaff08181de2ee1abbbbc37d7d05263e1e794c4e085acb23621eca6f736d4312,1
96fa08d2a1dec9a7dd08db652206085245726f4fa91ee67a57a5b1b1f4446854,1
d0690a65ce798520957eda5d0f64a051499ba862a53fd532738ee15d4d6a7c90,1
661330378544406acaf5145446f469a8e2c675ee899bff94dca80a30eff28d87,1
8ea073f5c36e04d23521fa47a835f875987b16aeafa791e7ca32df7bad8cd730,1
69da88ef0e6ca0bce261400dc51f071725315408cf76a52270d48579ef735d1e,1
a0b464e7886bf3870fc2bfe8f301ce85c3279beb1ef545976db69e74141138ae,1
9914aa0c62c57c527b7ea638bffbc972060664a4e7f1f177c47637c361c4bf4f,1
fd47ab3c98bb3149473ebc9699bc16242e8a0b55eb9dc661e779c2f8f84cf1b8,1
28acf0445555aca58e99ab025c24a1391b8969678f8c1f45c95fa27df8b0a10c,1
b5d3cf3a0e376483bcbc0185d589d3317fcec9751b56eb74e8e34166dca77769,1
d3226f7f1f321bd2855a3ece1fba0b5b2acc7cbfb6d8b59717e8ba55014e2b6a,1
11e717909ef57a12f976ea4958fbf28d20d0bb9c480c9a783a6829c93a5b90e1,1
17f222d7db42a10310f60d9295c67f252167e8f514b83a0b98be7e9989d96b92,1
7ad65b9d29f7237640f054878eae3c2c3334089b92c862feae8f1e2df54da17a,1
1474b20a5a1ab1d9f80fa2da8cc23b19058e451759c731a02bef46070832c9fd,1
688587936033ae9d57c9f7de153d6b05da90332ef84b91dd0340f6102c2bd128,1
73ffa4bb083f167a78e5584ca02857c4336040516cf910ec0974b10559beecc2,1
a688e1719fddc2f1dbae9d66ab4d2f55cfd485cb3529ab96fcd11f8102d5551f,1
abbd0329b24798606e94aba576479b4411f326c10dd1a4bd522fc2e021bcc4a3,1
905acba8c7df5ce822e19d4e4ddb26beabbd2b8943913b54e16f3a950cc3b65a,1
50064fe6c909ea226f1f1e4941c0f68f18b51745d0efee30da2b7152cbb43c03,1
8eea08a6e758fbd02540b031131fdbc6b534c4d87de46dfbbb1fb7e2065c374d,1
81de2fbf1d7b88fe97bf84fe23f9d2f39b658a0dc1d2994f69e54fd575e71b23,1
12dc3af13cc5755a5eb949e75d8f556435d2ecc5231c5337d8971ffed0208238,1
4e44c206a290bcf3278520061a82b258706d068cb012046e67d90b7d30f60b2d,1
4d94bee6831fd4da96b6a5a87f1e33695ca7414bae3bde9b1c6a080ce8c08f6a,1
f1c20a4ccdc3cde18ad3f4ccd958cd80aaf061dedc7b6e0b447d2ce94c0dcfc2,1
e2a2507d532ad7605f8cd3c711c3bf055cbdbe833032818f5e01de3ef7119924,1
b9f3eea2ee7386a19d4c092e68e146d63dd23270f818eba16392bba6d04a1db9,1
df86963463203a54dd99a8d69b0a4ddc7d2f135c40616986f2dc3ae82909e417,1
17a29e33834ca4718df217947dd4bdd4d8dca378f39de88a66246f56a2f0cfae,1
4cea33cc5fa08049d5e841f5f6003cc0538df4fcd1abd3a12c3d705defcbb859,1
f1987325629c4051f3203e49f93f78ae3cfdd9b07ef46c5c470fe9441ec22bd2,1
f9c0415ca91410b54e7612751f2e61614f3ddfd8d4e06b21afb3940af11fd7af,1
8edea409ba5b366306b6a2c2e2ec8f9afa3dc83879a41ae83a2ce342a1919be7,1
cab967bd04a6908419292800b5db959cc54a426e2aa00fd32bb2a13ecec1ee9c,1
1e6ecd3c6040e538248b402cd6ce18f432259fa878375a16699992edcb062fa8,1
ac5cc53504755e9a87ac0cde3401fc0d94230408de86ef600789fdcb0b9e33a1,1
8932dc0ecff42988c09079e6862b2b3cf9175102da07c9660fe50debeb16065e,1
c9eb199f9f05921f9b3ee8c54ea7ee3d57ec3800c73f1ca0b91aeba142b4e65a,1
677da2d3846092030a09cdd88d28a7aa1918ef61e13aa7fb9fa57b1151a13b02,1
860ec514af12f093ef3624e755c47ac5b739db16537f5235edd0c668db321fed,1
9e6e1fbcb3e2c33876f034aa5c620aec42615b2f9d0432d011216d815bf37d23,1
543ab3c540229ab6eb3febc1975d396f84d6463299e4409f34363c50b32f030e,1
95eae7ed30a358c5f476ffb81adc46deddcc3b5f20c31f0b72ed0f5f6b788862,1
a880d5fc0d5f7ccbdcc78fb564bd6c22f17de9b74345b50f65e1a5b10cb32b46,1
09e906e8fb883633bd81b01b10d82e3e3650cedf0b4700ef95b2a6417ba33f0a,1
d0783b9adb4be444965893e482599947ed88f770865138a09d4996b91d61374d,1
a84915af37aefea1898ff8e1197c3531116959e9060443929c1ff9e105054188,1
8bb08baa78be3c7591fb09b5fe8e5e0544e576f5d169468dc1d8dfc6b2a7e00e,1
e3f95d053763732ef0923f473a52ce732e09dc04a0dfae7522368398337d0af5,1
5d08421a50c50cdc7cd1e7629ed9b734afe98a95aeec225fc69c9c946267abbe,1
93a0945d1a6428a47d034b765c120f82434cf5daa807b841e26dd7fde366c018,1
fe46cb612de74404ba1648915608a95460a049c139fbb84e9e8f6b9708c094d9,1
1e5bb4c2541622e82c9f45325cba6f50fac75ae0fda0c80aa1ca1bdb2fb2f72a,1
5b652f2276f7c07fb00f5a6421420113f4e33fda87b5f28a01a9df42eaadb1d4,1
f336bf55114e132519d5a9eae4af7fa0ee06c04beae5cfdabb8fe3dfc4e082fe,1
f2e33146fc8e76b0e81977d7459c8fc6c66ff52d6c08e4f95b0165230e062420,1
aeeddc898f110c76e5362d46fc015720f524b1177ed8b640bce7fdd1ab9535f1,1
e83478a04189d91e7b7b3f8aa144ac114f4e2d859f6430837f1887c7aabf0ea1,1
519fd59fef7b8e8df877945dda17e6b1fcc89db09626849d085675ad82944ceb,1
b7c68d4d28c5f2b48b07771767fdc51c39b7d5eb985c51b81b606084297f5371,1
f3b30bef4616ac9e72c540126c9329461fa718c15daafdc47b6d21ea2310bfac,1
6352bbf679d2939e805c7569208dec7d476e3584d7add3b7e6908b4954b253a4,1
c02bfdd5fa3131151793054589e31e29bd9e55f2462884ebb3c2fc772a603197,1
d957a0106e2013f2f2048565fd8bc16d1c091629e05da1a735c77c7e584f4d71,1
4d9a3f52d6359aefa4ec8ec6500de2d9ffed175f944216db4feb2ab47466907c,1
4992d72e31df4c6e5856530071920b88fb9539afa5f556d3601bf8c62299d004,1
ed044b0bd55f566b04ac22c9ba804ac2aca2e247e42316fd356734359512fee9,1
6fef9e745d9c6be1426e010f4f203b7d3ef8f3ad4bc178ca90c2eb8943976411,1
e3b2316336073b0d8150b3e27dba3cf9da5cf7e047412f6d1c0683b8567c1b1c,1
a6be077584a223376255bdfd4423b37b645fd8350b01a221490433a4534df8d5,1
7bd1130780f31039a5dc820b3cf4f093765849be1c5e11ba6e624490f4555a4d,1
935574b9846140bf232c50099e0e3d9fdec51f1d6cca6467c88521e4f7851ada,1
f3c3eb6ac7ca563e8d9d60ecb2581ca937f064b7a3392a8ec624777fbaf48b36,1
e2dee531e25ef3e5fd20d4fce68c0c355ca59fb2864916237aca7d34346c615e,1
0dc38481d9b80cce252e39b722ced028fa755d671303fff1af358ff05d9904e1,1
acbf13b182af2b0c1aa40628f81fa9ff5c424ed739e3b467fd97f044ac6dcace,1
d02ef600ce695a7261278fe79216d68c5334d173d3e139487d12b53a49e3011f,1
6d1e7aeaa341873fbaa979d20c0079a7f9aa18b8f04e2063bc292224a3e9cc91,1
102ad2615219b7125f59bffcb5548fcd76cab6ae3f88d7cc212a865cf16d2130,1
e1d523f37489c7ce5a802c02a8a7da43bc0f4605656142e00db06091792b1306,1
393cc57d6c272cfc3c4ae82b4fd63393803ea048b0a7b3a92be4b31f1a78b96d,1
a3ea475064d555db0c8f63e5a6ae659cbff286d510595fae8e718272de22b803,1
6db57c97e0ad91da15fe1151349702a61d039531009fac082ecfed9244649731,1
ec9e74965494ad0a9c58342cd5ada9f3f456230e2db82cf7a7be290668828a30,1
febd4d0a1345b4d806fa19835db52ea177595ad7054b32f4969ded8bf95019b6,1
c088f4b46fd1398b47ca4a5b436fa0f9d48809bbfb94d231580afe75d710feb2,1
a13153db031473a35adc68fb64263d502442de09c737477fb82307d0a0779bff,1
500587007e9f95740f32543b93e87c8a636ceeeca55bff70e8c4e2801d563c41,1
e6bf55804f551a81cffa40318b479f97b31a8d30a2c6be102c2e17905a8657df,1
1bd72b598db88b0f9e1261b5853a54744705f9d4997d3a964f912780b0f92d42,1
b811314a1cd7e315b1f61e29cf0b13e895a5904b74acb4c70add143e28f0ec32,1
297108b95cfa0af92b82fc6d0d1088352b72335643d844760f65db3502fa1971,1
d982cc8c7871cf72e4ffa42692e6ae1a1dcc236ebc3930f92b076e653394296a,1
5c69724f8637b1d4c3583e2af51ef7ddc5e8038774cf54e85f40fb2a6581e2ed,1
f48ffd1c8f45bc4f2f2283879c4fffaee5e394acac75d019bb35b6c2689ef31e,1
7b1b4d969652037df9692673b8a2d09c970cbcb7889d1c529550ddcb22abe514,1
37dbc9f26df297f7fdf6d8425afb424e2e2deb8720211b4ee2b8d65c1d7712fa,1
644824f5fded90588cd66de6030e30ff6c0ab3d072b1fd149443afe808f89f19,1
a4bf5b37064977a1eb05fec846df7c9769d34f20c4f8507a518aa8d714a6d618,1
2fbd2aae82f8a50ec292614d225a90fd343f024efa38793a812d3a8996287808,1
45771aef6e076ed0eb68f978f5c7ce8636ee7a7d364c9321f6dfba4297c3a45f,1
4ea2d9c79f04a99afa62a52681b1ee4624864b58f9e7c1d485f429e29aa68ea4,1
b2fca2aa354982c20cf9c4f5e18d946f68bce290f4dafaa4a83d0b1ba253286f,1
ea5e000ab4536ec7be8a286f252ec05a2f6b4081473e426f936b2ba187c8ef2e,1
a1f76446cf922e673f4192baf06bcc8a01fbb38aba39bd5a63b8fe961e9a33b8,1
45a499d3fac209d9020e79f86289d6fe573c481b5261976fe3207ea1de37ebe4,1
900c8aa86127a04f9cf32bb3b98c13020b279e7933d0eeec7f0000913c7558bf,1
6651825029494084f48537a4a447d43d805282041269abd555ebf964f0a402d9,1
636affa41720d258278b235c1433818817f4ccc1a3505ad13a78d7c059f8cadb,1
91ed89b97822603e57251224c680362bf666bc73e962750d15f595ab91de5e3c,1
28b1822a7a5c5806826db7d4a1b9a0d40fac489ce2f363db114ffddb608f1272,1
d1acf417f291af1bd6d823ce8b080c641a11b992761098baa86ba09e54fc848d,1
ba6a60c77cab5e9bb60f70ee84155ca27b9e5b9e71b72c263a9dac7811c8479a,1
52ce2def5fc9fe220b8be287d411057f2c5ed21c190c8df98368999035dbc098,1
2b8aa61c667e01b3c24749f6bbb724975f0530678649484089548f9aa3db7bb3,1
5c20f92c3274c15d5135b2ee6cbf66aa6b11476b9d95d682ca8b88acc6d7cc07,1
04fbb5a1d976ef312db764dd751a18e7a1dd1dd27ead333b5b30cafd3c9daf21,1
c30f991abb65fbf99ae8b6cdf9623e4b7b58e3c2e987f9c1669159f53144e967,1
0294a8abd5dd0e3a432006a75cdba1478e2d76d3f8a5108b61a16fbcbcdd9847,1
2d8404bf8d32ce90960b06a100f9a09242404d1d1fde533df9cebfefab44ebdb,1
98f1fd11d82ef29feb2c5cbdc1fa2f2c0bcc5cbd0ed7da88dca12fef35edbb67,1
cd929ca3d254fa8a935ad15d57745c5adbcb1187d9127c0a0c754ef71882c215,1
242fea45ec479cd31c22e55a8b3b026e33f763c73f0017f48c53509f0a0321e0,1
fbd40a1cf5be95a26aa9be36f09c84aa290e10fd283e48cc83984eab4f52dde0,1
d7bdcc86cd9f0463c13ea715329043bc13427c3366351886b6d9a0e1957712f4,1
a14d815a5304acdd11c2b63e1055d45181475bbfafc6107cfe3c8021453019b3,1
4c54232ab0a15fb8e3c9c9a7df8e20d3f7d5289d854a0d99c9d6ed1163ff9a16,1
8d052bcbf505c2e506dddd99a79e6c4f0524fdf222ea9268d0c1949ace9500f4,1
d1cc50426f9e7f10b275ecd154863847fbe250235cb2264bfc1bda3f3d065e81,1
e5941eebd11e0de2cb95bddfe83b27b5c7a7d093cfd5a4db5055c391fb60a3b8,1
6d6b0783e4e38c18e37f35765a17293f3226677396311d35c7bb4276a5aaaea1,1
b46a91a3c6f1ae0be21f8b9b4ee20784a1c17e9654fae0a654a8174b9bb94081,1
3498e78ab3e9455075b075eff1c0d15eee84d3c31fe6a7824e58e039ffafb6d6,1
4c80a3cddb7052aef711ed78229e69f44a71baa47331ebe208ec17c9e9832ac8,1
6686d3cc76ab0086ed5b029a7e74611af75e57a52a871782cba2bf1786ea6d7e,1
b37dab5a31d863174d36662e83b6a8d32145fdd637c700bdcbe87820bf36d17c,1
9c6ed30ba9f860021249d9587c74b3426a93d40c91b98877f1a90a59ae0e0379,1
e03847072ab39d2548bee63e8b9ba8433b230789c98608dfa3ebdd837768b7ee,1
65cbc030ceb093af74058197d90296e3a632e8773e3ceb7738c2fc7b27e04631,1
f2302d9c2dc834c156931e1607184efcb8f177a695a9c58d73c7f1cdde5ae6bb,1
fb2ae6bee4b4fc335f4cc805aaa9fa097029bb6e27dd0ea257dbc4780f53e127,1
1789c5d0c28abb8285bd35e16eaf28ea86299d2c726e3b2c0ba5dcfceff7cfd3,1
a746d836cedce98db13514dc520009490c0c0c93553b4d4e9a5cb0c07bc14ef3,1
3adc521c2debcd9874586cba5b5bf1d59c3220cb27ff9cc4ec8be6c13fe9b4d8,1
b9d857bec54643c9103e33030a78ed74b6f8b2086ef2b9e6f849973ec09c86d4,1
8feca766163ab72129e1e87891f075acfd424999ddaffcf363cf34058425a06c,1
dbc85753c08f63de789f75985bd6889b914b8ff06c2391c8f5bbc5cf45acea2e,1
44e7154bc90e0d1ea0d4df553ea042761dcaa88c40393513fbd6e6c195640d8f,1
4838c27a4ebd0d40ae9ed157b8eadd7f8d315d9a9a8ddc3081436eb622a3f592,1
59c6291b5561c952e5666e540689eb519f8360021ac354ef57fd6d89e307669d,1
1b9f677b179d5384e2dee455b05771b748886f47aa7c7de65ffa1f7fa49b9322,1
b8f0a2ca9a8c358a018ebc052c54a40046910a220642cba2125f27d859f77c90,1
51d039ee91f3f5fc8d7105c18c20b97dbf560a10a5e87dbc4ced9944f8f503ff,1
9e8d02d9a5d18ef677184ef2281d46f3b543fc774f53c23b3ccb5734303ec736,1
d6c7231fcf75ba3c55cf38652def8ea89f89251699f02da33483e33e01c160da,1
e7ed791a639a2b5c41ebfdb147af939ed367a082a0316ac6c2661f233971e8eb,1
0c8993c8e8d3309d4df5adb5e77852c10f3a2da9661d9b2fb673a449663442b0,1
a382dcc984f6a689eb6374a604a920e3f2ef921c3410d477f69f770efad0a61e,1
7fa7f4aaecb552d019a8d316745c5f93f63a63d55fd0341c7e798e2eccb48cc5,1
21b5e6adafc0c93fec8497c5ea5280cd948a1a3a389aae0e4e809ecfdc72f824,1
11f1fa0382dfe15cd94951d058eea1a0dcff6b86b3d0bb019060ca2e6ba83797,1
a01e3e14c386867fef30302a900c5600c75763efa1d2b16c5b159edc4c08721a,1
3d3186ac355a5daf226e1b31f26d6081b81de7e7fc329715d56989a065ab3456,1
73be7722e96e0efe02658932406ba6be68d51eeb7a9e970c9735f6997083df70,1
3198d642be6972f155854cc4c9b65976c5d175948a59891b021c31bfe1b81646,1
d22367545be12b20a0618a47a69242b7f27a718ed5b273a2b29fd32f33140997,1
e934a6e1a7b24dc6707179e8fbad6a981c432545973fd2e2a4f52b5f56d25128,1
c577a88ec747f991f99c98a73419dd46e5baa93aa61195f603a06849dfafac1e,1
58b94abd5ce5d56b0cd385d41a1eedfb5411f98c43aef461643ef226795f7806,1
703a0c6737d6485c59ab2f29c925cd6090447df89cd0ad48f580ba63a1143ec4,1
68d33ee2fa6d69da2770af88da02207dfb0efb718fec11f32d3ed2580de30e6e,1
d8f19c0b50e80400a91dc062ac51ec9b9fc47230988b183ec14378b7adb96c6e,1
329b201e6e416e27e43bdf9cd8a6bdaf77f9719819e4877ee9cce3f49efddd75,1
fb96d52549072df56d216bb64b3ee2d5cfe51e5e2a59785950b4f3de960ce7f7,1
e868467b9a943fb55d49b5162f8eadf51d2e8eeeb757c68818cf6a7bbafb2d40,1
46e0e65dbbb86ead1470a225754a3fd5f7a79529469630b2e8585cc91b7df781,1
bb560b236f87b742b30cab20d2ef7f8662dfca5aabea6d4cd190ec0f1864fcdc,1
13b152e074a5c5616236995381c411aa0eba5efe9423d97a95fd81b0237d0ab4,1
e0f53aeaa0870815d38982c341e9e6bb98e7e48b01a87f072c30cedba707ef8c,1
3ddb5c3bfdbcc561101616db3e7f216e76a0f0fba8299e25e62c77104166d19f,1
d2f20c71c1c1cf08f883213456c5798b33bda7dd702000d416e74bb96b350f47,1
f7a1b634c1155e43e87701fd57e781249f9627314f84a6cbb974a3f72c145b9b,1
c926e47de39ef3ab8b6aeddf4a3589777fef0a223110b45e1436fdbc20a6b7de,1
7d178f4bd478e9e708259d5404cfa1eced8b487625f97e8fbb2a512e75b230b0,1
7e8cd6d68eab563ee91da62f48c8da9be08c900846a95f1a7923005ed2b5ecc4,1
64459704bfe1d243a1a2a19134b3131cd9fbe6eb3e0b402318654936d2c7b9c7,1
f590ce31fcb6a9584ef280005c429cbf7f818a81e0402c0a10a9b7e31f24da1a,1
70e91b85072a44c9c6d3921c8e10d26fab2fc9184c67eff1a68ee719a6e75e67,1
0c5c1ebcbf8f0b006bcc8bfc0f4c8955448cccad1d0fc9b5a80afb76d0f2ac61,1
b99c876974f30f22b1c5808e06a5d553fc111ece609ede663312cbc953946a31,1
ed5c52c5b6fc76e2e4e14a486b686485f1b5302c3a1baa7ecb91a1a02179438d,1
4dc30104bf6ca0ced72edad3e55e9c0aa14a9858e6ad46aacf8822b2767fedf9,1
5882b7acfd21eac1102cc503f44fa23ad97c3d567bc27dfb4952c56dd2e6ea19,1
e083208a9ec69908ea2a520798fd1fd56687b8415fb598f22af881fe9d895b42,1
67eff6139d82a975fa2b8d24c5ed5bc8d212041a67b5e205a167be477f78f940,1
aa21f58ad8e027e517b1ec7e66970dc3cb09a6574233852d37fbfd14a1a33787,1
eceba6eebef20b938d49522df8757dcf94184785857946c53f011bdfc2f95461,1
7b7777dc0303590166f623f6fd00dbe5a1e35320fcf59cfd54dc7d9162340b06,1
b20cdaf7477e354a313cd91cbcdab83e20ab6a94df75ad708aafdec4cbef696f,1
b99c0251c0146876fd8a628be8268f63e43d703e1e5f7788bc712ae3f3d93481,1
d6e5bc238178ad02e425b95f74f5af2906c5ec1524c79c6c80baffe7098a7f16,1
e45ade9e43c21ead1fda3f538b373aa9d04f5416db18e2c57164ff986e2b459e,1
9c2796de6bc4b9d83b1afeb59adc14d92b2fe68d95409e42c548f5e69657fe8b,1
9fce762eb46d73660257112b14fa3dddbd7d57f477e0262fa87464a4ed0c4e7e,1
9c9d88d25996e2681a9ab3f3d6b729ced65b3569e63b2492765433682540fa7d,1
e31ab492797a7a1b1a0ab7c75052cafb9da576f17f4ec8f43fb951336cf85f67,1
cd89e23066636e07c4f151fe7183d0a25333cf5503b0f4a84b39eccbd748c620,1
1b9272596ec9e25fba84f122ad7c6467620e65d7d615580c87eb658e8dfdb609,1
1ea15506e74e02dcefa54bcb399ae07c3fe138a683f22d9f3bf322a009ff803a,1
fd078112ea91521fe1627eab5eeae4e97e8f053ded11992622619e6b066e5e62,1
082fb9b2abc36cec03e2fe57f55e985ce02229c49830532cbe2798c03dba14be,1
04368ed73855fd68a2b24aefe2c6ccb5335c16fa28065cc21c0d4f2e2be0c73c,1
1332e621ee22deb448f803b01b0dc48147aaf74be1b9cb46d251fc7103c48ea6,1
26f7f90c2e3fc2b75e92cd0b0cd0fa102529a0e897b7c4c965bfb0b59cbcb146,1
2d99123d561e26f0721da80db10e4b763ee97340f046287f07c05bd87574ddb5,1
3d40f94e0b989aed7d6d5f5a2330e720f21b9530fe54ff7b46836daa5f80e43e,1
2b3ad8debda34aa8a95a531157515f4ef79bd2898a6a756e86e59c04fa890c00,1
f3e11e412999bc104d1a5065741ce07af963169905044c58f6a1442bb4b72b6a,1
726a6f714811b8e3ae2af17c93fed3b71631e709c92b1bdc562c27f4f5d4062e,1
c875405e174b709e4633f66be8f8efe366d939e928445bcc6a75424c4dc2a02f,1
71aec37f92c1591cbd58ad84c4f5e0bc5d2f6c35c539aa5ce5ba2be95407446b,1
bbf16f84a171b428c37eb7db5f055b33d148e814270c429636ba1e5ceaa30f2d,1
316b494f5a1da149a8ce2649a854bb853227ffb0c79f8c084201e3f0c18e9aa8,1
cbd2e1f1f6f02af938a4d4960064d935ec5f51eb05692fd4a65ccd529c58c549,1
b572462dfc8c961391dc4c2b4a16bdd96cc0bbe7b9de81c297e0620fae864ca7,1
12f57c64ea38259847a8c471364a53e0b8a91ac559a7b9b92f77c23bc211e6d7,1
726ecabdd761471314a19101b83752f1b0e3f11b6e3e33e774434965bdc46b2b,1
810f1313a512ed621d1274f0f7e783e9b8ee75cb5f18ad5e5c61192f0d65d1df,1
b8beffa839b27e14537d14290d45ca0dc8953b2c7e89be9a04e7e9b1ad22bd98,1
cf7140eadd0e4645e4ae3903a79b4b7832f2936f448cec87f6108a5f72e88dd5,1
6c7b487eb8573f89bfd80399f764642c0dca06f2a32b79f05535d34767925859,1
ae4ae820d5ef4be34aa4f638c7bc86a16e23739d24c10f3b0a3ae78a4c06a2f4,1
c1747ac04b224c2ca572ece610bb2b4c575bc0aeeedfde3c48e9ee2b685c120f,1
e2ebbbb3f63108f2eaecfaebc36e4b5c3c09e08327721318464f9140bb9a4494,1
0082c347d4cb65d631501d034f22b290029cd6a6997e26d11ccf6031b4670c11,1
f3c929c557abf45e112b136a5018e008e42c54e62a5c3d5f9caa84557fdbbc78,1
8ae58a36155a07df030f78cb3aa5681ece2bf1f98cd1774b0a90528df539ce9d,1
07d2b60a4da324ed185938bf4691517d88c5d5e67e9ccd312ada69d4e04f67bd,1
b92b34f039c481ac807e53bdac29e60a76d2fa74b440ce30d21af6ca67e30ea2,1
725c9ee64bb9d80d44faf85957383fd3b9b5234e11e213d4de5425f667f70bbd,1
8746ede1161298a79db18b736c2c183788f09b6fb00248ab5c3836c1da95c3e5,1
f92a1aaa50c2bae244dadf484c0aa7584e07c08941a5c132133a0a7a4d02ce83,1
0923de52184cbfd13ba026db69b3a7b989fc0e95822aa1080a615bc5f0729e95,1
4124700bf3a7d8d859c69e323d5560347ad0be9775d45ec02ddf8b4dcf4a4b17,1
748f189f1db9be41c9d4f6513b3279cce8330c1c5482ed660198338a7bc12e16,1
ec2942141cf4f9aa3e5ee434cc1d6412a67686dd20d67a7378db0e8d0cc3021b,1
8b9588463ae95111ba6138aaa7a24d88efa2cc08c03060f296d0e2fdb6c566ae,1
b24833771be66fa7006800ac3cb781e52696f71c930100abeb39dacd1268bf2d,1
6adac605e145cef93ad2855ad70dff36b71a292e69e01cbdd4fb10201482500a,1
425a767f21f8e0995d30b51bae5f19979152f89e3577a76b3a6ded8064f97e69,1
3101acfce5a7d8f1b9cbf7dbbe7acb4298f7e4fc027bfbcb6f928bb46c70c192,1
ccfe1b185674e3c934a5b4330939ef6f4623d8c6cea8f3b723d9ea3172cfd538,1
d9279b17675fd90e3cf9b46ea11a2d01684a2fb52f30a5aba44e86d49928f716,1
8a3bd2ef6ac95f1427c84ec8dc7b727ddbe3b72ac3ac8be1be8616f057c703b2,1
0fb67f4894585e957c15867c20f2dc30ad55463132201be914c8b8f313634a62,1
27df6b193d9cfe9a5288a2717d22eb0f5b628b0c54a1308faf93cb1d44ee8755,1
82153e401a2240f43179eeecbdbd912604196b5c1207f51a26701ead09cac571,1
a8cea28a3802fc457e7c104ceef990ac069d147d43eeb452a2ca53738e73aefb,1
6f784699c1c767545e4c98dacb8d53376ad5eda76efa1aeaff6056e77e80be1b,1
a58753c46ae04f9d7c0a147dadcee72d38b9a101640629d7ed4d7cd820d528c8,1
ee1e1243049e0ea927a476a0fe84378eb4659da60e217fe075d84186527645bc,1
5996090fa31e74be33d7b5c4dc89eb8e076fa190cf1b8771ab4737c643b9a613,1
99dac15faa65e8b53ceb285ff76f4b12418913dd9ba7ba51a014414a1c9a6d80,1
311fd244d0461bbc865a143ea11beec9a3636be8edb1c36fcf1df26f63cf14d6,1
56b206d817843e18614ff6a0a9898fa22628a9208ab358743113b1b8273c9f64,1
a8057dbd07bf8a24ea673b458df42945901edff0fadabf7c3971774f785dad5f,1
f29a0edbb14bc1b30b2d821253ee3fc010e9d4ef614c6fb9d0024c2cfc424114,1
39a80627a861a4fbc1999b509ada5482023f44f413bcf733e34975c454e445fe,1
7575d90925c94aaf19c9fbb5797664626d0de8b9675109093feca374ee176633,1
d9e82f3b9f92797002cc9816ead91558f42b9e1735c87d2a74daf63c5cce7dc8,1
f7097dd4ec536718e7bf4b791248c51dc4a7f992c1b0ddc4c7df7e9554c9f7a4,1
cadc40aa939a6ba746a23eb20ef0aa200f7d5a216159db16306be3a4521d5b5e,1
c07e7b036a6d386ea59df7a2e465d92f69a20c6b69cf25d6cd842e17652ca5e8,1
b1622dd42a6982cd4e2962e363cf37c88c60873473303b9ef4c724d31430dc70,1
ec20241e8847644807f869f4cf414ea802297427c036e448f0649be09905565d,1
b793500016eff1af8b9f754a021b22ddd3f74671229e267fe4721c51ef56038e,1
c19bbe63a84e8fdf9f3a88869501d1e3957a244d5c290384d7ab53424f545287,1
4a1cadcbcadd86e57ace225eef9e93c7ee0cb26f08a945fedbf215db9d1b9faa,1
1d515d6d4851486e64b5a4b25a8bdb23478fca45b7369ff39b70996ab151191e,1
6b748a7597d56202b62547d9c8107c26fa002d3fa3b12ff56e4b97cb6b58a3fa,1
e7988506c35617ac4fd26ab6a1b8c3e2a6646b422890b04d7dbcee263f9dee02,1
2448427040be2e88d66e8081b55edc76a2bea0fb7fb47c29f6cc1fc3462ef0fb,1
c21dca1c4efc1df02ad25677914a0b20234c45d307f97c514bcee5ea709ecd94,1
58847931664e2bf2a71aa055571fddf5fdbc09231eb3bef13e74991e13b3d23f,1
a1782406f835cc2a7e39cd7aea006e24a92da006f5d0807754b02b30eba94274,1
93999d66c1e37786321c83de70a42544d30ebd6dc91b183186a1e860e0d5602a,1
539d3eb787109ef741e48000ef7b9a363583b51dd901988e1e1e78001dd00570,1
d1cbdb0aa7bc144964b5af7b339fb32c111a328ec3cb249276b659bb3df0c6e5,1
8f5511e954546bb16bca3495f5248760412fd6bcc8ad098256e873a7fdd3f996,1
2fadd6ce41e30b554f2046f5e277587e13cac2d810fe5c8ca15b453a3937c199,1
c4bdb1360e72aaed574bf32fdd0c4480eafa2f8059aa047869436c5a428a6e59,1
5250ab23d3e714a7f32ea5b605068f2432926d6c663624e442397f06532bed5f,1
180f0a0bcfe4aeb38d278db5ec041ab6c42c8dc97523cb3476ac0bfb8ca0693f,1
89ba02ce2a4987202dea8802b609bdec265f16452241307d4d9ca9ebb99143ff,1
668ad8b4a9ade85f346f0dd9efc218b7598a87035a95156b5f8bc25e098c2b7d,1
54d7126a941d12e46ea2c791d57ea3966e1cc99e9792f3098ab38818124ed190,1
2fdcd43a994f43917a86e27592b4ade03a1ad9fdd64cd62cdde17d13e810f6cb,1
88a7d9afeee4e1d8a7efe3469a24e4b6367bc2394e3ac2deec0583e5de34c919,1
2bd75375f8be577e0f686ac0164e30a00bc11468eca0c02f3520c2b8d8b2fbb1,1
9211bbd9215f7d703f0b68ce1bfe58d7d10f084aef79d59c7a5e773f8de641cd,1
6ecba2df8c5e7ac4c8187f72c8142f0bb06945b3c29e8bf24522f2768f4c7c06,1
f126f33a3157304160153501ed59ad7d44a90615a5afe822b3d420bbd56938b4,1
60eca27d02ab626cc4dc7c21a2cc10d5238e2c7cb6c13c9e46628ea4503717b2,1
0ef14c742f04936d02c56c34a7dbcb3de8ae82a763fc0a08378a8ccdb5549fd1,1
063171226498f08aeb25691632dd9d9c8b7c6df733897f9b8d28a558e753fa5d,1
337f60ed706ba9c3decc1cb40a400d5d824d63af7cc51bd23e7eb090c98ed010,1
2bf4969bc457c9174f76f309b5ee75b44cb76bf7b5a0dc922d2c08450541df42,1
7101746f09cf6c8aa018e3a2bbb602bab8a6f6382642fb9f371c20774a8de301,1
b2397cd187b8c1f33ef52504a17e35b039ad21d42338f387aeabee154923e036,1
ca6c7c100d3e695742928676de91c7105db2562ccf33efcaaa6c5af466f7c86d,1
0e4330b438eb449c5d44a2d125d372ccb718ce116b666f35338788e8490f8ed2,1
54341213bab39d13974779439da525a817b6dc4f4cf385b7a1659a6b7e436090,1
6279d525b845fea22f3eaf5d2e98d1eb8cc8778b18bcf0e015130892e8ad1e33,1
c95ae754abfa23962015978636cde23d8f27f9d7b90acb7286d96ac03ac328ef,1
a593f8339650db03d94518d44428d17c06f272d9b87c5321f3348700a6e7b8ee,1
a25897f96124426c94aa83a6517089909975587bdea2e337086ce211a2e6bd1a,1
28e950206667dfad752f37ed85576d987fbd7e50457d303e2e733776010fd49c,1
b661b344c6c9eaf62eeb5a61b818fe75873490df02f82176cf24c567d5eaa46b,1
2ba77d7168b76db479106801544a964e214ccb1b138bc54c357190116c11a229,1
4a5ad9f8c22e977eebd20e325e44829539e5e50cf171ef6a20e96841271701f3,1
03cbbc83740b68159f35d558442bfcfebe826e5b7b8941d8dc9ad545c5893355,1
5a7dbd41484d270ee827f4bc7d8cb5199418dd45f55f9232840ffc78e56bfad2,1
582cdea5edbc80fe01567e90b0857f63bf05651fa80cb9087be822486c084b17,1
8353783c198cdd3cf8750b6719887f9c70abbf1be6406466551305dfaeb42e22,1
9b8392416455f61ca07edb418e4ab335f07db5416a3fb73d15545e3d4f04a781,1
e1bb1d669806bbf25143026cda281738f7d74b9a9f66dc96a25a8d1b1c68608e,1
f0e411dea36d36d4f153c96d66013bc9c1dec544f2d8de1a9373e66d7d3fbf7c,1
26d020c2055b2062c90f98811b975b33334b8a06fd265210260f41e77df2c03b,1
f4ce87060c4324fe4ff05cbfe605fe7b05297d08d9d37762096862a7f0132423,1
fadfa05db5ead28b13daa399d615a644647c9cd73de4f579d575ce4499289c63,1
7ddcb49e827c7ebd9974700bb250f9368a2583931838f3a4242aceaa05e427cc,1
018025bc655adea685f9407bd5901a90440637ff1e624b3652e4de0bc0e77a59,1
fe6fb9d5b3c9e5270e7d2a863c366c125720ceeb9e8285ce46230d451f51753b,1
46888b101d1a45b67fdf3c9554ca31267aef6e12b65f91dc9c92831e96f50c4d,1
f69552756778e5204b651ab91afdabf4ae5e86870e01cc0fe062cf8d34e9c8b3,1
40375ba132efb67e5ddb62ee7d59e2b5ac89e5b9208b410a25c8beb97e731c1e,1
cfba37a3ffe80abb27635b3c674a0c6ba0ea1a53e8661a44cdc92192c55b690b,1
ded64550d702bc254efbc56d7e3167f10e7ac164b069a04a1159c0577db0b889,1
b4fc75bf7965ca990b307e4867ecd0011f11512560089552aa534c2839b12082,1
1ee08b6e6993e4f3c69de7b96718aa27f18664b8e10dcece7d080137964c1500,1
540b9e668afc81b4c5b064b4d87b47e8685b537ce7d09db89a5df072a5bb563d,1
c194e4efa0683ab150b543c3f1654a63376372d7a58e0f5b12f8176379c38a18,1
fda6a5d0f5722275e93eb12793eeb0087f9eacf0b8457f25a9b31e4e1298b6e5,1
606db7d1d57a2737bf9ec561680e89ee54469975a49378436870dd9c8e6fdfc4,1
3eba3ac02a5d71175af0a70b3d05d54ef13658011c8546211cc54214e7d2a6bb,1
5d1c5ec7f4b3a12cae13c7250e9f917613bcae984e799aa7aeb448ee52ffe516,1
3a79257d9ec0f0dec2941bdb575c854355c94ede33b2b877ee29ea220e7243b3,1
ad51a269b7705d1bc0c0b8ad163e788a0d8e622752de4dd66c3724c441f6c9ad,1
b2c98ea2ffc2370bbfaa76fb9795b58d039c5a344b5bb451154115111692a2bc,1
5269bf07f644ec015e33149124c35edd245aeee81016014404e66f0a7620ce57,1
386b9b2510b44a6312593b19eb5cd5143dc405f4b2fc943c748a7fd096d70a26,1
c4988d2848616c3ccbfb018fa75060434d3a8a423395618f00a1b706788e3113,1
1b7899cb278550b2de2c4ee4bb7c5e7d4d4817f6057d54a8ba1cdf612281a68c,1
26492ee10603a82011e2e328daff9899109a2defef6796ddceed51d91a480174,1
27fb4fce8a0c9ea7a69f2a3e3df341b24b55fe8803fc22bfe6c5df03630c9c50,1
9623151d5fb62326c4e7556fcdcb2139abcdecb6bb83fd49663b41d0f150c519,1
5e89c1d13856bac834dd9440f6403a227cc1b8419515cc552f78b1d6b7434d34,1
ae5b7a4fb7d54fd1cd2339c65adbafa351f4248571d0617192c2082025c33aa8,1
6082bd9b03d15e01133b8735075637b9aca4f4ee2cc8489956945b8ae7efd0ce,1
5963f9ebed66f0ecd8b76015a11d6c9c9cf52ee5b84890800c7ca2c8446f4cf6,1
491b93a63e9afbe9e06c13a614619ba1d1046fb1508b5c225ab44f068df9e2e1,1
6c8add250dfd6ff5134fd31a4458328176765b82129c3a1fcfe1834af90265a6,1
e7d3a92e38b12a9fc83db3c5f0f8b043e8a10556e75470f03b2949a185886fc1,1
3d029b015a6f14ed81e4e76775813a2316d8dcef6f6ce47f9e7a51fc2e778aff,1
0b11129f41eac3f36d70005f9f10f03cc656a95a3975eefa1bf4a69b899e72ea,1
6ff206849c8f38038622dccf0f45904f63c70cdb616f8c3a1b3f0e108e1f2b6b,1
687c3bc03ccba0dc5061e23581523390d08f963640d60bdc97005906fd0e2e9c,1
e41c934b78df3c3032da178a7de1a92bec8f0e569b2811b29ff020d0b3e61ff6,1
48c0a3f45dd7305019df7c8b615a8d5c6e8b020980e1f7671cc2b6a65aa0cbcf,1
ff0774ab70e3f06bb3ec1ff8c3258b9db4c45f926f02952ded234a5124bdc6a1,1
ca440aad88956fa0ef70cb6900b976ea6d303b0220d56d1816df0ad662ddd6b3,1
7a6457d95cba47a52dcbf547d2209eea13dc74f38f11f02a39191c10ea69e516,1
13c577974596364a75237be81228e2990df1256bcf03c5be4bca09bb2f421621,1
25562123c8997fbd425ecbff618c0984021fb91f11b08a643b05de9abd3e34a0,1
b517f90a4404c5ce094d7cc127ec64c428da9f4922c6170c3cffa8d3fe9f9588,1
e98d05bf96bf4646c67b053f5446759d895fc94b4e46dd0e7cb078ec02ae7884,1
e9202d91961ee1045050d53c3c83f04989326829a6921db7ca2bfe9e3416565c,1
1f88c85b3f4d528869a7c3aeb094c4f4a1f46541aef8533fc3d141d1c06f22f4,1
6e105a6f967dc8009f481b38e8cb8f5525c68ea27fe663ed5e018a4bb68b93c6,1
97f61a21cbedc3bef23c2cdfe1b851b9c30b88a418e62de96ced56958c7646c0,1
e52120fc7edd820a360d31582ab466237039eced027402dbccab1d55a2376b03,1
1c9f2e7398d8d0d92b3373643d85ebb8148ea8642b004c7c22b48a6b3d1d6bcb,1
a68e004e23ddeac3bb26cddc3701c4e97923eb235f2d29c34acc83a577b5d3af,1
85a34fa7f89a346f4a69140b29858d40abe991a1f53c9157d0dc4849d95c3e23,1
93a4cf79141360a01444f25cde4e9f22d3fe1c14f882afbfd580dce80bc6a95d,1
2bf90ad0ffb9d7337a86de807083f472a97bda67b9304ceb10cd2d8c2cf3795d,1
5400803a65d95a56caee4d5cb8af88fc11fb8929cda9ad9c4654661818d35db5,1
2e48dd5be2213aec5b7a79c82245cac31a51e7ed0752e0720b07dfb00f222741,1
6afe974f29ae19290198a0f5a6f8e04888bdc19411d068525dfc95a2ce99eb85,1
87da3b8c79639f2ba3f19b1d3289d13aebbaa0a3cf06ad41ff20c0670ef51a02,1
bd4c0ace815860d398fc615bae910967014fc3e1ff8a135e0823fce52f70f3b7,1
1df82bb467079b4356d3c9b2e182848f088d100047a7326968204d29c2c5252b,1
5b4d8c1b2c63b99ef9c3b77847c5f2bb19a4e201bb72e55b3595e06402bc5e8f,1
cf5de5d6419dd3e159529a3a81aba56c99547447a2d1fbc6f461e425d87e7a62,1
a557ee8ec7e2131c171352787f5f9f90cfadbb5c828fd5f00d485c848de53191,1
4ff4fca7e15cb9b42b27f590b3ab88c35b2c19352a5b87b85d2fb630da62ac96,1
6bb52faea779526efdd5b8da2e0477c0ed18e3419d3e07bb62aac904ac8307ba,1
c9ce7c07f88eb898592018d23fd6ac42df26babb6c463e3ce5f420a23e9be5b7,1
0b5140951d802fa8fc9e452c5c975553ab82e3b11f332a154d98bdf50e0d03fa,1
ee0fa237c7cd8a0ec730d6cd65aa745517ae0d66819428033a4d3e13b3d8ed82,1
2baceea845f146c86a0af856b77e74968f0c3901386d18a9b129954cba34db59,1
69c65d0aa8d18249d25a47962c9180c19f7b6d7cb00a4d579e605da3b616ec17,1
538760d2cd7275d8261501c19d016102e0dc3dd0334dc7dfb9ebac00649044c2,1
55a4d5095cfc5e5934ab6f3dea131694168c41e2c42a96a3efa75ad8f4a9dc74,1
9afd7df64909f2544f1fb5745531ad5488c6f69bc00f8cf354b84f96f1582892,1
29f9ff74cbf5d222d9a8db2e6b42113bcc0a563982884eb55184572e48d61423,1
db740bfb3167177f981ffef5c5327e7260a25734bd484f7557c3bd93cfdf5e6e,1
5b708ff06e8c9f938aec5c38e6afc63724c58c7b9ea23e751e2081ee28274b40,1
12e1ae3c4dd2839c225cf670a999620752c5acf257d435a3632c6f995f9d5b78,1
60b49c9bde5db0f4d776691671d1c775650dd761ee2d5bb09b814328e151e705,1
55f84640bc5ebdb602f2f63c2676b36407cdbb0440a4b040d27a41cf8095e229,1
f0222313c4ea297cbe55b39fef002a986f1dd0a67cc2af1cafe1eb0222109aa2,1
f2afb4ef43469cc2cfad5f9a646a33bc7d8ce4dcb2bf1c816972ae0e07a9e0bf,1
cb9916fb3313878be27d7db44f2adb250811b374c1416dd2f972a6230bfdd8c6,1
921a19380b0f9f6a8d35f2e1706a079fce406a24a986182299e95da77acd8844,1
dcecdb55485f93c25f231383028c66f34310de5911e31f5f5f888895545ba7fb,1
dfd4154d14a66ccaebce661a4711cad8915a1c655ea1a7a3ccbdb61db7e4d9c4,1
5126bd96fbe8e3136b3c91ff6b8cc1727abb149ff1e5e1286f1beeb838c2fb32,1
3eba64eb798cb71803da2778fd6c835bf9e92e6a924ae36887220e5049591d91,1
9cadb3866c3d12828e3db6423e1425889d0cb8ffd1e7029a0c54426e46b3c0cf,1
2f58ffdfed48ec0cf96c94d58332812bd87abeb2673a94b089616a879ae0dc4f,1
d718048e473ec7adabeb94288c5a9c9c800c1326f175d2cf4d39c84ead960a45,1
f1bf18948ad7e786d544617fce99b1f2194d2ef5a9cc1f6a526de5e7839af9cb,1
22a0bf7dabcca17c2f9de3b50a4e131e7da1c7a5edbd80d53f18636d00df2a97,1
ec8d3a3a79b2f9a26e7bd39bea7b68bc24caead2b220ad6c0e16d7f2b003b2e2,1
0ef12570ea29175d68e2f979397e8f20311cee0d0d58685dccee47e8c1d2b04c,1
68c37e94d38c3b45be56c359ae28f3cd1aca2ef1f5dee76c195bac90edfb9668,1
470b5c0515b83a93fcf78e172632c178159e0e40af4d20a950fe4d36aa73bafd,1
8db62d852a6f9649bbbf2b928f19a3dfdde949cefd6f7d632410067a50c7ce66,1
1eafc94a6750508ca1e9b8871f43439dae9c6b390ae12077f41321733946df2e,1
31729277849c7148624ad5c4c3e907ab4b0d802f5ccf08dc74dca499129803e6,1
374e6c28f271e6acf74664c492fc11307af1f3561cfa1a1c59b5925d53ecc69e,1
4bca96d154433c62e21bde668b14400e106b046a09c1c56581e3591d6eee3792,1
a4e2010bf96c42c5286ee933ed7794afc0a651b352d302c28312acf11b09bf88,1
2a439dcf630b480a3c0471db77a8ce8a0e9fe600eac17697f4059f06e539a7ea,1
7a95fe9a9af4c65e7fff93aa8b4ec9cfe0d21395d8973b3bdcf8c8bf311587ed,1
c408d73b1f5f97768e83c40a50846ccde9458e50fff9533d0be874c99bad7859,1
a9dd4b277feb9fe15cf3a2fa5644a5ce352d5345e6e35138b83a117f403f460a,1
be0052d7d5ebb55740fccd773f0bb68b7b82f63bdb353ba036777ea634b85f9f,1
985ca0c6e7c3a50d81b19ed5afc69c02ce9f184e20c56e281745b4146670c1a8,1
50380596fbcbd6cae0d9eb39132924d8011e92b6daae7b5a4ab33622084c41a8,1
350a5393c1d1bda75b4cb640b9a46499bbe7387269ca2df88bc339d7332b3b3d,1
8c13014d962964c627c9c722fc2f221d8e8b34fa483401bd4f6081719e9c6949,1
1d2c025d690d694d360ceb06769ecb550993b0f72085ee52f062519c6c5c7745,1
23add447a51ea7fc69d6c180b605ef435b1cea10909d823fe7503b0ac4cd3a0d,1
f6fb9063563800ccd10c40693448f9e8bb2a97b5cd5355778d309c5c8a9c8d1a,1
f8e7e873d433991f2cbc7ff94dc550a35c7a4d849dd2e9acf3679fc5239a0cd0,1
09ef94afb6c935c33fa8b830f6b5854e63e5f31b4c49e8c7f6b51b08929498b2,1
f787b83a6824e6fa01ce5432cb955544fb81aad62a68bd582133b07171a33b3a,1
8e7e085375037567ab28aa99c2a9266ae5a0b31380170484541f0acdb79d40ef,1
69bd97bf8d4df3b273d0895b19ba945570a59f30cacb2ae7d73b5eb52480abbb,1
336346a6ea1030ec6188a63e4a745a206aeb9da08c6ffe1557b0a20701da91ba,1
02eb58b3e1759c99d74d1aef5d362fda5256a9cd3f4381364cbf586ca7efc020,1
ab6a69f16957db582d762b3b8292ec91d2454b0c870f19cee2a8f3d4538320a7,1
9b4643425ed72d134d746ef529a9e5009b2c99cadc5a8067406ff391afa7ec8e,1
d0ed7d8ee5804841cbc02c8cc5267826bbb26db44cbc127a6003c9c6fad9da08,1
7258a682b6ac02d99a1ced8c6c4d4d33bd41f89b4642a619f0690e08bf036bec,1
53e2b9e63c7332dfbb13e1724a970e86bec5808f012e4af12363a0a81216120f,1
eae31d8e0b7f05727df7c12c25ab61a5d550d17da030fc6a695a5882ac329989,1
057154c11e92285842eccddc63228f126495f1faefecf080c41acb2446ebebcb,1
c327cd79650ecf0e1575228b83bc22ffcfb4809291e844fb739d318ba4bfb46b,1
34260beadbf1edd9b1c723efbf00ec924679ef9e2e7aee56d80911622bb98c80,1
7b087a58263a8a6ecd004f15e54a24d46457648a0642d20a24296842662e47a5,1
0777ca2fc510b2c3e94a38393aaedc15c02442c107a00d1f64d58f7313697aab,1
b72b3e7ba2f49b030b69737072bffa91cbd84e7248e901b475e770867911b9d8,1
79049a15a57c79c5b0b44ab5c7d8de6fe8cf9af24bb3c88c01dfeb482203075f,1
9b98654d2e16c4c11647c5e6fce4b5367088ca60a1dc645102d4f3c999cb07b0,1
daaa1959d76a24cc73ea1e34d681a8da81c0e5bc1f486da22e0903120351d3c5,1
48296e278613233dcc55e1924e6016906896ea2742e10e66f23a951e0750044a,1
f54473c28105a0815f2cce107b8ca707a24d22b51a71308eb2fd4a209efcb598,1
0e691fd93b47a726af1f09bbfb1dd791a8c838e3255e04d7b6a210c078477865,1
c884bf61e34ce562fe35fbd3cdbec9e9dbce58aae67b019545da91b861826817,1
851b4262a94649efc285a9616166ef71d198daadc26fc487a3e67c87970d116d,1
b9f5c6e75e48746f23ae27f151c70c44e3268566d92fcaf37a172cde461a53da,1
06edd0af5a67f862a1e7ae20da1785ed7694a5bb4b73361bc13b8bb625327ce8,1
61e51f7e155c6fe5b1833f353ca1bbf94057d3b9c1c39313312f945fc6e4b771,1
db5f9cb7dd72014785831900f6913cf73c32dc72e38296f3d63a40c93fb1c8d6,1
14d12673727178bf1b6dedbd73a51196ce8d2a2c3ef722258004bbe0dc638f2e,1
64d645b658903e2d77cab32947a5c3eebe9a7a923c2bb517af0953385933fb17,1
d2b81cb35482c3a17f8d73b2ad518d144e15d9592c18d6ffe0798cf700b22519,1
56f8b06a0ae07ff1d7a4991c3ca5c3248ad2a62809369a2017f48fa272162bf6,1
0003dc41aeffb1c6ae9710f3f920ddeb02e57a6fb2ffe77d9e88577505c68db8,1
f887e1804aad395efe67a90721c70b5e9455099ac26dc745288455c4e015c41c,1
81f0c39fe0a770d6806d4434ee9701dc3d9ccb6ba0bf2490740f31b55c0bd457,1
6126d7000694334a03d41c84038179aea09c4e08a7eed745c5079667dafbce8f,1
23b9246c72ab3d89fefbd5b017e1b6bbef245d80166736c73111e0c848781324,1
d96825f955672df847914fe23bf97340e8b5a6290abcd6ad2b7050e5c40e0d48,1
360653a27d892b4afb86cb5b26be22984322e2ce7bd29743c446c38fcce7892c,1
99c0c0eea069f3921ba919a267ce5ea736769e0ed4cb20f618cc24d3b121df79,1
c854efea3b773972167c6c1ab2c5fdd628fb256d90c4bca19bab76aea167629b,1
39ab0c3c60c09278fe01eccb78df079ed89c13a388f95bf72093369cae6381ba,1
e7a1825acaf0697582b3c1423cb82072ebee4803845f4a7db1670d7c9711e230,1
fdf0a97db1d190c64e927cc7fb1deb118e4114022759cf542cbf82e457cb3b48,1
93796e875a1e9480780c292a9b47f674c09ce70e11854a9b71c465dac3109764,1
08d8b28a5c654252d5f74bc2815614fc53f9362bdecc25d7754c7b89197cb11a,1
118d5ac2235001a87ee6f837772cbafc82c12295b1fd112e2c188ecec21a077b,1
f4eee81a98ea2bdfa67685cec0d909cfabec0419401062a9e0fe309ba2535ada,1
6cb86e4604025973c57f7bf2566920cbfeb7acc7922667a4ccdac56268908a91,1
84fedbee3c0177efd6daa2c0fc52f9300b673e62c4379e3f234d1edc2e02f76e,1
28dac5d3b49c4e746148a5405766f8cab69f63dabbc32fbdc98828c83acde709,1
0f3bb71f2fe56fec6cf2c2c67083d8ee1c516fc63a5a112b3fef95cf748ab7e6,1
aa3e208546fad56194ba2b6e40d519971d553639e7159ff2d1bda2cb9f76a2cc,1
68c2ecb0588ee0adb3a18d8396b68c9ea6c9ebefe84f39511873d229051671c5,1
f9f9478554c2c3984653eda72a7ab6cb97efd3aeb69bd69f72bde45c9e3403cc,1
a50498e0e6ff1154ed02fad19e5200860a5ef7df49bab2077964ab42cc4befcb,1
8b7ddb21628a34449b80aa34beea4b01bb7a4da0ab78b5cb5a59d495328e8c51,1
2e95b0d2c2d2fe522b07e98233d3dc036f8e29881fb609107af16f4ddfe43c42,1
2c94d109d25b5341f415bb70d4e44d211a4df7c245c971355c10a6800385b762,1
0a13b07e1c7e999d8bad70cf1505a56ae2269d569e846768bab1600482003c15,1
07c793f5b886917b40358a7ba9236f289d3f8249b9cf08d7c6f7dc14dd4f3786,1
c5c1a4d60d9cf876b106a8ffc2657cebddd55574548569e4fb89958b0d223ca3,1
92913e8a07ab8b4c6fbb395ed93022b7af05d50ee89214b06266bcbac85644b3,1
74f0554b0edd847aa53aa2d60b45427289f3b95b1c9d18955e033e7c6b5dbe31,1
acb0b1e86dd3b2dc3b3689d1e2b893bc7e16427bb24b9436f04603b86f4a5145,1
85eb74225ae9b3813b90f780d4a42b615dfd8fb0603d2a89e3578eca46250505,1
035be0865a4358d583843faf6b1fb29c78213fe10af2ca7168c2033861fb3e8d,1
18fbb32c255c446f77d320811c64f4e5345f24bbc30c246f9968135a54e5a482,1
d3b99d22a29ff5a6d5e0630a93817b53dd821f1e316a7adc0e8dcc787c41303e,1
6dbbe16815873aad147a0330b1967abf4001232539dc6e3cf6bd8887eec92426,1
1d7a82d0505508d265dd80cce8406e530efda7a402b584ef0ea276ee15041527,1
5886c7f8cf534db3c3b400c555eaf843939c7078d6ff17be3992f1ef188418b0,1
b5e1fe26b4e8b1b43cdb536ce77c56be00bb8fec261f3d20bf0ae1abbab18d5f,1
e41c1ff97b4c2dcf840582ff8c9bbc212dfdf363b200e0442a3290238b8e7e47,1
6d6bf8376c662896ba2cc6c783e893ed1e8962681d0339e4b3c5658c4ae48b10,1
9468c50f241f312fdebbdeb9e236ed790e689a7495ac6f657fe63b21072c26b2,1
3dc9719a92e36bdd2b0e9246c36101ab6aaed1a3449d4e34cd7e12921bfa3a0c,1
1d15a85692a4e700eb278dade319d932f2117d34d39a1248eeaccd4da37d2d25,1
178c74b8ef1203a057857caa09ebe6bcf0162c240b34fa0d55cd450b735a0db8,1
1754f4b33a6dda5b23f7f89f298812c36e8376fa055aee59f09757d3c90a6a26,1
79d69660ec019f5e78441d0da04b353a8552f65a3f48ed3831b5c8c28eba4c5e,1
83bde18bf53837e08448f03bcd356abddca09e8e51ccb00d7bd9aa8e260a1903,1
591c1126d2bc18b9ef4452fbd26ea4d03d29a3d481eb8df1147a0597baa27db6,1
3523a15bff954a501118182bb27357e30c848163303944539840b8b53d412ba3,1
3f790631eb31b48fccbc19930f3a6078025fe0d1c0b91ecad7ed7d6b19076374,1
da96d7ef5ddb202a553d5467bc43dd8b94557cb30e816525f3279e8d6b847a40,1
de2b9b52e8fdc6071e09093c1373777ad8de1466dafe531c67f6f78d6a6ea161,1
25a2bb1d5c06729ffce930f370292f2be8c58f2d589b0dc285e6f1129ab18e97,1
e31e6acfc2d1ce6d56f892684efb61128f2b6ae9b298b0fa69694d2eff4052b6,1
9bdfbfba307a7863dbb7fb771057b64708ebe92af38d6d43373ea3b839a19c1b,1
4ee6c8895bcdd8bd71f2d9fc7657ad9e2a7b1257a60001e4778e297148f71d61,1
c23ccc1d6af7d858898e3f87f5b248ef5d77c5c7ff476ad3ebebad467cef24f1,1
078176b5804a925c2fbc1f676141f0b99787e234396ac031912f2f5adbaec32e,1
66fb614b12737d05f063f3b8dcfd95e187ff5f1680445554a105181d0993a928,1
988a856b3d5b6a97147f1171693f06dd54e38c2ca6482a568a7c9a35daa8db84,1
ad8850e15cc61462263ed22ffab61dca93f89dd580b951381ba890759a494f6b,1
50b53e1553af225623205be7bf38d5b8a0bd7bccc5bcc58b355bccf88ce04310,1
39a8f3ad592cde1a4728b8b34731d7a05d0d1cb48f6ef193e49918a6d1448570,1
609bc813697e1c21a0a1ffe431e18d65909746ba401d671d74ca93024b1d0cda,1
43bbf8402feaf54d33a816e46e258903b6ade7c3f0733a2555467442807a87a8,1
22755f92a215ae20099d342cb7211a66ce57e6ca31c09aad6cbfbb346cc54a48,1
4863b96e98f9e0a2355ddaaa50237cea21f1d07ed1466b268443f812fd3ce478,1
9d8fa1bbee7ff8142ef94f8b3e6ee62a106f5d8c3c18cf6bf79528627a8641cf,1
244c5d9714e9984ca8f6be3371a85e8ed23cd23fd88b4976deb268f2f3854631,1
1f9cd1ae380638f8cc7dc21d9bb8a84de7b6abafd29fb93a9eaf3e2389ac49d5,1
21b92b3e81b1ea18430f9aa624f19b550ce630e28b5aa3c921e36144ef0c9468,1
367a9187f816ed90beb1975ea7d60ced04e69210c4f996dda2e746264c91c65f,1
d21acdce21405909406bedc2cb2169b6d74d7859964ae29643b75c5b3d5be42b,1
218dc37ec3d23da68342463f2b8c0e0d8f45694f523ce5b164eaefa9852a3a93,1
a97f56e073a1990641232f66d1f961153daee4f1ad9ac12b7f2919655c78ea1d,1
97762447154f393a8cdee0134dd1b76e2eeb4ed7f55958e2f001b48fc8c9333d,1
120fb4fa49ad034d7ead22efae820347e1eed93077a3461c21a90c7ba9eac878,1
a9b2a5b32a477a4937a4df7f5dea2883659e0bd5d03bf224d11d8fde79d14cb0,1
e3290b03cf43a657cf57192b6ab71cf17c5848013f1cef85a6bba34039d4d737,1
f25c823165f4418bad327e15fe9ef2a2544eb97279c18a4dab35b02f55ab8f0d,1
6e6762418e19cafba85eacbce979406102b4b4b0e9ce6ddfec0d0a5649bb4d80,1
7176d2eeaddc808a5f6db049556f9773567ae0cb5e349d9737f3da9b477fa472,1
6da13f6987bec5553a5f06b6e3f8327bdaa44da375ba42dba1002577f9b6277e,1
67216b68cab0e8115068a4ff544ebca5556158265bf42d7dabcd0598e78459fe,1
f3d3dc9e837bdb56e5f83ccadaa6c8ef1098120d657de5c379c5613f1ac28ece,1
6ef2c38a72300368ae649fa31d69cf0618a52eb89b7a8ac5242f9edbeee7f214,1
ca62b7c6577f249e3ee443cfa3e185739cdf0dda9865a49a648b57aed574fac0,1
2269403481d16cd2c117756310b4279c80bf063efed00078c8847b515ee010eb,1
c57ca4904a539042e22053515129ca16e216b52aaed1e851fc7c8168346388fd,1
0c4d62a0708cfa02ee8ce8d1d6a3da4a0f3a7938d316e832dc10cf758a4022d8,1
11810565a5b360c0b8d47f35a783f982f33fe30f5f6e1c9af815e0f35766a81d,1
cd57f86057b5661d7c399097c0d7fa080fec7a167e1725de6a8e9db5b014af1a,1
79139153331faac1fba604a3243fc1f33c7c1a3cfba90cb71449c267031e672e,1
681067ac988278f33398cebcf8f2af0b1d3f41f51642e99de6f6951c2da16fbb,1
16d0b7694cbe8845230a3b35fc4b6445de5fc24874e6e552fd8fb1719d7fdd42,1
74ee23cc3a173a7ecc2a5488672df7a977d200919e6e73f4bb45a91939bd0cd6,1
2b4df7c4cbd09969081aee6f719c7bb18fac59ec3e11408462fe7aa4b8f1dca2,1
0e2516cc885ac8930d76752961cae3f51eda689b7e6e8e1020f7d91e486293ed,1
b7049568986bd35d2c83a9cf0e14d55a25e1e9f7e3e21da3c703628fc432fdcb,1
360a38fba9d590337628d7bc6c45585e17c69a42663a07ebf3200b38d75c4844,1
b7eca935fe1c699f67a47c7ec72a341c89fc047ad65fdf18845304bf7960bfc8,1
7c467e62bcc92fd0a5167e7f9b46e3d095936007a5139f35de4523db5766cd50,1
8f4108fbbad5b93c2cf5218845acc395606550f4a6c7199991198a69d6a064c3,1
55deabe7803c5d53c23dfe8f5bcce174f68abf8aa9d4c82fc7ff39723ffa9b10,1
ba8ac1474de0b4cfa54ce811d3b4d78e1b690bacfe26508bd54ddf149207b835,1
5a00104022f252a2005b4105884530c2f33c0bdb39334c8a9245788914a4e67f,1
6941fe55f321d5468f759d80f55dd2e6313d4a64bf9f9f9a9902b59cab10da8d,1
1be1d49af295feb4ccb9ae16f6abaa899f30c39bb541f2968b9bb4a8757f925a,1
219ed4adcaae69f2beca28db395f799c32339e6305bd51375cc62da8d3cf0502,1
f35445754ca885f0828009b392be0e1119bd0cf8f3629c85f7af35a472078745,1
9e1330c0aef8354d56d182b0ae5ec7f6a30feb327484a83c942a75f196aad6de,1
e24a1ff9ff4953b12ef389912aab0a29d50120720326d872f8f4e4fbd4e9bf4d,1
ee1d35b8e1f4fc82dbce32e051af294410ff00f683d01b3c01f96c9fca61df90,1
cffe65f0f406afd3636cc7f13f4462ad01c6dea6b530e012e7f386e8ef13d3f3,1
3379164cd05d03cdf6e443f6dec35ea2eccb350ea8abea05d8ebf1b8a3994aa0,1
662746f55727894184d09838df7018c1a46ed6ee109666da9bd6714f8dba9753,1
bb9d470a98afaf83e03e029a4d7da2a6e8964ac99f00fd72e130fe2e8f94a32c,1
c04c51517badc6f5f22da0915f1f3cd90d4134e23073e9f7a423a360ec78b7f3,1
40e5eeb8bf2dbfb13e3b813fe3db43c5aed7e3ac51eb06bafda9cc9ce0057370,1
9cf3bb5270f2ac78a2d245124335bb41dda0ee663a835d480cb03f121519bd31,1
e2109deb243a3da8139d29e8f10771f04120e259129c8ddda66d7e238c3c6b36,1
ee9af14dd8d253d2faede75ef877b464cb4f76c92cfed29719d2646b7b604d06,1
02c2f12965041d878776d6fc3c02f7549494617190eab8a4c30ec12c3c17e35e,1
f1a8d81378d902578fe0f847d81be120d031a772a9b28a32f2ea9c955b09d5fa,1
dab1b708d09170eef33c0b39abbd7d9e2ec9328be93fd77335cd43a78f7ae928,1
bb8fb6eda3188e3fb439678385186918ad334c9003b2a0f5f8e5cfbf37b86d7a,1
2a25efca7e5d584814b1eb995042d8737aa415679f0d3aad32d1a0ea4b117145,1
e7a9827caabf302e851c2bf814da104b3c8d5ff3a2a31814368f543caf285b64,1
7069f7ae07aaa50cf86ae075021d18941ff44ea45407020082b39b43a15248ca,1
be2e82fb96b3e2ef4e08803023487e90ecff9200c4a5a30a0dca192d3e9104e5,1
bc7d99ab3708fc8e14dc7e0c00d35f41bca7670e3b04bad383ad90f119b33658,1
f72b1cbdf137d92006ff923e48ddc32845e0c11f01d7efad9f81506247b57f03,1
a76a4cec3c9e67ac8db3f9871ca7434c5e2f7f1b35f4ab36610f887640708be2,1
cde5166c2e8cb10bc867e816450b51b6558ff0399d091d505e2ddc1e74914e8b,1
82ec0aa12eb29c67a60a14f3fd4c7dba52f0c34fad0a3fa55a32d20c61b1bc35,1
e5b9a7b8fa04ff701e7ee5ee73c0563c3122bce47686f0a37120dd9e276d3959,1
b9b4713992bf1498fb872e005412588198e3c254264ba9f9a32d13ce7e24c20d,1
45d8f3101e1b741b4eac0e487cf552144299aabd28b26ee8d0d5a4c67c135d96,1
3c90618e2916a19eacb2196915000498544e9563afe3c74bfa74d5b0b9a85bb0,1
3b50bbf27c6f72e761f96cc8a4d9ff0e8098394610fa7a8fd17df80276de74e7,1
738bc399b5682691912596a3edfda75c546efb4e6558bfcd865ea0111786cf0b,1
faec10fb242ec8c7a45659c087d08fc8856b8cf71a9fa4519c3c9465bab6e1cf,1
5c04876a05727bc2ef652589e7173766320ccae639a6d3b67be75f3ada996d16,1
9ddd8f143f9bbfa2d4a8ba62bbee8fe7f983a2d18585ab1c23789581a94a2037,1
fde923301f0c541cd6f4ac4d03ab6ff00d288b0460a7dfa5f5c78208776f8f34,1
5523d3694e36fe0975574b095ec98c79803a1adde9e1d73ca2d481ea0e9dc2b8,1
5c742c9dca415138644891d942cbe40e8889d7a0e00476e217c20db6336d6d5f,1
8d574fe2e0dcec52c8e47208c903c31441880fcadfaae9a362e05eba8afeadd2,1
880c7472a69fdff3ac8a8e95a009eb6dc9d0e7bc47ee58afca65fa90c7756d82,1
8ec6faafac1e75a04da9ae487b37ea1e88b6e782b1e64facd3a88c8bbd0dcf96,1
ebbb64560e6c1d43b00d3d85f906776bc0c71c691b2b962d67f65729cdbf64db,1
735fb4c9123b65ded2dd09145406833f77e26067f69f3a8a34b5f8ba52b83f36,1
798e9aec1cda645b84a91f531d6ebdb2c0376e2b8bf8fae1c1a339f06a2eb2d7,1
cf9435569769488f6ce5081361e7dc9dcf7d5bea545ccfa638681e33b8ead99a,1
1e20644ba400f47601288f7cb74138a013375b4ebc8f9cfcf7853ebaa98f1cae,1
273069f3e6388b391f9c374e9246cb13bce1ca4f8947bfeb2dfd8d0584aa3b94,1
8e1e24840f01eba9638a2aaac330edb330e3a0f26a75694ad7e719621cd8e0e7,1
8304f0204cbe4da70742c27d03b51ad8a9f44f7a2ed7e057c8c37920ae78278f,1
f5d54ff03be13e62987958d307dc1cbcf4eddb05db9c3b1f1f82290508cc6d18,1
dae5dc0aa4de0495f0873f0fcabc3f85d6fc56b33c9c9357d246e8edb9665940,1
09d27f4915dbd6703cfca9e49662a084a856358824bc4fdcf81288dc3de0c329,1
c232ab33cf1ef72fc353c075ca165c0fd5cf5ff931b48b4e460c093965895815,1
f50cea5aecec78fca8f8db11ef81fe80a3a80e1ff58310d111796d50666aa6f3,1
c79eac03d0b4135e2ac46a723b5a0b317a4efe2213c7331cd89aa0fe499a7b14,1
47407fb03f188798fd1e99ea4eaff07ef71264d7bc0912cb970d7f35a7cb7a67,1
9b0123e5e5b436f2de70967dc7f1bae7e842fdecdf1112ca70b37ee4dc068e6c,1
8053cfca21fb5ccdbae905a4f723d28beda2fb6086e0360223f195f1c8069909,1
299476377a1da32d75423c6b4dee316128288ac7a9a8ea492a04d8d538b6b11a,1
029cae4354def5eed002868d17432a91875e9a2cebafe997e1960f4ebca84a33,1
6991ec8bfd971c2f8584cc999330d1094d37273a96a303b1d560d8e61a929aac,1
fa08ac7ae52060e941e156f917e319cea4a890f61534fbd0e62fdeb47468f6cb,1
05406207b44d58445a65ee478c4f9a6d42eb6b1bb55f11c478aee2fb519221ad,1
1be2cb3ebc6d87da748d51760333bbb98d96680e0c879a43ec314c4c6b8a22c3,1
36d01dde8da5ab228a7d0c8fdf1323a6cdbbf4c41830270cfa2de45855c138cd,1
7acc03a71d1010fa1a7c3dc219216596a3124d9da909d25d5edb886716143f82,1
7ed8482bfc6c3506a34f2df36f48e5c368c8b1199487cd9e86b119e03f88f141,1
a5fa93886f9bb756703e92b2259016618e79e6d70ccf6e82c28cb98c47b819db,1
446e1536903be73d931dcade1c572f1d3ccd919491662388f7d0950eefd80fb2,1
f34cd5a41cf0ec626a00de22e726786a38f41545ff3c5d7b3fce61b2fc9620c7,1
83b4edb4f0427445d99ac31a7b9c6bb3886fa950fb65465bf32bb4d9d31affc2,1
2cce1c070a08ff5105ea956e6d07e386848acfa63811fb487139dd0fbbc58d2c,1
0542135aab8b405cddb6c43283fe68f9946dd37941b058db32c03a624206c02f,1
b6e7c9a21e7557f90873e4ae7f983fad35e827ee2c27c50c1637ae9fe7a0ad37,1
f5834646c1bae7625af76fce46c468aee2c7721c21a1eb0a255401a2cb169685,1
0d69f5843f90fe5f747b2efd4fd1a43ce3108ddf25aa9af6aa04ccba1611f814,1
828238f61dd588cacd309f17099d6c0b2761771818c1cbc7e426d14950bdfd5e,1
74ab3b633662986947d6bbbd84c7f25abc4d07f474b11bc62dca9b7ebe34397b,1
e72f9b638a1f352cd02ee571475662e8c3897a7b64d98788a4ba2b76dbed504a,1
753d54f49b26716b7be7c02883c7597ad1cfd2bce4a824205b52846b4f7cc521,1
e8ed8145d2bd507127df5c9a0210730131908e1daffd95aff097cd6da24c5f6e,1
43751c93c2f665a4fb32c9bc722432bed52cbde4c32d938f82ecbb71a1f548b6,1
4d5d87653d3fd19618ec515633e2446a9e374d471dedf5a61ca178b2b54d74da,1
1810ec5ad22a42d1938e3c954771512fae9079d2da0cb8bc879c7f1feddee7c5,1
7e8054a6fe00681788503c5fb416254c4d41045981ea5101bb4802a4dc1928a0,1
2e68c0e63edd0f315f0f8fdeccc63cae2131be6faf8df9dcac651cc3f2642b3c,1
79a99df099a85fdc0f02f0bea194d14cad1a34bb9a2650feb4ed7738d62e737f,1
ae041f13e89da756b97d778bd6b923d62e22659a6d668701d33e0b43f5c5151a,1
cd312e8a1f2a3f6da6fbcc2504d4a306bcc0640f64a84f50769dd71a4b03c271,1
88370546478b24ed2506d141647e2dc66bae92018a5520e7331701794d2565bc,1
c5888ec7d18051da451cb120d8b26ac20d4e7886c4fd07b8a7546a3f72937bf1,1
7d3862cfc6c7a63c7ea45e51eee4cf002f5eb716466f24832f0b800aa59e9e28,1
dfd2b5946fc6ee97aae7adc49527f9895a96856db48114c2d9ae9526d8e7eddb,1
b573a1d62a16f4dd83dca25da86fa3cd707db2e9a77050b83e4ea9fa3c4080b4,1
e6b26a0de0e7a59d51afd9cf6a436953f436d9882ad3abc713b5e189bad3c9f5,1
7bf1f7d0a97c3967024194d68fda9361ef1b1755fc8d62ef33e213bd3e47bc27,1
3ec3f0d76c0ccee119ff7079ddb92361f3b81c3c386fced2e74c2dc602dd3176,1
8e86ac7eebb5f027d734c9df125bf56d44a24990d6c52ff29052c2e61f7425e6,1
c49eee290d4237655d1c71b90498c09352e757d3d9f9da8d28cc0a3a29dbbd50,1
bcba6e9fccb9bdac0623b30a1c76c5bb67712618c1a84d9c5af8db1d4646de06,1
f196615aecf5ddc2dd58512bab7fc28f83ff8feab93a3844c63889c3c3036e29,1
89599578b8c68b5b8816d8c4a75b89abbd9ecba3d5aa9c63d678f32ea52bbfd4,1
5a4e9904a5f0c2bc32fa6991738474aef7cde59a2f02a722d35d33625c451c2d,1
e15617b95e61111161566fdd0a525dc68131fdcce5bd616431e1d1ac067df0b4,1
0ba137fb0492684804a73a8b9e370053488a4f7ff29d80dee29a45a6a4cb9fe5,1
0494407041f5f0f562a9b705244ea933766a6f7d32f9f95a1fb8990a3fa8bd33,1
3b5305de564f36892fc12da6e52bb6a29ae18be469d72f438208b0e4eca11a6f,1
9098e66ff1aa97c38b2110c95787e3f155030725a020e4c90eb7c817fa1ab7aa,1
6c56f80f1cc9aa412dab82f5e887e7e4626fda9726ac4a84f2a3c61644d53c91,1
4f512c50f11af9eafe6bee6ff85419619d8b5e884d23237254dcff41f5f3de79,1
2a0f74b28228841ce262255d320b3aed307085332bc58485ac277eaa4b2fcf71,1
e4d4aca3f9798e4c7582bb8f62b309341180223163a4a41505732b214a36fb25,1
f8da0f08ed44425e2b27996fc2a48703df259665c41bde41de47bc04865c6ab9,1
a89f86563cae22d78cda4612a730d0cf6b66666bf33d311c2cbf650a14c124bc,1
15cbf105cc14cb619539a26bad222f1fb5357d5c8990a0f8e712a8203ba13427,1
21b10949b4688a29428437f0d484786fd589d169fd8cbb2a1edfb303485aa632,1
d59aca0e18b9de123e4bee6fad53fbd33cb294a7535d50c44054f532b5befede,1
91f6bab87ad9f6fba2c945d636f120c39e9d9855fe53f26c2a50f8a552c753d0,1
f705779b82804e30f2bb8471ce2de38784f9482fa1b139d8d7574289a56d109c,1
64f34796810df9cfb350fca8a5a8c5050c5dacf92d1b2680ea30675c6625f24a,1
98ff7e8272bd1e9f3a81f817f54aede95ee59b1be290e189a8f055f4c8e4b5ab,1
1e1c5efc9fc6d406e2f0d6be0139ba8db2ad024cb12f0b461db3617c7f4363ed,1
3cb2014e321a1aa1aa9c89b375c707d3fd75edc12f6e74b3fc1b770cc507e28a,1
ab686d15e7a90ee7aafda0475b9ab8e85441820a2c8fa94ee110051d84248858,1
efdc2534d82fa6ed0e1c2c8bf71e4aebf40d0cee0e1bbd69e7067f8890eba236,1
dd730c4efd04cb23fc18129528e0fae5744fce7569db3730f42ce5316990bdcc,1
19f47d27a00a979987a1ab509b9c88f11ad197d6de1577b6a82b8fad2eed0c25,1
55d05cfac3dcdac5037c9e9ed06919e518fafb48c856407f54ae75741c1eaa6d,1
fb51b587c0229163e4574072065475a61b3ee8958322c7088b20c28ae43224f3,1
6c923620b3b22faed9f4a5562d17f5ba8cf289f918871ab344f3a1ad71f6f702,1
ae6b202f7382d0dfae841d5b24c54c98745bb3cae8d00e8026eac1674e7a7630,1
e3d3edec4ab8ba3c682eae9ff7e29c598a845a651e5239ae29000ba6d1440891,1
d22b30a10e096c2d65dadf0f7269698ff1429f1f7cb2dcf50f590f02bdad2a47,1
5f9f1c976be252e3795c4758fcb00d8fa651fd66ef0c23ccff4947f108e5f239,1
fcdfa85d1bb0ccdda8b4b959ea3e1fe4c6b441cd96a42dacbf957ada69ca58ff,1
58dcba8b737ff988e96f5ae90cd09cf80d73924e4acdcb6aa16ebd518d26b47e,1
70e7aa43719723fea8afa3dc71ac2985b75e8761836eb33f104da16396b0f027,1
3f4691b1858ac7960327680e0293daabf9ac132b56180be16cb048c7bcfcb88e,1
31a0c20844433f96b043bc730fce49cff02a089e94bf7718d9736a85f690b926,1
2a27078a4d3b85ced2bfb822cad1ec4e38aa91e62e8aa9c9a5d02edf48aa1ebf,1
4587968575ee73c76e89aee65baaea1b1668ee4ccd3be2a65db641137864c3e9,1
84c405de48ab3e47a72fbc1c1fe528423170336ebd0506ed85392a2cb5693b7d,1
cd4945d6f95efa2ab9828dbedde0d0e0d51a3fab163eeff695111969083c3ec6,1
b6bee03e7213641f00524856366ff6681601ea60560aa1f74624c9a2854c0813,1
c898f842e1870e352c16ad2381844f32338e205ccaa82cda5ddc0f18142b3878,1
3a9dbabed878070c458a72b498a3bcb28388718d29d06439cdd49cd27c2f8b47,1
20c30ef134718f3d450d3b6153dc120e82fc2e99c9f7c346c84268b98ce77520,1
162c89c96b93edfe30e7a5cc8acc149aa108d6fe7805893c1e5f3d60c14e10ef,1
372df1bea82a1b6fa6b13d61d5f0bb1bdc6c6db7503ac2c3466ed55f378e51d1,1
6f00115746db3deef82188cc19e915e33869529657fe88737bf1097494e195a5,1
d43bd5fde6c13308b2fb4e651e20a2e21555f0040f6a43f9a48255800bde7031,1
dcf72554e1c43a1c65b10e1fc85953d1414522e33ddbea3536f2434ae102ecda,1
b5011c1c921021f7ce614c6e21f118be1ee20a5e5be97c9b2a345fe11fb2ee3c,1
0dc4e8586232982cfb1a098a8321e1d821efd1eef6e6dbe877b8e76092cd76eb,1
273d744048318c3d19772af7112875f38213ad0aff2a4cb988e004be61c681ee,1
8d7771c9a981af157e64e877ac3ca76a118429fb51b2c005979437990fbfd61d,1
78ab9980a63f1cf20c6fa8112de814b26d968e04cbf8fd0237f28be268151c7b,1
f4750270f77fa0eb01efb7dd5bcf31285771f38a679cb7a765feff302aa46454,1
df4cdbca561ada28f837207e29f6378c014083685ddf91b5e5a1b37bac6fbeb7,1
312a4a3d404d0b3e76e6162e4fd4ea5eb50387ab20244de57d1c36b8fcd89256,1
04a81a8c0e64d6e45de9fdf2786c084932349da8cb381d609f603520b428a8b5,1
d6e980013043e8564e648107a440a364525ab25332b9bd26b2f84c5ab37720db,1
93708a37272d6bd1394e12240f7bb9500e04e94f88346e87c235cefe7b1e36ec,1
d4cc61f0398473147e73308bf6b3dd31f2df1437753011da6fedd92729df830a,1
5864b49236d8acad05d6ae1ba1347538d8a93b39d5a35edc56770ffd2ea67343,1
b09bf4cd368243f855950bd2a211ae05ccf615459a1e58793078bf192cccd4d1,1
5ab1198ae9e2e3fe8aa0a83000a7356dac9b46f051598cc4d590fa1954e27c2e,1
149abf099f1341662252e0b4c2f6538a7a0a0052edcb6af3bbc4c00385b57d23,1
c57d1b9b13aa0a43a1fa0915a84f6636d654582fd0f7cb2eafa57101cac7fa5e,1
31b5906bbae14a814e344e00bd227e0e2fa1d26197ea384f43e4106c74a7c92f,1
e7c249b5ff3535508a8d9d2156e24cf5243a438e30eb718dbb3bbfd14a1efd7e,1
df3a5e5ea8362e131ccf10da95dbe4a59be8d12e19772f28c9db8aa4f9891551,1
bcddb3e7a5c056f285b9fce08c2817624000e568e4d336ebd417804a1e79a229,1
da69332ff807d26830554990e5fbd44c93ceeb29a99ba7ad2aca5963efc82b98,1
284c2628d934839cf3d3680798523f45e3fa6bf6e37aecbf42b2569b5d1fd15e,1
7a8c1d75544bba95581a4ec1492973a212f061c3d7c4d943e3c2b411ef960f04,1
db3fe15aa81f26a4470a3274483702480baea099624c911fb643a5c10da55b40,1
f33d3b4d6a166d820be350dc77435bd162c0e47d0c1fd4cd4067c99dd189e04a,1
4a2bc3b1314109bbcd70977c172c12ad98a7ec2d30e58cd863f0b3d6a74312b5,1
cb81a420aa0b5bdb78f0afef6a9733ec043e4c0d4c9a3681d16a7a3c4ed8d3b2,1
34a1e506ef1de934a8a5acfd257f4d8362f301def9bf01c4ab0b7daa612d5b18,1
3bd4ff7d8353f74970899198bd891b1cbafc8a60958422b19665a2bf7d6f1bdf,1
2895b8e2cbb9eb994c53c8c34a27c087619ce0df2386636f1a87f1539be2a3b2,1
c727bee4337692c781fb963aa3a76604daa47fcd3a580c44ac32b28fd8492833,1
6d05423b74a8c2fbca30dfcd82208fdf21803ba97a77e3da7817f71729e08037,1
aac35d10360f85cf93c089e47849e292a04e82fe9b522eda3775e77f01ddc896,1
72efd1778e1c755d2641cdd3d09f6c39208bc7b109613eff04d4645f086554e4,1
bc9bb06863377f7bfa6ee8da13673dafe180272fc82690cfd28b39987b5bf6f4,1
b71055f1faaabd6888521571d559247bd32f62eb99064a95a592e4e68351c4a7,1
cdcf32e1a411a6d58a1c567dcd139afe4e8b66be0845788cc3ac9746ab126088,1
bf7e4c0eadb47510d5cb3eaa5c6bed67531e24171512965786edee660fd7b103,1
a0bb7d8d69f11061f55e1b996c71b9c7500a070e28e1a688a946c70f8c34c4ac,1
b530d555b1784c192659f0df7cb4752c620c3cd7e88cfdf6df3965c01e9305ff,1
e5806c737cf2a1ccaacf803f382ba64e0063785407a622350c37d9aafe4e87d3,1
7e7c4e979d4fea7ca2fc1a58489516ca8212019c9d28bee3c6257d353a0b1826,1
349a3a8b4fbe15dfde34e86d077932f40204ff2cc854291d7caa8865405a8b03,1
8d9a41921fc776f4cd25165afdf2a8c8e70d1991f2a668d824035dbb98d45232,1
44141f7ac81ca8df48a4216db8edcf11a9ef374c888151651d4ae95aca2335a9,1
37ae42da797bcbea2f4ebe29e3bbccdf46c54c35d01b0a801889b5edcea33b2d,1
eed93c7240f2e55555c38ea8412380187354734f1de122fee4b6e0b77f5ea21c,1
8cbf8edcc8f84dcc1a306dd5eff6d68105d9c15736028122f8bbbd1fe3d3593f,1
ee0ae533de98beb98bff37fbf8a703ff672cbdd6dd6a5eba92cebf5f37fe9c3d,1
4ba64259c1b9fb649f57ec95806735663a65785a65192cfed20bb8eebe64b117,1
cdf09cfcdd8604678fb57a1a338936d1dbb7da23fd10d8dc322173fcfb207995,1
d84f19880638139ec5df2f85d23bdf27939cabd7e7b79ecdf912244814d1e719,1
f10799d62963b7b9a5c4642b622d1140dfd261bff47202943ef6ad2a5cc1b802,1
0daa82964c5406cbf5833f98cf2e19092a959b48eb8476d27c57ac09b0382bdf,1
df09adbfd83bc9a310b3aaa0a691371ed7e2b91273eba10c834be707e5c6fc2f,1
82e1f8d780bb0a86947da5c5a742296086f61c69f0059a33bb478664ae74b300,1
8ff02b16cee0edd825d36088fce4520b0a00c65883eea5026e350fe49aa68b79,1
46a7d81fd0b64df1d33820bb903f8665b0d4dc0d867c7b0794cd661efbe91592,1
9278224df806fe57bda7fc83a32b9026b28631bd5eca7ddbfa35a02297f3f384,1
5be88cdc1926b89705dba4ffe9fb1a2ed5476eb4409851ac46c5c4a79c3be0fa,1
db38931bc581ed2d6bdf9dd2fbb6ad49ba4f3cfccb137f446183a155d3b70357,1
c505624850d3155e265f8e2e3d0ee0d312f3c9b4049c826028e305b463fd2e24,1
9976bd3a45bfb254d4cffdcd1c32bdc8b8d7f16f3fd052d8e588fef362cae5c2,1
ce1a67c8589cc1ee5e27e0b06b7256254b0fcf1b46bb3143d56ac35487eb4b0e,1
a7c28039ddeac710d114979ebdb95ed7d855c01479880b1fba74f8ec2d1f9093,1
6a4b527ec0622f7b4fc8b0dcd1c456ca3a456fad0add23ad4cab972871590489,1
c94225e196887f4448715268ea57c46971845a1eb46124bcfe4a7d36cb224d36,1
8dbe9bd6b711a16625cbe38eca0af072e5e8a6947543d37a902b43c107777b01,1
5b19fc1fcceccf23927a947011a1ca7a2ecd1e34ebd5164811e5887815d84f99,1
bb8487bbc0db54ad933b787efb6952a39c2604611eb2ebf32414d428d2a81908,1
9470bc30127cde71b0f44e3e4c7bcd234e8e7f2fa31ed6fe93b69fb4eaf42b06,1
57f8e7f83c3ed9382cae6991f1800dbb547bcd8932942888625e19ae6d65c273,1
e735513942f72c870a409f63905962a0964e626e1779e3d22a9ff26e181af4f0,1
5f202e8e6388abb0b84630f2794dce5a4502934a020f9dbe5e9b39c7c71db64c,1
f1f2fb1ba66ce2fc55a7b869023ba2d8b92a55cc6e1a10bc56c3803e58d0b763,1
0d259c4db8367616b0a9236ef8b79c91300f6facc661eeac70fb42dc63318a54,1
69ae8d7040cfb03306009920b2b000588a50ac33e36ffa9d5cfaed14ef489342,1
1f80bef0c333f515954b7894b73d4172bbbd8dcdb572a2b574d58d27cde562e0,1
abb70c162d9a04a960fb2ac61146fb1b91966123638c223fb9c8694f43213228,1
9a7fbc6389f577ab46fcf0d3f6d19e119071ffdbd243353dd71d1023a384a04f,1
b6c23dda546a5d46fa87b7d846cd2817a8e15a39d8fdfc6b855dc922f7f9c4d0,1
671b6e45ee78f9523468f053c247b3420a6d302cd08648df7686584b19c4ca37,1
9f66150f6ecd4cada68270533b9599d81c1b4887b1ca204861c55ca0e4101dfa,1
9172b7b5dab0550e37062c8fce63e18968ed885c0e8b3345fa126f0de778bac3,1
d8b84a7e885a9df7647df213ea709d4d2783e584eab718994300526464c9918d,1
381f5fc364ab06c37d114c55158b1868f8449f4051809a0f0799481cb70970ce,1
5ebae817efcf7c892b65cba25d81948210804c2c45a108a6f16f426d8b2bebed,1
b54452be622b148f15dae6f21617dc6b080d06b4370deaca3130c8b391e10f4a,1
7ae2f18c216e22011e7d002c5dcee8ef74f30c00916696ab1fa3aff531d27410,1
d09452eb8bb2b2a9a62ecaa4c8e30025639010f02529fb6b4b4bc53b258879cd,1
4fe5b3190848f30f6c58597353f053616e58a62a3188fc0c303c2416a0c5f21b,1
6f2afcd573b8cf268300ea4482b2b7c7a473a0381517169b83ccdde7133beffd,1
1abd758c066d44d5976545e476bda5b9186148f77c781cf33c78f2e62c249a0c,1
88a278b1c715b6b054fbc8953c61536015205c054eadf8e64036e1da3a9afb13,1
feecce147275eccc7d2a7cbb10cc416199216e9327ae0f3d0264180941b6d279,1
c50ac1c42a56a68c57bf7859440761218bb51d80d8a575f4e7b01a5906358482,1
c4b4eaf22e2c70faa3e92d29325349e9dfc6ea0be0165dfc89899f2aba45af0e,1
ba76276f78e86ef63d509a8bbefc1d237623de12c04e7003718c8217718817bb,1
e9c7ab28cc91a5496975b24bebf74e33f66053f2c651b9822ae4adc0c739842d,1
b0cd1b7870edc78e6561123094021e1b21cc9428945525f335d590d14de3552f,1
e80f979d7b4cbb663490355e91e5109921f2f41e2ff0f795b410168beef9e30a,1
1a83bd0cce4cba9e85595ae5403961228411393fc225c21231dd54a5790bf051,1
c1237b936f5c1a4d70471e6175d42495e6655f52acd776847b128b0d18632e8c,1
13ce33bf63b9db42c25fc85f7e14a96718ddb4aa22e2accbffb4aee326a0144b,1
ce941f5862f57ea10e603d020523d358c4bb05e43ad42b55772402d309053706,1
f74b2c0a8c3b3bd2a82c7d83c2e3ddc476d736250c2d369edcc0bd5a76157b46,1
ef09dbc6b148ca4fbdf64a0456add43e82b2abbd8ab5b2607676f891a964cbc0,1
ffac6bc2cac97486b8538a99caf75d9cfbed234134e5c26119f9bbb0a6eb7f0b,1
d5c02dc5dc100de627e27b2698e3cf3cf5f4ec31bbf9dd042bd34ab6ae97db46,1
d35a0448456c44bde48662d8894c7b0a2ad448e92327f3f07e3f8c4158f81472,1
aa0392db62355ce892917155eac82c6631c427dde94d2b2029c2e0fa81b67d75,1
6c233e05bd6e77981396c62761d404a97aff6c563ebe60564f1d7ef914c9da33,1
f6aaf229f03ad3dde9e6e8f182b2155957218379a9eecac5db5af89d12f566af,1
1ff28669cc63c5bd7c8f29a75ccb00834cb7c2330c88b095be35f15c18c98502,1
8d3fd1731627ce40546fb37a0c74fed37aac6c90c7ba75ef492b83ed1c94829a,1
f6a317c1439ea77703bfa0841679b3a18202f1d5cc0298fdb47224012cce3250,1
701b1ccb81a0f249692bfc40b6aac54e50195bf41ed7cab6325d81ed2519df4d,1
3d5c701ca83863efcb34dd20212886d39be6a7a22df0f412ac452d74452f9c37,1
23f7b877ab6e0cb509779af95354093df41082a3827bd1c4be48cda6251efecd,1
f3c6cb1820196776daaa7e18d2cbd431d854a7528ee24d9a01646d71f4e12087,1
e784748f022dd3faea74770171dc71412307cade4c5f981d334b74e234bcc80f,1
3e4c459f894136f0d956c32f0daeafe05e7aaec9c5c7b9a6dbd72ab5d92f8330,1
6d432de3f2c7ac500759453b863b6990ba45ca01e73657b924a29910c46d9fc9,1
ea03f87de1e22456a2e04430017e723dd52083f7d18f3bb640bcabcb3544951e,1
9d646f7ea53873e98ad98f6a9e99795a1cdf2a670fcf35eab33d249f1fa616a5,1
cd4dc23eb0136a716e368614ed6a1ca7a2c99022143b09c4a4eceda02b91ef74,1
4b20d174d811d716583fa348feae01caa0e0a72a3d5a34d3b9e73fa662b4f66f,1
0892b7ccfcc9dd301c19426379dc6c86b75e5d8e49602ad1a947af8c8d431b3d,1
8a9797024e42d3b28af18f38b8af2cc34de9825e15dee82fa719fec188174e80,1
1e877c30515c4ee36791539e29897dc183d9c1efee3c2aa88e8c8f2c571982b4,1
b0e4246e5fdddf020f268d838f4fe4b298c48eaadd60442f74c1a6e42071a8e6,1
4a6e703262c5ef3dd179d7f0fc3b7ebc5aafb98f881db8d5ec74df294a6e0524,1
d2e10b4b295986f0d21e5a8f784a9d810bde6706992bd97558d265ed43ec25d0,1
1cd1fcbdf1548f6c55047a81025ec04ed5614f2cddb0bb81f514f8d9c9e27c8f,1
90243b258b65db5230aacdbcf98827481ed69899229352ea4591f0fa87beea7d,1
c35ce03aab8d6a2a63cf780418c1c49335535fe3806228885fb44065ef7419cb,1
d02de8ebbb47ba2895d326698699fc2eb67d3f2863827affe2e83a81734a1f94,1
b11bba36c67b508c3b39980d4cf91c01898743dc4e826758e419a1f8a5de24b3,1
4a4ee2d7733da426d7fb705cb4b09ea0d10b072d888f543705ad8dbe185552dc,1
23d88349f8db44c4cb954aee326e9cf6232296d06e90920da00dae3ac7684947,1
79ce6ac1d5e96addce0b617d93e5492f1a2044a7e07f6c769ea236551e4255a3,1
07af3ac599b2ebfae0b9ae1d48f9ef701409350035b35ba80df7dfd91a5c2764,1
4f6dac06f931f70a016bd88ccb5f28e087c913ef080b0a79d01d3e7f69a01882,1
ed87a9e14fc5cffe01ac7987941e80c183af6ae8c0b58467eecb9bd280855f67,1
6076de1b9dd914f3be772771c7834076efde742dc4002ba913f5620d4b6cd88b,1
9adcc4bbd898717a3b1b78b79047958196c22bb2e4412e43b9d256a9f17e2aa6,1
b077ef9264ba698be77500ea2ff56f2414c48ee4ecab3963518dcc259ef61b3a,1
16391056625bc03e5bc8790e1c6f4ab5728aa741963c6c43e79fcdb47d612ac4,1
36a75e9b0fd41bdea87fb2fbc445cc813aa0183dbde23fa11ba7c078e3a5361a,1
d946f12877a2780355602add51fff53dbd38653bb7362eb6ce6ed276b9c53ed2,1
1f5ab4464c02b08a5a837d19c9eecd922ade1c429dac5a8a2be5df73f281e203,1
e4e75d7f1b10468ad379b9cdcc6d6738e71eb307d06297c3125e2a7cec4b79d5,1
9a56968cff50e58792dd47baca8b37352ae4b38958a1004c5fcb63abdd4a3b05,1
ba9ee8a517cb4d1fe42e01422092f742d0563b014f4e9691013f124ae0514e21,1
7f1279d55f6d1ede4215a8fcd916d6f2e7b9b5a6a8f4d4850939b5779cc5e920,1
771ea5b73ffce1040011b5bbdbd8263121c1139ec640c5024c42593b3ad2ac34,1
2eac8c8f641b1a469c27af1b07ec5ffe28791a5c4df18fe0c6394f9fa9021b1e,1
f4053a7adeb3145232cc1882fd37f35676aa6180e6cf771fdcf59875cfea9bae,1
2d74546c865d284cac8801c4b283ef84317ed809cf7e903fa58b6f29073999c5,1
2ca9d128e12c852bdf9181e9ab7e2d6f304037ea172d125192ad8440dcbd8a92,1
143c813d85329d5b8dbe910df3ff73260e904433ce54f92e67e03aebd398932c,1
343ae9dbe0d7261766b5fd56660327a23ed627ea6984a620c9ac1c2a4af2ef44,1
c45bff2d12390616604b375769f3687064d95ab2d1e3e37545304f0aeda5de95,1
b070197d82c7589dd6362a905e33e7729ed8d7e8bb9e7663a599d7cba6b81cc9,1
2ee4ded9378538e0e2de91481c817955260a2b157c3b9319f349da59200571c8,1
c40f2694689d767b3f993c3e6482092275282039aaa7ce7d11408bbeab4d0ab9,1
ab23deb9337de861e1dfe4e780240a806ac6de4188fbfd6a60e160010b333a59,1
d7a7315a20f593f1ece266549de4f001b8cb017a0038d61d3d7826644e120178,1
15e3643565e4e0048f7630cedeebc8e1db9db42a8efbf0903701073d0807fcd1,1
bac7928b1e234866907a2b0783d2f499a27c0c85136dc5b0cc37b789b4b86d7b,1
4c920eea0accbba2e8ae2a68cf958d66fb175a296a8feff6da545a2c66cac6dd,1
7384399ab0caa6710d6fb2658f55e40a7ef20970b55bd7800b7c4efd5e51d415,1
8e9d25d2227b0e842d3face8df5a9c27f7a022cc3178db63e94d008f5bd3941c,1
09c2ef93f61375f9af34f1059eda88074681b05d5c06e04c778bc9f0aae11b94,1
f081822227f68f9fa3e1d6d36a24f68b250652f3fb7ad9f5ffdc73df63d16b5a,1
094574e5313591f2743df837b13720c0acb72005022e4512fa35d0357a280f0a,1
b3c83c6474e73fdb458745b47de0944f5947978561ad8ff3b9c70857e6f9fb18,1
26ba5e8026509f9c906bc5372b6d9ac6026b5678cca544084e53563e3a6a1299,1
023f1417cf5901ebb09da0c12339ce65118113663bf2c56b9edb27ed313e3f08,1
530c41b1cc9ce35c8d5154727230e990c7f9553c303d617504cba542560d117c,1
d32359177dbfa4314f9e9b08fd473528250110ed96da0fcc10df6443d36832b0,1
469d8eff3dcd5b600b8a9801f711255507b2b2c2c2bcf1271bd7d7a33f9eb792,1
f24dd271d8f93269fd64ad51e91e0f03bdd68abc38c748257cf2a167328706b4,1
5b2c2996e7d67ad6fb32f9bf6dcb3f46ae05668d16aac1c3ed25373b38273919,1
875faa2d95ba7206f1a59f944d3f8815d253c9c222daefd41c05b3c1f72a1b51,1
0465e8ddda5090936c9509546551b3d546286a623478df6c81bf7da986648604,1
15afe0c929a47019acfe2ee5cb482d09253c1ed7b64e934fba44b87208724089,1
d4d34776ef931164d211b3e21b0b4b6356e04d88c28164ac3ff5dbe577d0f330,1
ad65efcf8681356491a5a45e8036e2c906a0df338f3f6cdadfee7c652db18a51,1
bdb11495adbb62fb76ff826000c365ce0cd117467f4f9b4dc26fa18321d0a6f1,1
db2db962692dd4c63f7c31e765e8e6e3d9e62b24f8bd3b715bec5d6a6268924a,1
6ff2a5167065faae67467af765918c7403c15ec9df288bef79758cbb191471cf,1
9ba655142703e2ffd0f0d9fb82fe5dfa13a3b19effe65e96043b6f6b7506c296,1
09ab2bebd45e4200436888f10e32fc8cf70f3695416b09da45fe9fe78eebb283,1
bf4c18e81d2e995b74505f9bceb5c63ea21d36ff1d8b32d29a05a860f74edcbb,1
3c8b9d8ee255b4996d31b72c10a08df8031ee3c0626b707721518b385800c644,1
f7024ce8d2ad237ea795d8a1b37023c87f49dc417f1af35f9eff00ccecaee29b,1
e5be2f93904145b2efc1b291bda084572718eef48ac30b76367be447a27be73c,1
dd8489121fa60a904bca4c3b44d37385c291b61d34256458b1e1389c94519dcf,1
9b07de0b3942fff1533496c6ac31bfb03d165c3a64361c428a65b1a9a325e5c6,1
6330f15ba87d22b1f7c5a30c70633d955602947079636091427b63de0bb13780,1
8b83928942b5a5db28b55fa1d349265037826ea07c538c6df484bd5b26d363db,1
43c7a749578153639fc15aa2bd54455f2ec7b72e51bece904347828194401d85,1
735e6d16e62e9e68c3f184d92d37ecd91efd68048d6f61661d68800f1d96d33d,1
db8ead6cc30e649a962687ecba15216219dd213d97e90b1bfb37729463811bc9,1
f85fe2357d2c4ef5f703bfde39ffdd823d168ffdacba8531612d52a328f20744,1
bfd1ffc20fd8cda392d1ebdb6f572f29179bbecb8ea736fd840661e63d858bcf,1
fa646a048103bdff66fbe5ac45d648ddf4450623cc2316df46ba9e9b48079a96,1
b47229ef24c0fb2cfb2b0b2e3eb880ccb1a3ade182672b0072098cb61d8f3dd2,1
ba7d35405324fbba029bffc79b53b750da5b148c51d997fed2070aeba4152c7e,1
2a805745728d62f5429fbbc2026bf38fe4b6f44952d785436b2b23758357d1c0,1
51d937fa54548d3b7265aae98a815c671c4d8339690142943b0a2bb1db34ceba,1
a9c4170e1876d55bcca1216350d0805c006c10f8e5969bb389ee0a2cc27dd497,1
7fa8d49507e0d95f8361541d74d2ca57d136faa39f5c95a0be417c8bd5d905bb,1
5f41965de31eba773f6aca2d3952f62da0a90cf25b5953d8d9a8b5dd0e53044b,1
ef4db48df2a5809b5630814bc6c5d849129c916060bb1aa1a20d01184253a9cd,1
297da375a91c83206f3d66f9f0572e50c52b0edc8dc1f0c310b2b302894a51d7,1
b525a80affb974a8c9bb1fb54e354f2c7ee394441fe8193b538cf2bc37de9617,1
85d2b0c707fddeef9088bf096060655c3dde7c048ade31e85b750875d26b726f,1
a71dbeadd88970039e5282764a3e67a7a0b4c43c1d094b0b0d1d5389b85d91fd,1
e68b874ceaa8af356e9c7d6d8e22a1a31720b1448d8bbc668896a10b3657d003,1
9dcccf4e53e7144bd65349e6bb27f0702c31e146c5f49e221ffed27647b70174,1
3df5dd616218ec6309c2d127cf5f3dba850ea76752fa4dddfb225b4db2c414e0,1
34994f74cd514e50d78659f62e0c26a93870c181af19df717a6c41e2332e4da8,1
9c478b0806a38700ac5344308b7cca5ce74348aa247085334e69c308eaac9a0e,1
c11a14cebef61cd71c7449db6cdc9837a908684806ce4b29dd9201d112136115,1
6262fe5708248340b8e6aea1ffd5eaa417d87429670d0cbc330997522b0b8511,1
3745c62c87d1fceb8e022f8778ab535ea20187f8bef2c3a5949147c3f5455a4b,1
8c0a1bb57332c54cf46d77bfa07bd01005605e69a7c83dd0f9aebcc69023e375,1
e768ef7a6bb7d322ba16146bedae98fdbbada8071a80081545252cac72096124,1
52903ecd4153e7299a7fc5313699b0a3231e8d4bf7c6433254b38ed0f95eb5e4,1
56b3de4c8280862241d11e7bada575b210bca4471e3bed9ce0ff7bc52a63e4f1,1
1349b8d6493cd861d9d3e336c35338f543c0ce3e9cc86c8f4f7647da17a9d137,1
64e54db3543fdaddf87908dee20ff245edc6b5f4434d1f94741174d541ebf5da,1
d6fb6dd462f2c9ee1e57e9cd0e84ccce6dc533daa76d380431acbe59ce9bea0c,1
2e6f245d19804b253f2276338f95201059459ca067a6f07ca8493456f4481d79,1
d5ab4cec809d5ca6dba55099d395adfac0ecd7017821a7ce2349c66985508036,1
ac88238c6434432aa1bfa3c90e34dd44fb6712156de6b0240a37737f8e756b69,1
82cb7f1d49a2d1dace4a5ac0cb572699eefff1a7a7116d78f3cafc73eca478a7,1
e59b6ac5e98196a48500b422d9b378ae96f3779d620cfff0ef2075acca0204ee,1
e053c161ed6a4a7f16103cbf6c2fb8a896b66ee82e1434880ec3af0f9823689a,1
10c1ae1902a39d471d90d9e02f087943b4fb7c37550a77c3c78ac0f6548db550,1
41efee839118b259c8633b792b249c35040c3495dad4cbb7ace21b46c3f61573,1
cbb063a97086caa83c5333f08917c61f25cbf6bd4346cf1f868a254622065496,1
9d84ceb655d63a84249ee651429ce95d536d45dc8b109a2ba8d2c0cad7d030d1,1
d0913a333c2e327cea851d1b43941ed4dd6cdff6b67f35098ec98b3cb91c0068,1
bae4a1c90a1842604538f273c20e02c0e1b07bbd81b82547e36e85fb944e98a1,1
9b92a360def18a61b147163031d48fde5a32dc972b9a637d38e602640e726d25,1
6ce6a0ee7a4b4be07663e1f717b5513e28627740a24eda8f99bac6efea49bb66,1
ca9d369fb9820bb62d8d199343fed426908db00b19ed16f634c492c2a1f3e32a,1
8c70b657f08dba3e546e9d782d75fd04327dc2bc3ac8c1b24f9d24fb46a9962e,1
d6a52113925721f5d5fffb7561d6be936a8b9d64e289546a30ca36a7358cf963,1
c7c5a1ced0b2a3ae0e27402f58267a9bf4da790ada7ec7eba363b1ef556bbc29,1
e2766d577635307da3bc8c504035cc7ff10fc4143463e602080edb04305d734f,1
32a9201dd3acd1553c17e39434e85e7c74bab7e9327118b03228a3764e541d4b,1
72222b809205b8f782cfdfe97cc4513ad5e94cbc5c5ad09d96e8d2e9d53601ca,1
91c51ee7cb7ded74ec590007874e896e09f5571dc5ec1be3671b88733bc6179d,1
cb9bb0efe655216b6b42938a890c415c32ad6d9dd9118777c3d960832d46713e,1
d396ba2e6365c6c2b352f6bf33255c8d4090e533075d5418b7a64be2c2d720e9,1
fc3756588ab9e412f148bcbe7588e2bfb9d334ffac11cbcfd395c55d9a74eb30,1
980edeac1396741fddadfdc785093a3dcdb166b422c3816100672891556d1726,1
f7c7fa732c5e43b51203942fb75f77870ee0206e8f6ba866a76152f4a06d7768,1
4e7eb3de5b812ff89da34b9c4dc547e8da3537f62081578484550f0fa8f3c712,1
675696496d1aedc7c4b37b79c03fbc2d0c68e5b182bebaecb89f2409a246597c,1
3fc61a8b7a378c57172dcc1f3d324b15d9c9da1324a54e32f30179fa701c7cf1,1
be6070c25a243cd982dcfa5af06ca488541ae1f540dc6a787a55c3285046b151,1
1d4dc5ea2907ae0ea7bc8b12191e015c3e2cead758c1ffcf65b18b0f6a7c2b9f,1
ac4eed1ea57db17942531fe2533d691597bdfa225e8e65d6f9959b2f7b920726,1
f756be475629253082be064c020110f5c04ee61ece3df9a7516b1f0bd730982d,1
065b2e7c00279a896e07f08b8bfd30d5a35c81d111413cb29e4558d460d3c49f,1
af4589d211ccb6ab9e0847ecabb657008f94fe864b8365669fb22521202dfd5c,1
bbbe6107ca5c3558de60c5241b1649a0f016b29ee7beef3387c4be5c3a9f64aa,1
e62e7ad5140af5d181ee8dfab2a10c9f5d11e1e6c2742e7a9e1330ddae92afe4,1
43c6810ccb172c9e0b8fbb34ef0e4d9ce6271443b9b908ccea2a26f669545d25,1
dab783dd74fb5748d3ef32cf7fbbfac44b0322dd394dbf60e3f2ea8536554608,1
cba61372c891f310e70e47ff62e49567c41463e461abfa5504e6cc15f5dda1d4,1
695d648da0ac5e3a519a3c315ac362f834e4dd8bdf46144cc21177c03e40b764,1
a2944dfc2dcf3c671ce29f436b6b9798320d25a3d072e88c467a6033dba10864,1
417df8c1cdf1d6e4f77f329a50f5cbaf0fc6693f638939258f01a0bb1a665036,1
ad5adf55dcc6d98a2ba4f1efd9c4cd6be01ea60c299c03186b9be7282a3af05a,1
ddaad21ddc228f57798d126244ecb09b22cece98de0f540407c6849a9cdad92e,1
a3585a5b2da205170accc12f184e3918c9e3b674f91410e19b1ac80aa82a2292,1
717d0c2841ec4d559c916d2663105f11d12bfa66cfbbfffbcfa7aa32c1abf1f4,1
f234a9809a20a061feb7b1beef3662cba07474aaedb6218cc05f75372d3a581a,1
d4e3582478c74206691734b49a457de29cc7709e0dd619ed1e1bbf94708b0173,1
f28a72e3aabf36131d004b23cd83debcca65e24902178d6476ba34025521c694,1
6bb250e6873633cb2ad37f8580f2973765a90cde168aa90c2a6840d0e3b864b9,1
060f198d9b9dfdabd36dc739b11e7911a66f0febc36843296373d77258fdf3c8,1
7ac1d5ae5819fc564fcc0d11ea91469eec6c9a909ad153e9dc5b81408c9fab28,1
e448fd5c5b4a54afd8c8178c48982d047828b9fe41c94c6c9eefc74593983f1b,1
02d83fd9c2796e36cb142a3f0cbdb92c4fb29e4badfe09046fd6a14aedb278ed,1
0dedd78aa1e455e9f0c97562412a9af3f3ec84d5025a1430cfc17b348d013903,1
b71cd6b0b197965bff55f6597a6f849446f423c1c7531be0fb032e1f74b68b61,1
2b3760713f513f7c12d06013bb410357b6494abf7216b00f0f39dc5f1690ce3f,1
4660147b7efb0e3da90002cdc45655cc7d96c8a4721d9f7129126d0c2491aa0c,1
aac78abf32dac28a5a0880765ea8bc4b05e789f3a28ca043bd6af2098c79efe8,1
3fefc104efa22dec20604fe10a4045a5cb778acc39e506e5c0f672099cdb8ad2,1
c5efc9acae57c5e0648c8beb424dcf3aa590ba6a120983990b754efcf8aae7f9,1
db7da33a7b1938139f4c3204f80bf07f6b5ace7ee575128bdb2b53ddcbe289b5,1
c0c2d8775a64e838fd776c36b567d4414cbd8c98e43a7b2e7fd7944ad887ebab,1
af8567f4811c1033f7ca203487f9360250f5f2ec29aea442e0d83d9efb572202,1
98811d3882431675489f0c77e5d2774ea8d33d5de580d2b024797c7de219ee92,1
8e491e8c40e1187a65b27087fc0072a66b4c7e3a77eea64155bdb4e3dc6c9ef7,1
2b531bb064f9637de609272dc5060913eba4ea933e156d05964d70330a1e0976,1
288b555ebd6aad30c9e176bfad6bfc41e98ad672df3532014bc99336292e4e90,1
f823a5cb9e6c79c31ce5589cee843aa1a5b8e959a8c0a331b481ccf7ffb81f09,1
7aa0b62bb2d39a4687cf312debab3b2281ce0ac2ece98ee7f6d5420be8e275f8,1
798ad377dd8e651f69147b012603343282a2ef2a90eaa339bd638a8a071faa6d,1
f06af989c4ac999b9c6ee2d8ed570db5d4058545933b108f62ad24a4fc8f4753,1
7a809b34df46ae24c9dcf8107b319c7ec00a25983762eec63675de9a9a87e5ce,1
42cec0149566d888c9424db5843ae99404627149d1d9b2651790aa41c62a613f,1
39526fdd5f234a96f30e81a8129611e535bbfb781b206863e15c33ded0cbdbae,1
a1153c962ddb67a7a86dce69682e50a54280dba5b1f9cef97949ec3de8c322c5,1
6f04917c4d48fd37839b2cb11dcb6393e4ad9e6e5d79ccbe7fb7f7714a23c966,1
1cd53498edd9fbcca02a4aad7637146b94bd6b31257ca19eb2c2298d46b5bf63,1
1ee7ac15964468d9e7ed0272827d3233ac619195616c181084a4a5dc8302f22c,1
3aed9e9567232ba629d434d014d5248f1ded2a01fd71a188abbf7d36f72c0309,1
3a4d5a1b9a5d4d30ee579c621c90376d23acc8e07238ceb19b96e98b37cacb1c,1
29d864a7fe566b1b76724f3fb39f4b0466002bca98ca52e36286124e79d4e62c,1
212c319df5e02732722edb3976c75bbedbaee66b045260ce53473567c4a1e3f2,1
4212ddd4a8a45546573abaf46d1df0e09bbf07f7601061845f2f6b7915ee9075,1
46aea8da30557491aaa3c2cfe828a8d93c50f667153986b568ca82114b353cec,1
47f30090aa944d4a4f5a53b9a769ea8c5d44d019935c0efa526878963b277795,1
c4563a1b3b00b89a04a469db4e1c5637918ca843c5dc61b510de2ab49f20a7e8,1
e02e6c3da6d03e59b7d5e05ec49f42a87c784f5a884bdf2444ae7b21496e09a3,1
9cb5322cb026f4a53731810bf9d9dbc8f3b4df7bca6686ddcb71479be38a2f13,1
76fc62c0b56f7fada33b7364968c2aa89dac60ee4fbf61fabd066f26c4148178,1
6ad2b381397ea3fb7ff11a2ec67de4973df3f96645d5dac227bdac3d541dda0a,1
a942a5737f79f014d1e91831d5abf3ef97d1334e72277cbae1e3a4322bdf7be5,1
7dc030e5fa2a8c03535c812a0ccba8476acef670d830668e353f32480f9dd1ab,1
122916c5232f42ac338895f73899f0bf804f50e7fe5e8b58ccd9cfc4ad1c5f04,1
55a2488fd994dc6f2cdeca36b0a809e0c7122ef69583a25f0df275c1d8fab99d,1
f682eb719845255f7992aca192cce4904c083456d635be670791689a292db4ac,1
422617fa6242304ddfdead5220e3f18c179cba0ff72e9ba31fa18b5a3a4f0c1d,1
21c9c9a2caa273bc25b2a8a2a9667b01e69e63572d9ec91b210ca880a81b5586,1
e038edd706d1ada849d759f21b44b69f295119cb6056ab977deb15a6f45ebac1,1
44a8fa4b899306a38e998b460af324ed9d37dd2d8e627983bfcda8ed0393e878,1
79a6be4d9238f61e313aed69f5494ae51263304acd5c519cb7a755ac46b2ce00,1
e83f0642738d1253a8b131d7fc7126b291844856f756fe16062ef2ce251f770d,1
47dd48f1e6369c7c3ffa183e70a3461a97551f572623f76ee45376ff22053904,1
7f2a9e3ad245f933ab485019fc2216c52b9d9865bfdb46ed5d7445b8d507197f,1
7c4df6722087ea7bdfd58a56a27c9d957c78f86586d15bbcd1d50eeae7c13bd6,1
5f4bc0c752e34331af2239ae0535abf1666695ed92d9ae84b72561ae8418e8be,1
01ebefc7192806d4ff76bbe97f16bf43c818ebb0ef15aa92c2d126077fc2682e,1
546b3791b3a7a5b43233bf3ba06e30d9001c9af4ca8d37529acc8cc994dda44f,1
10d7260f4fb9532a4e906c6f623648a10b436557b8564f8b5a7147b97dee1c24,1
2e569b55549c662098862f19ce25c8447b65c60122bee9eb6e88e5dab922cc57,1
09f1bec163ed6ff14706b02f96bbebd4e4e69694dd3217c6b7403703570822ad,1
a265c02c64a48a73c4c50edbcbee06113e66f4afb55913b29e8a732d590f487d,1
93117ad7e16e63f507df980a03f6ef47ed6afef083ba33d3e55e0bdf56af22b4,1
c5cf13be2e39f95eb753e0df4998434e7ee303f3b8e42da79a96d4b5506ff224,1
2f011eee4a8930268772f458f85466e27ada2fd75d79e78cb66f95bbcc06a164,1
c7282486f19ea3b6bfab4110c3f74e1b164def96c83608c3f10a4a4e3c2b2044,1
d0a0fce0f930a776144714f8287f65ba4d5428f838e71c6369cecc672314643f,1
f12ad12a3375f135eefd6f02009476faf18a243aef4b2b089c625e23ab460319,1
d1f89210a3b103a69136d6d0bb480dc21cdbf7201c4ea9affdff1dfb32736292,1
02437f317ce2580998211adec9280b9c32bcabb62f46e31e687e99b03726641a,1
79fd429b7d9cee6db325eeb4b46dbb66a122fe5800450a66234e530436aa1911,1
d020c831dea131f177345ec21569f889b8918f52b7b626d3314f2454d3cdd228,1
66a82839a767226035b5024f8317cf99399d8fa593383b7b064ff8c463a24b99,1
6f06dcdaf39fcdf1bc504ae3be9ee421619f09d181655ec2918a653179dc576c,1
3160b857727eb2ab2d4b9982ca9ee50a810f5a7fef8701d3759248899a95288c,1
d9ac854be7e8c5362d8533313aaeee24d8c3da18639df2b30f7cd4472b52698b,1
b6578b46b271cf8fcd20edc3335d4915b996fab0fe5c0b59d8877870a16803d7,1
8514eaa78e18d1741caa58679b7d75bd76353f540d7093199efa0255f3131e63,1
026d2303b255be7509479c50c86689009e7724020a4750c3fcfba089b7ac3fb0,1
8b674e9b286e8ac06c634d7362db14b71ecf5b7d06269da9c8779ced066784c9,1
28f8c89f02c134e98f81b5d32505c721a78b928d86c017af807b14ed56869a0b,1
e731880bcc2d309ed81a65a51a7cbfaecc56aa65e3e90ad3ed0f6e4bc17ddfdd,1
212562ba407c6b2aed491791fee80cf03788d65bed351671badf16e36c1eb775,1
f88fb69644885cdff4ddbb99aa546aa35a2e7d308ce1ac71cb0f31b680fb9231,1
a64c9f75361b5378de7560c7ae87b0a0ae1a550a34159d2c1eeab4f6bb5cc3f9,1
b7467fa5bb1f5af87d7441b3f6d9520d8473cbbfdbcb20b3baa58fb749f3ee66,1
edaf5f892f0295af27b8e7b0b020838d7db674046be42f9fe2510304d204ba92,1
4c8602876bbd17654a163baf9ce6ddaf5973d4b7378b853e4786c4a07819485b,1
4011e45dc157ab750ca0fb4ed24101daa317113cda54d87472690886f6ef4eed,1
7330e709d5d4f5747702195066c986e8fd9b70d4509a0d240d5622719ee6b0f6,1
a2a160a790c8c7efa395b161e7439c6dc8a76ec62e837f84b267b3c65af0c537,1
1d36bbe5d2409cf903c1e27d860a00f049236e7b77364ca8effecc2fbf9f9d10,1
5232b58ee63242e1d46c3788daaa470be73004b85e4698176767a72bc002d5dd,1
40804cfd434a1c3d8d0390a5f0f7ac7a7b846156e86e094362d21398409f39d9,1
95cdaac1376d4678c42489a48b177f4d217c391df8fe397a58de542424efa20f,1
4b52700535f9aae8d48afcd589f6d0f4adf8ef248176304c8e41c23d2685b9f2,1
10348d5d13ba7cccb8ed0e17bdec4934784f2bf131383b8c07f2d73d989b632a,1
e414193bc5aa55d06f32095c0c3d7f8011eba502fa8f81175279aeb4d4191afd,1
cec3cd5db1dab1faf5e6f81890aa91e18a5dc62e836c4a5efefdbf835f4e8b1f,1
c1d665209bc0bfefe12cdb67f1e9dbd4c9218bcddbe480ce32b0744fb17aa56a,1
7dc2b397ed5406233e4fbca4b316dd84d4b3c132c1b21426a27f285c7b7f50f6,1
6cd140453780164d7962ea99ef03b7829f111f4038f2bb47cabab305ffe63e23,1
2f139c03917802403709d2cae2f586c3e52af9b25038f1b2d8dc2615256ea61e,1
695bbe935cce913d3c3fed410b6aa2f8487ee45e6c18195b05759976e28d5ef2,1
c1dffb0d7ef4a0e72eaea4243eb885c4478340da894e8f97b269f2e2ff1a9731,1
58bf35cd602474b1dae53ba12db42421a818a67321404f9b8e1823770d95687a,1
82b0a2caf7826e191db3494dcef363cc2bdc23061305044df69d5dd45707ce8d,1
caf536bdec9a0649cb4d0c2765a80fc521be618c36dde1fe3d719bc2307c0adb,1
84686c09206149420970cea9ed488e2fd99ff6692c69e7311ff52c04cb0e4596,1
56d35cb37eec3e270636c1a55f5001a49bb3cfc242adbfade211ff2171885f1e,1
12d83a6079db1f347451cecaec4d6689781ba339559c07a01aa4c9556261da30,1
81d3639c8e57ea2b18aaf6f8da18a89bcddaf1da548c6b47a6f95e0bb9ae3185,1
5c8599d18b5aa4f6ef1c3ef071b707c944932ce6dc2a8a6e5f051a91854e4ea9,1
dfb04c9fd5b1a0dbde0720d3b371c80275683fab94126b101dad75bd9de8c0fb,1
3e1e80fa2f8da197cc58beec379d91ee2130b6809ee61431fce216b141567319,1
59bb1de6397df59ae84cef2a6940573ed4eb82ba195cf4702b1efd63478e78a5,1
759cf9ae963f04e97875e5cb01ef236829d8c7bbe3d7d85e2330b0f3d0f888af,1
62a6a9f0af721c8dccc2c0882cd43c2a823cb27589d5141b3685d53800800c9a,1
fa2cbb2deff90b53876c54a245e545e355d7e5fb559249fa0d0138979cf83aee,1
172b3bf438357624ef7ee799c70e020117d5a507becee7bb6bface2e76b1bec6,1
5f51a22ba53d9577a278d1a69eb29821a8496ee9bae3ccffdb8b94543cd559f3,1
e1d4d5a9d48c8995ebeef1103647464fde5d3e479bbd139d1f4ba72507e1ac88,1
bd54ed6445a073d0a46f016fd6da1e724218d93395132481636ce7708ab7fa69,1
933f5c73b6e4e9f428bfbdaba7979ad8dcfedf74900fc8de7c909a144c5933db,1
642851e80d08658f88412e7bcff69208cbeb6bbabe231534b7cf00d399d83d1d,1
5f041a6a1abc3f421d6714117765d808543e06b3593fe20abe022e8d73bb0d1f,1
17afc5167e0ea9362540f479a3d38b4779ae35579d0d72b39d54634c13e1aae4,1
9d29c4e85a6a35f9cc6bdb180067b2d723f454ab1aed52cfcb18ec51b93b4135,1
3b97009f3affedd9353991c4c4620bbb07247e66ee4a57fad5de961471b6dfbc,1
697affe625e820893c4e1e171b093937cf7138535f218bf5e9188402dfe86bef,1
77af36a3bcf5e8d1615d3ae47b0a2e052d234676584dad050a9df60a63335e3e,1
9cfa4e5b17e91a7d4907b6a0509c421db7d7f61bf63b84d3b683b846a2cb1e9f,1
d69e6a98a849e246062c84b791d71f19e6a5516a6b5f49f43bce37ea54666249,1
fdad034c79b07e8504167b4859ebcbf59601cd2b18981cd3bfe85e66ab809b06,1
e7d9ae2f3f6083e49e8dd10f37a052d0ab3e1a5bfd08b33f3e214894cfa6a4f6,1
3c0759d0d92064fbfb01e9a86422e6b10ddf19ec2217a785ab4c5b12fdc5efbd,1
443399f5643884890fbe4e0ff7f88874d2eee6f9012257d30bc9cbd8bbc3ac80,1
311ae32a14a9b3670b5cdd213acb747eec0bfd99e90bd70df48547aaef1cbc6b,1
dfa270fcc82906779acc803ad6b8d96845e88a585b8644c7ccf04d6e79d7c9f5,1
b08ecfe51d1dd2c6bd48fa5337cf05d11ec8492e86d57a2f0f8cb7464a8e77d1,1
06c7d39c69c889bf2cb6082446b9344ce7324d83f6f72428db3709c8b3170275,1
e2fe6e61943dcd1aa24fe098ceec3823c4af89ffc23bd697a24af1ab191d7c7a,1
e36fa1cf99a45ba770774f984d9c12c25d54b59e8c0c7751c390f22ea166056d,1
313dfd550a0c7bf700ea3bed551200d5e741aad22825799a5c39468aca03b13d,1
6d82c6350bf36b8d5407d89181885515376dbe66a2a2a60b4a4b61c25bb5ae72,1
ff8592efc02a81d8405ae1fac2190f3def694252e770fd54b7d65dbd55096bf7,1
656dd9e7c4cc38b12871e71e57ba480aeb53224090970cbf6b580823cdd7217c,1
25545e2715795c0eab8092dc17c86288444ba33c9e327131c1b75732ffddc1bf,1
7405b9ec4b4fcb1084171d65d4026a8d7339714c92c40b2aebecb26ff059fe5a,1
dbfcf0594adc306781565bc2ac7f33ab1f18cc159711d53a2fec20c80c1fe6bc,1
18cc557e20093408d2d969f70a4032a8dcffd370ea5efead613717127ea8dbc7,1
3b2173a7d428fde81733c8f9f947bebd2c4d510eef70dc6331dc283a35750c7a,1
6740e00c455314e4d5a9b7c4da0b498cec6c27b82a296a14758809714ff45b4a,1
36beb19f3e0da6c50fd2a47e4ee242ec9213144ca20fdd02597d40d9373d3c39,1
e06d04a7f983aae9c9d269894b3a33b04cb88202dbd589f8e0e40d25ad7ec4b0,1
162e2abab3a5207854709c66cb1ae29074316e1c87b5a767817c79e171c06ff8,1
1b5318697762f1e20a25134e5603740bcb9dbaa9f3dfba49448fd31a855b7c29,1
52a1737a678b162fb6a56ef1d0c1959bc5a0b56c85434e78a64a9575d15d556d,1
e136e0e9bb7ff0f25ba2146aef519e1975603574917abb584403926ce1071132,1
7aa83944fe7cba03c312e6b21324476693f7512b80faff68abd1ce500b8e1e36,1
2f413baf1fc42046fafd231bd237b1838256c2e1abe862110353b6fb5f04b616,1
89238e90dd62ba753d5218f7a90eab092ab6213e42dd0b7e33d56bfa98d4ce83,1
904b8d7a336a1489921f7c9705f7cb1e4ecf702194bbfee3711cccfe8a127306,1
d47abbe8d7f0b8ee9c50c60a3fc71116f7a23c93b1b33b7d69cf3dbac19e6af5,1
98331134b0af0c857da3e5f80f595b691e1cd7eaa71ff9b32dd882c791e9be9f,1
496495a1a9bb49314f5552ce0af6ef55a74f403274b584d387b26e3368ce3841,1
dc516f0cfa1f6ebaf5141c1bec5a0ea05f8f991508ada10077121378e7f2ad85,1
d2f9848b6fc5b67f51e43d3f6346bdcb1ab19fea553ef6ceefad02942018846b,1
d7481f132cc9ea82032ae833450eaf67a9d86c5f3f543148ad413052feb48f51,1
5d4bb2f02b7f52a299109e83d0068e5f79ec100e428a3a2f526f529ade19de8c,1
0b54f6665d7e6d4cf79089e1c4694a1b638fb9bada883c5b723634840f353bd3,1
7fd1b7a7f8770596f84362bc15e50b370a02f4a2fa76cfb9b07d570ab501ff8e,1
19dea116cea5754062b851853fdf40045f8e45d7a31527e2a776cf0720b3ba89,1
c42f0e1322095f9b2ebb2055f2298362ab17e447070ce14fe68c5daa4f201cfd,1
8d163b7a26fbd7d9486b3b8fe219bb471fd8a1b8f57869f3a39e7d46288f1146,1
e50832cc5f2b02135b2ff24e54b0b9faf197dbb8de1caa9c449f969445300daa,1
174d1e3d177ed7e11c1deb17f95fe653e402c5b1d9a03fb967b8fcbc6f94b95b,1
6a70c94ec05d018b6328ea4641943cc6e4894e3949506c98016c0906fcab2e35,1
9cb856462036fabd72066bb089b5b77ab4065c34ddc3f9f34b511ab648dd8e81,1
dd2d0a46b82c85e6450f6c18122ab79ff04bc5e9fc342daca41d36e577007752,1
6e94ede27c5c61e355757a3f06df03ad0c41556ac0744c648e57da94f496bbb9,1
e8bed8cc1e541da129a07b2e16ac1d5b7213f42de1190ed8109d81d29e781120,1
6c4de7b800b4483c30c511495b5da23357fc8b3e9b979d6d18ea7410b05d2efc,1
639e6baf69c37141ec5227d217972fc70b6b3e5edb1e58baf5eb56a1b93b8902,1
e1e9fa6bafb687ca9db6e08bbd27061f4818134268c9bfef935a9ce179505d8d,1
10b5cc9b1c02a0c40567c3f8cfd70574ea21f4bd28f865fc391b202d872bd431,1
4d7eaf7191a9ab5ade0a8c5c1cb33f82512758371f5c6fdbfd0bd44e5b325412,1
2f5c0b7864ec09db1bd2cd700b36b00a76c763f29489ac8e1dfa53c16c0b2007,1
0a7d516994c92c160b7a5cba3bfe113f37878a961a3781918b941b59437ff4c2,1
6131364265cfd4c0315e54262e46b5b3b4cc5b2095df446fb527452bc857a87c,1
6029f223304579ee44fbd05957ed9372d909ff9ef29f493daa1b9f44396de1cf,1
7beb87edea1980272514af182a46ce469185fb56cfad46759416d1d9a3feb556,1
d1f3fa4a6ddc496bd15422d908afde736c7f9da98bdd859946da8af0a53129b6,1
2acdd24e2fde2b430d70e50c6be810864867a6c8d85973b22c5d554d2dcc8fdd,1
3acf3765905e9d815a02acb4a4b3e4f9830e0de59f0728f91669563086700471,1
df5e9daa65bf160196e619541f152f437c73e2e90c1e8d95c136d9779b8e0bbd,1
d1b23046313395426c465b45c3570a439d12b026468ec95513140328b6d80fd6,1
0da2438ca546f0cfc888cf1ac4e39ef08932c2a265ef83c787bdd2f0a10a3b88,1
7fb93d8ec522653ab23fa3465d4121ae56dffc818296adbd7e5fecde90cd9ff2,1
a10ec588cbddf7d3562923b5737ea84edaa241e7f051a862319f22557af2ff42,1
e61275a341217a0fbaaf01adc312a022e1573cf0eb7a69932866bb3f97ad945d,1
8951c1a17e120e7ddaf7c67369adee2f89bdc1c231599f99c31473bb2a54af6f,1
10b19f4a308c21acbe742b2d19c0c3425a738cc90f21efc98171fc2c150240c5,1
598d1c15b64121a9aac19f1fd6094819d089ee5a6e897efcb535a19dc96f7eab,1
45666edfdd0e5af294039a91c2142a560a252d6cd84701636b6a3f7041306664,1
d2391a3853a873dcdb55bd4851145e58ee770b4f324d07e002136f3b00b70c84,1
0f449464141d566ddfe7d7e6440e5b96d0a456b5476c51c1319ba4b3fba39283,1
1e3925b779807da1ba2cb8ac7046e6df64a1602e42098e9a663c3a04a6b6525d,1
4441bc1f99e6d96cba2bb39f50cd6cdd5c12c5093b49c2585e8da6caae9569fb,1
451b6bc3de8034b1ca9a14862bd7620f67a1f32fdaba36b277146689f27583ab,1
6c7c1b78e583dee399d19ac26ea4224fb7862f8c92228ca3449019c45bca1d6b,1
a02eefe13785407aa069948c89f16e47bb7b1c5e7897d55f2492fb0d2ca93cad,1
c4bbfa5a0d670707950db332823af6fb90af464fcc6b19bf6578ece063a9afd2,1
fc94ea5ec6ce782673c9fb9de33e4407c8e74c3626327b5fc8f63cd5041be65e,1
8ace3fc9709c3210ea3d9e22e82c3d96861dd18b1f80c5aa05459ffb34b04f06,1
60c387b19c047adca6ff77ea22aa46547d3fa5d8fa31c2b5684d886d7560638a,1
19e0fdc46589f94b90b16aeae05b158ee8d402e51a419e85f332035817d45a2c,1
5d0229a10a2fb0193fa207ccde0b280b09c702109047a74365f45467ebfa505c,1
4142ef91549a37cf4edb1be05e5638025fa12a60c76af8b5a49e0e739c9fd442,1
66f329d23caa842bb98aca6e656293d8c49e77e3e910bf0973421af08a818b3b,1
3924f8956cf63ec73d29dfde4f9a991bbc16db9b75737a90c8910b09f745f044,1
4033b3cec8dd44a3ec4d2144c33f93caf20608280bed4183bfa6f5c54c2d5ea8,1
b7c15ddb0cb9ee0ab97bc90405d48c0b7f34aeb64dbe47a87d29d9a7fc2ab164,1
13c4bc9bf61c28dc0cc8a5e9c1931832a94102a662b2ca7d79968d00f677e3b0,1
7d4db6bb40aa6ade6fe2b5e62d585ef5ec681b6de98652a979f92effad1f973a,1
ffbe03e2c9b88ac08c27ec64d82281320536d494ee18fdf412f4f919d6e75671,1
c2cb669980dba05c9486f1565e1ad5bab89c822ccff25b097c6c3c212fe9c4e6,1
d657ff6009aaf989439a8e172dc2eb66d8adecb0dcb9d519fbf414046f1ec8a7,1
73a7ebf3094ca2f77d6898ef735f3477d61d1543c69b2c0e7576cbd014f6cf5c,1
5f8bd5a16eea96a8791d05d5e25f7cbeb49fbccb7b358974fed91586a717e346,1
238e4eb1641bad1ea25c3d42f02a4a4c7a07f8a1dc5aa60764eba8dd28a6d95b,1
4a5deae843c1356836c24fd5f2bc2f0dc37bf48d7f4a15cef5b84c90d5543f5b,1
4802fb99de87b4cb19b7fd898647ea792da1a7872f3c21dfd482702e4e83d160,1
97f5f443b7916703007730ca21a7a73a1742495686cd840fe247cd3ca466b432,1
336ecd0390c522f04985af54cb37141c66c3068d809f1d085e79c4bdd08367e2,1
62422c14614f8f7a58f1bb2a992ea18fbd09f6fdb0542354445464641fb4cda7,1
050ec7de58f2a716fc86c95416ab7af869e200245c399e27ded6e087d86aab37,1
3f15ca8ab55b27a1e7d2d829d92688a371a2dff5ffa336c457cc3074c585b3dc,1
64bcbca3da111c8cea25dbd189f19a9a1794c84ff789926b135b2ee685f95fc0,1
5bd929549a7f27be529aee2acbf25c7f8e2df8f1995b57531ef8181f43d8ed99,1
12fd709e0b060395236a34b9c1033eada0b4c36085052aac3e36beb2c8ef883f,1
8f48836e1239ca97763902dfe184873df21231166919124fbe4dbfd748c5fbfa,1
6567d939ce2fe7187f9ddf60c689667576b0db6e8fd2f0da7fcfbbf6e55e1774,1
870a4dd7398a42c709448211eb8425989b52b5772682fc09c87e587389ce26bf,1
86fcbea43c1896989ae7b7ba86ad85b116fb9f24869382aa3dd421d365b2aeca,1
f639e778fe2157abef02e1baed270722734be8690f6df407b297d4955cc66438,1
ff05c69b1ed8cfc297082c656093a937190976a0695434fd68125d03e888e4fc,1
cbb81560d4e94b4eff2acb8ce224b8f79b2c7f3340481cabeb422eb9205c754e,1
5469b92d410ff81c9aed7355857bb3e0c0d61b69cb74e4d7a4da42a06bf38d29,1
80eca96dbc52d2c42c1fe3ec71b855c60b0c5731ad811e120a7c00ec0c793c31,1
9f95ec438d7f5908cff5a12c8db310aac3b70643dc9ddbba9a9c7a0d5d988652,1
a3560b9689fae50c6b8d2375d37c3301cc9753a00857981d9e0747626eb4b471,1
be515b19d77dbf5367f63399db5bf061ec853de704c3775e1dd9a48c35e93d0d,1
cdceb02fdd95bd1d1ea6f17446085e309f2a13ad189bacedbd08302429016fc8,1
706c6daaed63c17efc244e58a995ac5cb002a40e4068b5d2d93bb9b7d97e99cc,1
dcd5ad0bfad721fba2dbdb89483555b768b09d5c5e85bbb6dfaf4701a3714948,1
a188afbaf032167bb09f7fb93ff823ec8580883d71b5c09d5f36d3298d95583f,1
e29905e3513fc58b1d8a6df11bf7ca9f61ae32faa2ab014ec90ef9bc502294ab,1
59af1961131e4bb0371955e60aef067a08735a6b744b8a00ca1dfa517802780b,1
0f1f4248c2d9929e0fcdfaecb47dbe24148f521a172ee62147241b4449925e36,1
a342891844fb4b4e44035bcf97d7d0ba8c0b5c1c7e2a17601531adac0570eca4,1
fbff81e53dc2b9c30d403fed39b9c677c5e12748dc2b1a00c631c6c4ca75c733,1
195e4081a9f9b64c3d0d79b1e2c6339cf64236138c89671d332aed191095b2e3,1
d95b755fcb63f7601a8a27c38c57f1c3acca328d0f7c3811335e7f5bfc655743,1
e226934ba2e2b4e9f7257c5ac443cd08926fcfcc8feb29b0a7ef063fc2b9ffaf,1
5fbf6a9339d57fe06df5b106b2d63f2e856909a1e4dff421cc5f4a6dfadaa3d4,1
88385e11c91e1ad82f9c8c608512e29a2ab0f25707e3e4174ccbe698764dbd65,1
a90d26d38497f7159075c32333fbaf06cda3e738bc00a2ce8be07a4647e040c3,1
f445c2965a67ac9d9a723d0156d0b15a5578ab52734211b1fc2d8b56e8959c9b,1
e5412e7be6cfeb4dc70c1d86c6646be3ab70b2a606eb667f63f84ef319276f45,1
d91b75a94d827e3de8dd5679a85ce6a6a5b8b69e8f57afa587f17eb4aed9746d,1
471beb857ba551df34d4803a353015d1cf76ff5227dc1523edb1987b8e692379,1
79432a45e36f9ec0063ab9ed8e9afebd305c76c5af543ccce1c143c1e2708d89,1
730c4ca159794047eee227c5aad98680e05f55d20363493c291618b253b7c21f,1
4d3a1e5dec3edb4236fb0bee35c79ab955a8a468f44d0f84ffdfb29d930a1386,1
27f53709c2e6e385bc573e1e1049945a9bf4b1024ed5109b7aa462108183352f,1
596f352336e75062320e029f0b22df6a810bb4504ac794cefc7d028fbc89d138,1
da1ae554a6cd8504da510671c7798acc061a7ba515ae2737862fe92b1927228d,1
e0849f52f2ff4869a7f69caa6b09f07eb57f4ca41ac550732fb646795dd77efd,1
1e511d8cbb776935da2cb5d0e643894bb265de9dac0ab9d050bd62b74a3d6030,1
ce73127642b979655a370c4a65e5a3834b11f1aa70508e6e42ff226ddd564bc5,1
16f6c45d54933ee67aa64ac11dbd88798d0846b9d07c71a97073549312932260,1
0a9be94c8c4ef3d217db34a399a12a718ad2dd0acde2b96310cd1c486772a1e5,1
f84e3fd7106d13394d014b7f96f66ae63309dd4e3ddd2e0ce3a3453152b1aec6,1
b15c5e4387782a58c949247bb873b9523672e5cf29d9e93f14a1a9a0948f8cc1,1
e93105825570075b9d808b69c7323acb91d19d6ec57822b860c7b8275e96cb2c,1
434cb3d874d01ddb7bb66fe28b2c557168f036a425a9540cfe94510670eafa47,1
bd7ff8e1df511a33bb1865d87acb5516392fedb313bbee2dd6b7841f040c8f06,1
45b78bacb403824f182e82a2c4d18b55803e9c3f44c0fa105f4481583b26b7c5,1
b2e08cb9ea1ff18344f09210bf52f0e096713245b4ced2e55acb0428b8c166c4,1
2318856772217ea2c91b414e8eed1ee733e55c8cd2f8129b49f993c4cd96d9fd,1
e0717c2bd71921c938ad72ca8fe9d31544dd20e92588ba39b4e500cc0357c893,1
a5743247529361ae45e40a26350c9801939083f4de14497d267bc14769f1a68e,1
dd07977c3cd151f9f357e792e839d4f20bbb157b277ea53270ac1fcc499eaf16,1
06ed7b5f13c0688614b7c21116a466b7fecc8adc4bb976900eb1cafd2b4beb6b,1
7ccfdc8cd0c99ad48d3bc7a5db96db2b9315def7e2813d5ad69498941243480c,1
228aab43ef431625263d9cb89d339120e6bd9d4abeaf6adbce3966e37e94aad6,1
9546654d98e714d3127ff0750225cf8e95782cc1a9d3924f0672e648688c511e,1
9f9e8c777c2419497310edb8a5f85b1f59a4b4d65ba4fb34a7a2086e9bed4385,1
9be74610de9b37e21c6748f0fb2037d1d784ffba5904bd576a6cdd1e57a7237b,1
6a166dc8261a59107f218fa2eb7b01caf00e87fcbe05a2bb6dfc374fcee81ba0,1
15d43a7e03841a091e80be7505292bd68631325ffc3a5c1e3b94127997809a15,1
2c860fc25248a5bd71e45d3d7cc550746366ed8c6f15149fafa5c6e88bd7f6a0,1
dd36e2ac0a12743bac96c44aed83e7d0dec94386ca3ae04964979c92adaf5906,1
302eb4af2a8efc703e70bb3f11c9d3bf57ec5e975fb250639ee8f3d861134656,1
f4305849b19f94f948b4b568bb1824732037e7814768a51a91b2394f85b1c588,1
bb65fab5aa61734bc0838f9f4e2d9b27865ae4f1c721a23b762957fd86e13339,1
c71a7664ff3e5efe04fcdb659ba47311e3e40eb3950e81fc3657a00c2c1ddb35,1
04bc598c7b6f10f800fc2253fb93522b1fe69a56a38b2e1be9c4d5ecca3a6546,1
9770eac53fb12f15e087307f13d0bf50aca87e4a4278767a8161a3fe9b45d61f,1
ce7b656df643eebea2b757061f5939802a5d6a23c10a6da7abe4cb601a5e8b95,1
5ef3f5b7906feeee7f9e3b8e98f6fb4808499c0535d868fad3136079f05f5156,1
d0ce34efc17bcbb46c4c061b4683d08f054f249da374befe07aff813ee7cde20,1
2d0f4c040bd4b01a8ace8546991fec9ea114421d1bd1cde1bab7cf5228335818,1
5526b820b2c71f1e77d9d2d7900f0690cbaa9a84c0ffe6e5478a1ea6b42b978d,1
c84f2f631e60d5f0dba49478a09dd98884055d8f6782f5ec972e51dee68acbe8,1
07ed73c40c1c4919a7eecfffc0a27a22f740be29b6e5a0e6e5a5c3b2c27fe225,1
18b53d38bf41c0e51096baf434cbc4e00dc37c2ed5668a2afec8ec55f6e916c0,1
8034182dd8a9fcb174bd5123e73e066519f5c86ae2657ab5c17ce8b7b2831bd1,1
8a7d762dc4dd447f24befd1d48eb7a31ba3123080865e26dfd13536cb4d74737,1
12c0d9cfe3c8148e89b9761230b390d4545ec6ff3c00fcd8b84f3af0ca5be4ad,1
2cf29873fe7aca5359adabec7bc74aa944276719966b3d5ec3137cf485ecb127,1
94502c4316bad5470eadce4a5703353c51ff966b2029ae81c426a80e6a87be76,1
29b7b94e5eaa1fe8bfc423b01bf879ae6c38548e0f35554fa7e068d47571502b,1
1ab664023bbb130e2b831c79caac6215c6ed29f76bcfb2d104d451e05f974c4a,1
645153b3b4dfef50e75486002942c0c1bc19b01a417d79be7e020637bc6f8232,1
a856e91755a9fc6bcf7432a56ae7f1d7261e2340cd2cd6cf01ed7b41cdceb72d,1
6ef8fafd26ed9e1ce16737977e3113541eea2cf56ed2b854083030f1dc356597,1
05509491bb6e89795480d70bbf2a49b3fe85e22a1274e521b2b49b5ff67dffb2,1
429fe87ee3850ea1d7aa12da968d5015f4ccaf0a9876b7b2ecbd9101d745f850,1
3db1eb0a8ad8320cfdef9c08bea97efe78f9989ae02452ed114cf580e5a07ef1,1
60b38dd7a82fc0e0591d7f057671b8e8d0fc073b9d15423880d69a02b8cdcb0b,1
46ff729eb9a30ae3cb975c7122601f5ef770df3fb276146086fdf02eb70ab2dc,1
2d9a7a3d823137a7c755314fa3a216090b6b9f0f3da9f7024cb06b2907125db5,1
8c48a6128a6c1955f6d147d654ecbadbe59955a6480db1b39c6df0d497274840,1
1a879e598c172951455367e0303e6c05f45f1ed16f98fb7b761df89f15660fc0,1
6903bb32f94db85d13757db85e80364a2b740a616f3a44639ac01006177e98da,1
3b54972f0a190719b489fb51cdb23f9f665b6743ec4a2dfbf3d61e21eb66fc3b,1
4eb8436b8c63fe0c55bb8ea3a764a4f5843de016610621bdbdb23f12743dfc33,1
832fea64e41443a22ced2e49a0a2e6403bc0c2387016c4a8716c60f746afdb8b,1
5193ca725dc1cf52b37b26c8c5200e40562de65a9bdf7d3b143494b547375b69,1
409acbb66e027bc25a7015e9b6cea85b2aeea4f55109477efa6e118e8e7ee8e4,1
8a6e7db584546569de3f2dc6218a6a5a148cb2ea9312c0480a4e0b582a2a9d73,1
12f4b1b9606074bd9be911e151eb48dc666e320c1a5ec2c2794da96928b60084,1
c64bab9751799a68197414f7c069fc943c12e2397897b92959babc4a1ac7021b,1
ecbc79941a2db62421a78b6f92896867e7f80c569b459ebc88488de7f9b3ccfa,1
04adaec38ebb734ed89940a216866a3889f1cf70c9815474a1735e4720833cae,1
34d7a848994b4495082ab6c75f69ce961b8c9b7fb2c2fa88c18af2ff29ce4a4d,1
603768d83eb6697b222a5dc48cb290ffdf7520bd8919d5681becac02aa300a11,1
7819a823755fa44c2689a117ce723f91d577e0aab25a5ad20b4ce6916684d259,1
8aefbc3a5581f9e70d439b38690949ed28a959c3e0f9a1d2e38b609160798730,1
2c18f103855498cf1a63d3a0da2e84a2a2ed2904c709f1f1e96903e9fa83ad26,1
56cfaf4dbfd95b8084571b5b8d8f0d041a0ab00145ce0801bb3e4c47e61c75b6,1
8e957941ca61849c7e0db4cb03c0cf76899a9bd344f9e34feef3c7ed019585a0,1
357e90057d5fff8f9f26bcb64232c0feed678131ac60b8c46487a9769735101d,1
188421839909adce080f23b6da1056742f27e2ab0a7a0eff14f62aca4f502d25,1
68502c7298829a2ac3ef0997cce9dedb88f2711d4ac7a06793b2c140f79935c4,1
b3436e92cdf25b0705d7a7bb58ae50e6c9ac8c9e40d73b3e63f8ea60068e2dbe,1
1d1a1b18301d92f7fa53561517dad02bf088f59bab92cd596bb8af348629edb3,1
bb36fa3dab5fb67a8eb7c632ba8cedd6a012d32b7f260b919802be67b10a62d8,1
2e3dd2f6dfdb9f04014dc2ae77d16c02169021c792861984d3abfa6c8df7fbf9,1
af9cb05b481cb02e8812b9e28c348cd03664a52ea17685d732462f14e78bfca3,1
f5b28fdff39ac1b4763db2418125c2f92fcb852946f7a14c836aaba8478f9b60,1
acf27587c88d93447b9815198e02d441c348ac768924cb517aa3bf7e4f21322c,1
37feea6de89705e69b22dcacdf2185b99d8ef4997a8fd3e57411e8c902b2c53a,1
3e1ca98f8fedeafa44595f835f87c81af89bdc956e44661e36a28280cec50609,1
8201b3f921b42f42f5eadfa713ccead9b2cf526fd50e38109b1c06c986b5c694,1
50ea117607ae90ce64a3592d5e0a65ece9d94a5dd921ee83dd62d42ac3bf2d08,1
dd4bb685056103d6455fabc014f759ec4296cb79153fc5d699aaba995957e437,1
484d904fe44f4e4abc8cb6857af3572fe7f486363e659db74f455af3404bef5c,1
513a2d88c6c41d9af1bdec9dc60297dd3e29758270a86d9acbb860235788a7d3,1
45c3aa6c7f633be82019c6829e7bf89646faaf550756179d194d4a6b2b8e680f,1
d6513a952f1e6072b4e9939b547e5ffab7954bd2f73bfe043934a1800072823c,1
a23f56d0f06944d22956c3566afc2ed1a22a27f503772efcb1bb6dd2057a1113,1
dbe530dbee08566ee00037d02aa19e784974850a3cad7b7d24c00b9a5b2cf2ff,1
a24bd4f1bf033633e3a98201e342a8ebf893411c021d6150f2b548b47df05d0b,1
6b59b2f265a8f44695f67b92503b039a97fe9969fa7a189a39efc43fb1ffcb8d,1
49d7d9109f10c2c9947044e7ff6344a4817774a21f8dce71bb2957cb3eda40d8,1
71859c90a6f6c64bc676070d02c821a6c238881b811451b40f234b2a5fceb537,1
f960dc5d18fbd52f5e13b194f59935a2fecd0ddaade2032625fd6ecbc731e6f1,1
eca8cfd46bc4bcb3ccd5b2bf829ece21b8d364f647de8b98f078cddbd0326a07,1
5a082c7377b7cc1ec85435e761747825da33bef00c5f43a34fbaf1533cbb0e13,1
a941c09852b54f68365ad98ffb0f80d9e4213f1d1f25369fff9b277d04abda54,1
f46c2e2a6a7447a6b6a65138794ef8eb8454321b1bea845f1a3d3cc86a048946,1
e1ab8f9115237342fa527d0c8ac68dc997ff7755f94c5dba7c2f5a4ba2b93c0f,1
03a5ae430e618f74fa0463dff2ca2b4cbc55a350a9488b2d6fb92101d65821ec,1
e1edab239db9acb1bf8252179fec61b03c89c44af980a31fbe95f59c86896f8a,1
c0d7cef8b3245cb73770f9e14ba1dab49fbaf65b76a437596b2ec285af292f30,1
bdf7ef5e4f6691c975974ffdde663b32ce3c678969256e5f4e7bcf8dce988b50,1
8d24dbdd17abf89ea99b54b83cbf61cd7343e7dc43adec86fd6b8a816dfd97cd,1
d70305f9c0331958fafb2eecd4b40fe710e1454242583d8e1a788d7d5b0aca89,1
c911a5c20f876face6cd8bedcf3181e10cc2300fb2606f40cccdd5a4f8e09629,1
9cfbf2a23b18ff038845994216f27a85da5101a6339bc4d8d0a241594504f56d,1
69b2e886f28da3b331b8c75935e9528d9eed8cbb3342b39c5b3ead9b5b78d266,1
f338fd21b3147fb50fb713518465d8268aebed09c31e9d2332aaf2d12278cff9,1
886bd114721a3de4db9f1a0db8157f9c7a28c2b457f3da6ae70682f63dbfb786,1
52b0b5f20ccc186501f77552476655a81b0c3249443c8418e64533dc28f8f9ff,1
b6f709fe552d405f4d58065e94b2099cb71a915c29106bc46db77401a785283d,1
7a0f072de5f57100f6db9f9a5faccc3a552247de9e459d35c0ee33c585c268bc,1
42df1f732fcf2f38691975a5862da84760224c47bbf9c8bc9f9783f750cedb29,1
41969f2d27f4a3e88f92875018b8ef853de4e96702c7877db791566f67979c96,1
e78a7bffe6b60533d5cd820df06d60a5c7f2d59daa26f65fa6cd4e27540b6aa0,1
48f70709d98e218b387d1c9b64bbced64d585bd514d4103f0de3ef7f4eb26062,1
f9eb4c76c8e6dd4059b23feea4bdfd997222083435f916d61f0a42c01caa4fc2,1
36d06d53a7428379b87890fca059437b53d5315d8ce6bdc4606411af477ef587,1
3fd730f505ac1e5adf974b6253e9b7cd26c99c597a1445747fddb5b598ff0fca,1
4394fc0d35dd6136e62130c7f754446c8d7f9c8eae3cf452584e4053d51bfa61,1
14845d60b540b6956bc53a8d076ef7a73c7683ae97899abdf42fc8d2ec80645c,1
a0fb6b70eabc73fd73f59c6e45ae3c47b18147762c7092f8ee85caefe810b3b4,1
59d94c030a1306fe78461f825741f4b1c9ebf59612cedf0810374c1c52c11d15,1
7f81d7bf067614d2a92bdece849eae44f3f6604263bb5d75639847041acb4806,1
66b5513c5408ffe31e0ab19b91c9c1ce20afe5c055a49488ab6263886f9aa524,1
6936ae9f1107886490f079907511e691ff69cac9005d4c653cdbfa71bf54e4d3,1
0d07593a136b24b6d9d5c7ce0d3d29736864b53d6afc0ae71f3d0dea7573ee9a,1
47e763f54c756693e544ac502741a132c49842bc4266b25040e9e8d854b76f90,1
a3be5c8f94a17f5a1862473724f3ef794dfbfbdd15e52483a3cf1998c01d8a24,1
fde82e1504849945010c36ad34916b3415849a6416418110f1b075574ac1df9c,1
f8eb5fa50da158eb0be47217cbf5c88c220d8128aa860a3a8ac49b257c3920b1,1
ea41b62c1b82d6f20ccb9789b89bf0445df23a3985c303a97578008508c917c3,1
f7c8813cb53a4cd2ab5c85c04b18d7b60f7976717d95bd655c61e049cf1e5077,1
24f1c28b001bf24667cb0d1868e447f524ac710b9cfe31abf28e2df56f61057c,1
4463c5e05f602f0a9e6adff1e7dd80b3d08aea0bc8c71288338dbdabfc4c70ce,1
92cac684d66ed44a0fe58e4cf2f8ce90af0e81b5afa8ad955dd54ee02dbaaf79,1
485154552dbba21b3460a247b62fcca819dfef87c13957c22052d1e0bb3607ce,1
c0b10cecbd9aa9578ab44eb51a770d71496bc77841bc7a3834c5ec306acf5d3a,1
7acbb1de33881d7b1ef206824321c333dc6178f32e66f26a9ebb1350c53eccf6,1
00ac4b68fe89e84b1ffae437b4f5e3cd323d59ab24034a0f49e5c01149ec3e96,1
5aa0dda2c7c8d6d361c1e33193480e07884d2673c40b1895afe3c195ee627e93,1
67603009cbb3f582a012bb04cfa75f7a93bc12910d4eb653a19daad96240b156,1
ce5ea67103eb77fc124bae3851a3417c9787820c630e2f000d03f7d20bd02ad3,1
beeed38e28ed904f753538c48b087bf9f3461bf0d31535a35a077b45dd9a0afb,1
66131fa6f7d8d2bbb2cdf457d57bc25c4b7f20ea3ef5251403a2674c7dcc7eb8,1
fc4eb1c4419118c31c60df6bb693f041054ad9d9091d06378a27364b8df5b63c,1
eed7eebdc9ad6438c8d002ece3ba49585d785ed079d247ecdd9435245441fbb8,1
6f132a7aac115550aba45579b8775b0380e40a16180e54f4d69b02bfc6fc7134,1
a622195d2c2512a1e7184b69530ea57fa4df2e6046d765f01eb4c06b4d87e588,1
e82664b06f9afff026e9f90c800e7c867b701c47ebb0904ac8a352d0258c9413,1
8656f455639f4c4cd3928e2d445e85dd84b7f6d515b4c7bad4f2b7b1de7926d5,1
13755834ee13d5ccc8231e2e5f4cfd6af3559ced1bd5c86a545c727e63dff308,1
c2e784e5c6d5b91d60dfb069ea082368e274206c0e88c13c1c005475b3acdf39,1
ea2febdbaf3b4a705b1a893aefabe85c9477500ec3a0d164b456e27781d5643e,1
a6bf741725ea0e57fe6341d386a0799f5ca2c5874a71f928d66667a1bfb1d9db,1
ea1d095134398d239dbb87d666f39a601cfb5f5a7e7119ec9f9a86f226c37331,1
0f37a2384144155c43fbf5612e4d689adf7ad15f52bf988a05f11ebc6bb79f06,1
d07ab92addab173f64d38ae884e9040f9c32b2b74dd7efa6e6bbfe9ecf675830,1
d5debeab7f979a1a051799a14f26e195142977afe7396a6b3673db2f93a5ba92,1
38079806dfc6c2f6c297625f2ea692107ab61948ec57506f5f525e0c7512e5d9,1
f65477d78b8738d25a821ddc9639883b7d1e1b1c557a32230928970a1bfa0f69,1
3f7b636e39614a9914ff1ba5da7390149900d26e32bd4a3b1271ca10f35dea99,1
036e6625ff749390f50d01b1a32338c2ced05cf2bd7b177c55e62c13ba6c73e8,1
0e37c99509df7b5755d2d1e3e351efb83fa14077ae9ae59bf521cab0a3dd2407,1
2046951f894f6c4268f5700066b59636bd4a100ea1f59c35b79f46451ce6ff25,1
ce5bc17c27d349f560379d08695555d98c782342192b20bf875cb9458f9ddb70,1
2515babd119aade793940060c4046fa8489436f22b2bf2875d9cb4ba97ce9231,1
8c4a4545dfb0ff77b51b8baa07f79b23b557b95cd4df6005bf881620d07c3b5e,1
db6b04d1aac79adf5139be609f87a398ec8ba0d5d5df3df967b61d63bc1c1fbd,1
d7d0cc2e5756be9ee9f45c7e57f5b02b536382713934701b840078349fcbaa17,1
3c782c0dacdd01f7af8a58840481dcd66afdd894e3e583a8863f9c5ffed4f5a3,1
98083b79e668265903e102d4a224d1c4eb9f68c5fba968cc160f574f2f693230,1
dc5b0034f42e7f5670b94e9d0bc9f02456bd8cfaddc33786f637bdc37fd93e16,1
f708640485c5c947b1e09ac4f61f2714036204b5ebf6df1f191c0717e0c7d236,1
e0f73714388d03681e4e0d7563a2c84efa740aef903681cab7c0f1ba93c5e4b5,1
f56780a1224f1038357296609d8b8a9c0ee01e2eefaf3b1a9ff9bbc70bbd3b03,1
51e630ab8f5a342150bad0d496208b9cd555e128aa462ee649b78b7f44b0922c,1
0372541de4db12d9ead4dc986a750b22e26d5967995ae4d60a6877450f8d652a,1
2d79bc7543194677472c29b75c8da8197fa018cc2e77c8bc8e3fd64d03e5c26c,1
e065d572e735c4ab430a0b8ea77a058a5980edcc2699c08920f78e791e3c50e5,1
758b10c4abada78b37f42d23fe137831deaac2d99e9e4d34b1e804226633d7c0,1
5db9034c925984a383cb83a0e5154f196347423b5c0a93639b3d7e307050c308,1
708f607996d3da34180900d551a620215812348f398ae43988582aec58a73808,1
a7b645e8b2157d4a7d4842c09767c9abdff148fc65ae8d30d818339163db6dc2,1
1271f6b6476875d6efdb849bdd118a7a80db020032e6d29c9018b27089d93c7e,1
69ef272bd57dc64a78018e06ff3ea0618865fc9b8e816e08d92d1ebb04f99f94,1
3b526cf7eca832803ee48f0abb9f246b47afd9b7e7c634652ed190004d69c614,1
ff76ef69866ff7e0c9e3929f994fe6cada85a4629c82bb90c0f9aa7261b175b3,1
6d5126deb719bb0b6c5eba2a9a687d57f0054a42dc3c4de9f15dbb745c9bbd51,1
ab0d6052b476fb65c711ac47c83b658f351fff33f8e9259f1d004f68f719846b,1
4116c9f692961d05d70f51be9a30600a452b0f32873d00b187281dd5c44b850d,1
2908664f0f062367ec034b12cf964a763b7e5e45082eb5f8f4f56595a83945d6,1
0a1b1fe0198333c1face56511fa8187126a820a7ac9da057781f8c45020ba3c5,1
2147f596f50d13a75377627531e8cf7d20d2bbb768ed72952b07a1ee6e119d6d,1
1673cd1a7b95988091f72ab732411c823e8405faa0c559051ed57290e5d16c94,1
7237f95acca0eff909d64912163418e653d70c11d9c3392ff29a63b4b677a81f,1
cffbc62829e415a94812f8bbf25262bbe9601c05dc85ba989f5862e61cc89019,1
b1aae5b369da153eb15b8bbf24926c6f1081bfc6b1bfd01c315620b51770c9c8,1
4d066f04b7f7ef08aa857d6ae6c6cbadd2ef0ff8736926c106dd95590227374b,1
d87dcd57ce6aa07e4a44967688deb4b52c29e9ab54d8e600132b4b2855d59582,1
d966320bba9c3c8469b707ba6bf8984a5de2f224025db3f329b61e7249d50705,1
201392bf67515bb96ebb204efc2490f4a2f9996b3494a7995a9d020b3bcc35d7,1
fcbf42ce5cb6da5eb6c717491a068fe152ebabbf3b29d2edfb60ec317e787012,1
dbe1e077b417cf05ff2a29972cd9655fa758a69f3a019c703c9e62c2a8915693,1
b7f0864547f83de12c8fabe52a087e5b2937aff5474b57705afc85a77999a8bc,1
b05a084f3594c03af4190212f01479b2705d6b3e9f43e5f157385e90cf2f9f48,1
0377cbd8c42e534531843ee446d91315ab907759a4e12312529e65c77bae35be,1
33a5cd934a808d5c4660ced31d6c1854da5f222f2db45688c9243a7190e6cc47,1
7e6b96d0765c250042401a7e276ac78e1ddefc975c9844eae0065397a5fafdf8,1
5c3502d3b2500562f2faaf2b45e415967cdfc77f0c170df977c08a81d17265fc,1
7874a4d265bb11855dec6dc05f0ceccf7e9a11ef2575c801a4c24c55f8277215,1
779c6a4600537c2bb94065bd504fe3e4483c477d853bd40028fd4c59d9fe58d9,1
c39577dfc6ee4daac37adb6c75d829a3bdafb308d78c50288bc24f7f61385673,1
4f491537592d0fc79e2a6a0f039476f5f1fa82ed088efca5d818f8b09555c1bf,1
6e88f73950930b3d69a7c2d005ab8b9fddff637cd48901f0a89a68db25fc0fbb,1
6327459a0302bec85dcc0e734d9b0b81b0a4edae2df3ba2d861b21abb449484b,1
c086dc2744729738172ee4ab251da3f59c0997b04c6268b9bd091899404276ce,1
66a8f1028cee4a62cff5c32f048b22d27ade74338894e1192819aee66c7d51b1,1
5f0fa1899a4b55c67b32e5817af585f4a4dca8de8bcd6081564ec97aadbcc37a,1
7a03e969be94aa279ed17d13c0be312e1062956b4bcae2b603ad0aa16a307ef3,1
de04b24a47241aeb0985fb5579b9495fa5a8da8746ceb90e380ea05fe87b58f7,1
19cc0fab6723647fc445ad0cc4907634d387e876c770fbe26adc7c475ae948d1,1
a5469296b2cc75d98596cdcf4e8b50e1d54649a4f2b46532f02c59386af3f51b,1
f1d9d0279f7b686c9b0411b6e513cb82945f6d5f08c338c561d909c81fec13b3,1
b6327c321862cfc31d1e8a2fd2f34fbc387d9ead2bc39ceff5f8e9ccb5b6550b,1
45ded38effc2b9d0882fda18032111c1f4beafb548ccbf8cb331a2268131a4b5,1
fc53f6f43b3c364c3b8ab93cd371bf293a139dd4991ade03d8856c19bf3eb259,1
a8a7794a27ff06282ed11a25125846db6508c3a00e07084d8a3a2ccc40c5856d,1
e9dffe0bff7f4838974ab6549e5510422e4b30fadcb6e08749d4f66b87df4291,1
214103c3a2e58d874c39fce2f3d642f59ddd5772db0ea3c953db5903f8a48a0b,1
2244bb688ec3a9b05fee6f01973e3e434983391d70a2ec40d917a179909c6b9e,1
15c88887d130e0ab8f81a596e3bd1925e6170e9a644616c315562c5689b77e22,1
83444d5ae9780b0ed02bcd8aa8409c6f3b4ee3c6b86f1dd61c63257c3aff01ce,1
36b41e39228432cde41c37414ee779557dc80872b40314ed86dd5818928bb650,1
92a044f64a4ce182b9c650ca9dc532673a66b2827c71c0eab39708277e55f1b8,1
dfeac70259c55143d7cf8b90ceb104602d09b5cdd31cdd5c2d2ecada56996391,1
743f38f2bf9a8fc4c060bdf91a8ddddbfa274e120bdffeb241bcd820e0a5883d,1
3b6822ef3cdedc3c55b16d118a5090df4c64db736c8a99214b28cc5a33ccb406,1
95229b3377574ddcda1817e0b06b070a428633d10c82981834f5d66aa9a1ceaf,1
195fe6429469f07683ace611c34647a185285213cb124dc30333bccd5c104ca2,1
740ed081ff47d30790ccf8090d682965a0ca822b3aa051f5ab6955f167f97baa,1
f59150d46fcbfeb9bb72f32389e22969a91794f490fdd7f8626733e88cdf9ebf,1
1f6bfd443160aa58e0d007fad096a200299d97c1990b35d70d021f387126b8ad,1
52bc4036a85b58659dec817ad449aab33037e0abd47f9413a6a1c5663e5bfc1b,1
bcf0af1c915051fa97aeec789f0baeb7d11f312626e90423308df41477fb2fe0,1
7db64fbc0fa5fe699285fd1ba8d3f136efbe397bcd1019d94fae3617c6672434,1
589b76101b81e3eae603e8362c4bcd910f9de33a5c8807ce6d6d891863c4eda6,1
718c031357c3ca7a9c31c637d229a823196f5b3de7f6d95e2e29ee1ea5939608,1
d726c569da24fd21ac054c34c28cffd99b066aed015ca669e4610b9210abd0e3,1
cee80153713b055d755f2e2b3e8e5b28a6b3ae8bd4188f9901e9c25d5122c082,1
dc8a5d9ac6d286baba10fc03480ccd08f5220a59f62d3a185aa67a3a43af8994,1
0925054e0c8c0400e2fbe0ff88846e839fb3206e8f25abbf60cf540533fdf5d0,1
83eab565840aa9dbcfb4e71b48cefa299d4c44d38c36bd5834df7fc7552779a1,1
d756bded01624d3dc831e3868aaff845b4da60f10c4b41d4df36514451ab0c33,1
a1db09250182a8722f544db4ae57caa404537a61a2fde98f7b5f4cd063011181,1
8380a11bd01e1b180e55dc392b1253bc71b3ff15dae6b3300dcf6c30e2c1de56,1
a6ced095ccd89db4f727195f491b83e9e2d3515f004116e2125f5ed8e119f4b4,1
36f5051645cdd99dae9fae68e5e017501d993e404fdb0cc8d54e986c0cd8c736,1
4383e376c2f02854011cceff1c8f97ca347fae5baabdd1972e871619000ed0f7,1
329c17a1755099d92f085be4d6798c73f921257f4bda9f33b4179b8e5eef0882,1
bf310e70e6ce4c10a9bcf35d8b8fc5a7f8d8fb8b9c0d49332bd699feff0a06b4,1
7aa4551ac1907632e3d2a2be41d2a1646731176bee54250c5a347a203eb55c98,1
36889e2d7ed5d96a6e07d994d2e3cc54ac548cc4231551d7d1fe4a9869c442e7,1
89216710fd5b69eac774455676125aa537645771279f4e974d6e27b4559d0101,1
86095af6ac79add7661a9b048327944c33ce447078323dab88c230eb4f8e1e1f,1
435369b3e0712543bdbf44b6cb5ded90c3e4ea3685608bec255b5431ec6a1850,1
fc42cf39e6dfa5cdac52317123c301f2735ebbf2d4ec81c8d8c5a1f7f69ec3c7,1
d7576a8d60ed5787a83c23b28e0a8e81444bf2610c635d7f5d352e625a97f3a4,1
fb0beaab0dc90d2ab92131e2854c2e0070f120051f94d994e22685338b811e89,1
57c0de1bdf3bf23c690aa3ee7c7d340377cc067e832e6eefd15bce947d509b59,1
cbf6ea9cc630393e3de4fec00a42ac24ba97c71733dce3d69cebcddef8783fb2,1
939585cfcd5c0a96d186e03eeea5ebe03652a90bbbadcc801e975ab613d0ad9b,1
118c340c327869a0ffbe35301a90e887656732974ba8f3ebc7745b7ff434379d,1
2213f7a4fcf2193af5d85c3623d1035eeb08b06e23f1837624c2026fd0d91047,1
4a892b638efb4b6c1202cd8c7a0e0af68afa79e8b662740f88e3bab79278f99d,1
488102f0845e218e1f446ce286050065fa083dd226cffa3666960be416695e47,1
218d8401bd8b00c854934ea3d83e8f3aeffb2b785a9cee13f687cf3e5b7f0f84,1
83c83a9580b7993c4ceadc2274fd3bc9527353b632a02703cf0bb37e476bcb6e,1
3afb93099041cb2b405040ae2c62b64c8906a0b0aeb7df7b510c48d5d2b8b144,1
ceb1a61178076128884edeb6af7ffb8f4b759634543a39078762dd99d677a3b4,1
a524833c089087924be501df7b5e4ec163849491b973b42f8a22c9054c946f99,1
e815cb4f0a0cceb65fc6b7ddad9433184fa566b5c435fd9fd024e671ce351252,1
0505a4f88e52b3808eeaf86e50d41a72a3f5b1cf196ddb31e2152c39b8c6fde7,1
dba2e1e3be6a5879b070e3cb276001f06f42fa0d6672e3757652969a24287650,1
f9024f094a46b19a4258c4700e59a52ce32bbea859c9ca2d98a476cf956d7b98,1
2fd8a6ff7cc4d6b2f4be6ae44d17acb0d5e11b73fb0d6d507a0d511494d0fed0,1
27452ddfb5cccda3530aaaca8d72176befe6dd688fe6f6ff83f649f5c0859589,1
e6c9e63f2b030468ff902d47a3dc48b89f23ba4a29c6c6079fa2af256b476126,1
78a68b724f3d3e47a458685c9e92f3ced36caf21df48c8f84723dc47d5a029df,1
ee2171ff25164d9b15d654f06a5f20d07dbb7fc2fa0aee18fafc1bbbd784854b,1
726dddf7dcf49f875a3d4d1cabb07ae0e09fc201d7cc760d6b2b1f610c48c7cf,1
79bdfd3608ad5b6aca6056ed4dbbbae9716128e1b3637693d0af62b85e427a9c,1
eba67f154a6e57e0b80149ca093456c0c3c8fb2c0a6893ab846418634079ad9d,1
cf2c53aa537fa3cc75b93adacf2321ef2b4329abd26e14051b68b93f1c33ddd0,1
8482e8f04e638445001ae6787ec9e3c716434eb97595c55a49e20f58106b8d5d,1
a0b222d8a807af82508de09a2c08b6f40882ec37f8a206cec7dd8cb9ac85082e,1
1debadca21b46cae731e4b12618abcb639dfae045a1bb527e8adcc66d6d7eab4,1
1cbf7932452007b7b9374819e603b3a7cfecf5dea8eda2a53fb77c5f4ba7c0b1,1
5a2e670d9afde6e4078b2d2db9970c565a0d2efe5eb82788586e793fcc21acbd,1
da10e312f654107dd22d44136bdb5400fa746ee74a4fe52e8d75977cc20ebabd,1
34d78491e1a48ad3eb15200f656cfcfb2676aa2c541e22cfb0b2ab075d8b1edf,1
a1b0b1f836be31e29edf5c0ed0c68f8baaf833ce97a8f7160fd2ac29cae38b85,1
e64bfe6fe128adf61d87d0b9e60ee1cc32765ec8c780128fb8435e685c592fbf,1
05f557ec61072d74e91edd2b995564b2d29df0b17a9457b8aa355f0fdc2475bd,1
4b9283ad8d7346b70249b735c09471d228064375d9e0a0130647879f1b8fc0b0,1
8423e6896346c8454a69781fef86325c0ab5f00e40263515804b4170cb0bdb5f,1
c2d7b7f12581e17fc251805f1ec5a787f356de2863237f2c55b94c355360debf,1
0fa302727e5ab1e84262c0a0bcea351ae120b707310cf2564c41446d0ba0cdd5,1
36d2db6af9038f0ecb0b533a908dcbf5932d7ecba93d4dcb0742738380d3b287,1
69deb889b0d09537f514dd3e93a177a7a3815d4593d29a561d8d27bedd52ae7a,1
49f62d4fd6eb0a5cf2f4fe0c1daff3ca259db8d86fc91eacbba88821e7bb97ca,1
7ae4e55d2b1a2823037340396747779f967d13bea57b6e05117803677bca7096,1
bdb7d52236b2a4af321689a6c863198283ac7fa4aa9f7e66355ca25152129ece,1
fdac680b654cb055ec5b9e66b7727c5c4642e81db7cbf3b952888e0302be7657,1
cee8467615844a5e870ba6a817fd09596909822f48cb839548f108118ce07b4a,1
cae0855b95034df109303bf1a3bbb2de60055ff4bc2c58d0ad50d84cddead6c4,1
5b951ca2c904d24e13ea7bcd5535abadcbdc712004a10ea49d6a4e0a2f96b33a,1
0bb0259d77b4c8b9f114720dae8bbd444af07ed6bac0b93e7de67e5281a02537,1
5a508a32cd6bdc5a4a1a1aebbbb654e81572a71e20cf22167bc9170cb641c7dd,1
5fafcc7118249f719a8a719a3d3e0169cf8d672de9c105a7872fddf6e2df56ac,1
2d8be779faab2f093750deadd47d09e5e810ecdb5b8c1afb10ed44953b7f58e7,1
6b6d252ba3ea9f345a6332290fc6d0830e73b9e77f4a7d085cdfd725094a8ab5,1
bc0a2a1e35499231add8f7af886879e47cd5c46c9ec21852e923671c79d8735d,1
394ebc3849a613f9429d3253c1da1745617d4063d6667016e0988fa5a6327e2f,1
4fee036c5144bd8d196eed999123a9d587a012a82ca0158a27658822391d6578,1
dfae501439a7cd896fcf542ee0981236cd970612687845afa188af992f2b13a5,1
f9764442b56b666b428fdb7dc9afea96eeba4cc24e1b58529eae8d25ff74aa33,1
f67c378fc5aa41684a57e2f9f9d4c4be51c7771067567865bd5b8ce61b1fee23,1
22e17a7379dced73d54f7e8ce27af24723c2a64cfa24743baac1a203f1b15c1f,1
07a35aaa2dd99a4d4ffcda54fcc32ca21cbde866a0a64eb625329a84d4abd92f,1
59f6183495ad0e7c5ec340da3c108f4ed6c81c2760c879467bfec579537a78ad,1
c38ea9e0ab6a11bc9212b177c4676d708b352e0a71dab1507e2663dc359b6c17,1
6912b13481bc518459bc5a8170c80916d44e5c9309977740dd01eb53e5ae9c6e,1
f616d84dfc074dd5dffc1efbce955bd54ac8970c29922925a5a7d7cf6022b5ff,1
6af319adc3e4d7fe6f643172380478f02bbef1119e349eefcd3b56db12ac03b4,1
7aacbf4e8af4faba350544070530e91c627888bfc9f099dd12cc089481f23beb,1
9ebdc05fea56d7b4acb4930856694b4014de61623486e599c95942a78f0c3198,1
86cfcbc83baaa8f24310307e27310216dac2c0c5e43a2cb87c53566768ca8d51,1
1486d3886b9a1e78640fa0cff050e79c4b0efd1e12adf94f908f46c8fb1fcba0,1
4ef22cc41abf63d02d26267afa5e44d038669758be7ba6b59e8c55e2353b2207,1
6d468101cdd2455609863d34e118b0a44263481f6979f65ce593ba49b5597c1f,1
6b0d686682a7f3648a25ae774d366b7e90dca18bb94c7a48b45e99acc99c46a8,1
81e98c9dc9f9eab79abd7556263cb93646cc748dc86b7b317f75138d60e70697,1
21a2de62f5f3bacba1122d36d2ea711ddb5147e6838a8ea60c652827a01b03a8,1
5b511df836dffd744c5085e50c4efe7a493c0bc1f77cf29d63ca5af885fd2c28,1
72b09147fb4431af41cd14679b55c809272c9723a5458058bf177c2b354937d7,1
055e63634492a9cf7345ebc8a16443c7a5099a56bead7bd3cd7dcc3f05761215,1
766114a13230d76a54e9ecd18110a5f76f1505a4301640a577fe177dc6252dd3,1
58d80efff8a056051e5f47a05ff70f2cd620d97ffb16a317345dc5a9a3288650,1
a5604d4563feed41c52a18317aeafe05f51ab93e3ea0fa1d0c3ab2738b3f081a,1
2d6930ed0fefcafdb12b6ac7d23bd805a58a5f85715d52308381396d8f99dbae,1
0a03205e115d554389f9ac61ea21806e240b2dc5f2ce9ed99907418372feb0e6,1
3e24cc6d70411a3142f774572278023a0a039465b727104e223e6d3d2fbcebcc,1
520896c2c3104c26f9c9024645dba221d119d18171fd16bd62126fa3a345967b,1
85b159f3d9d6f6ad1d88a37751bbd3c95366b3123f99367404b280cb90ea6d66,1
db07b44d8122137ee462efa8411fbb40b54e0f7fb7538577cfbada6c72b71888,1
8802bafcc4833a2d92fff46e87027c2d5a074fef131f3eb0d86dae6e1136847d,1
87528f84b2baa85394e237a32264f16ef7fe72333e139a901c6f6166a9a7f5ad,1
21eed4185221f0bcffaee974a5827dbb0839f000d8bcf2e93e5085be19e8b847,1
e98b85c97c778715eef47ec9b7c9bf1f3d93c1ccad08753c7e2813d133a4a3c2,1
6ec108de3e1a229767f412c4f6236a4fa7af2fb574862d820d42dc99519cc722,1
538e21d112feed18560f1df8860badee5be33b0959ee503ba1297db5cae8ddd6,1
6197321c2c5a06105c4e4a988358815ddc8ba1c794d459e4ae384bcf2a70bf20,1
318257fd132db5d9e6e668e43fb797594c9a803131a7be2036abca176d01efeb,1
9c1e198d8e2273472ba3b44bc705d873f136fcf71a091dbe2140f08da833a91b,1
f2ca1455a7cd163d4ab897fea7a5a0001c064fcc26686d74420af42f265b70e7,1
02542765980d24bed2a44b133999644537630862dc44624a9c4c865bbc5b33c0,1
80ebea604766c9796f12ba4cccbe0e17029fe1722f94e4318d97cdb0e3957d17,1
cb5a1b79676d29dfae9ede064bfc457d72c48fe0bab9cd8a67f860d9d68cbcdf,1
79ae23a5ab307c966ab8c902ef633012cd9638c9694bc86e9cc71c57a49eb26f,1
5c210150f5539f9ce8189136c6274563db2df0aff11f9fec7a58e8c5891e8f30,1
e74db8f13ad42bf425de81b7528211c62474c7cfb56f4a1dbefc048e71aacd26,1
60f85295a27d34b3c1b27a90272053f23d9506bb7d2a6dfa1753c0660cf47498,1
5c6d7913a169004ce61c96717528e223077cec01f0273583b2477aff12fd92f9,1
d7645efbcc116ae8d6ba6c4f9e16fa4a4b82eeb5faf395cd7f9d6c4ffb04566d,1
e242e78ae65be7817589e3e857f5db2ca52f1ace5bdbbac8ab27f1aefbb1ebef,1
429e2ad1f09a64de92d2094bc3b73384ea9cae38cf92db21ca492ec417ef35a3,1
ecb5b8b0a9626c190a209f50c9286df564a69a83facc947e9a4a13bdde8393a0,1
99d59c78f6391c04a00506f0b696a13389e57ebfaa49a5051fa808885217cbbf,1
626632e176cc5001192049c0da1fa3edd946d1ba8a67d8f9ef5831b9a0dd1ed6,1
aaef43b10f9642e5687ef62723fd26e201cdf0955f8ba93de1da970cc82e8315,1
de5c77c6ef660526a2af8373dbf0a47618ca0bd8c6927b0a17cc5b739269a680,1
0fbe56fccbc4d6c86caa32c1547a10f619c3994e8345ef4904b739f01b3487d9,1
74b0582371cf70702be4efa91d8ef4395339122db04befef6683e95e7402947e,1
7d3c6358ef1cf3b73b49dcc896ea60f7fc3b781b5262ed0d8b64b51dda012756,1
f51429385a1c1a0a747741be33bdd345c1f336d7c1a6d5245de5320ce3f5168e,1
22da00ce9ee68306eda65869068b487338f47127fabcda9bc9408c73f864f275,1
510c10030368c15c1d06acf62a272e86b712da81430e3f4b26a6f579f2bf7474,1
870cdb2e98f99444c3adf9e09818feddc791f6520f1e928a12318417f6b22875,1
75a1d750233eb12ecf8c62b6bcfc3658d9e3071dcf081b5e2266ce5d32b1138b,1
b5240a213743d8775775419e1e5236af75c7e9221a825d03446c825f7e96f977,1
725709c9cf42de77a83fc7d20a9d461699fc3d293f78bd8a1886c95c013c3be4,1
4bc135e3d6e57dcf2c22fa09d619d740398819462bf4e1032d715bf7b95f3d4c,1
91a66ec36c9ae91abe32f2259d9d2e6d455d9a2f49553ded42f0003346ddb423,1
ff69a08aea9846ee55c380f283cbea4bc211aed9d735e0baf120e24c7d849d94,1
cc4f894fc262f832f27a459216b9f59c9418b45c51ba14e67fc09c1c50fd0291,1
2d625b5c4fefcb13544d6a07fe43211831087d6e85a5481c7febec6683fcdaa6,1
9271f7e87b290f9042c6430831f91d108981dcc7ab8e920219eeb70467f86db5,1
6c7294f2a700828876c5ccf4687ccce6f7be160afdff90464a8c7e9da81d3bd7,1
d3aa617324463fa07914d0b825459a62d006f35565816396eb1307fcd54c398c,1
6f24a86e6c3b8bc9bb0d5c31f0c6c7c3f49c5b3b6c1721209b540fbcc3d1241b,1
baff30005c683f75b126c72220d50cfecfdc623ccb8c62397396f8f43732c313,1
bece1b33c256beda43055365bd6a714f24d0a2270653fb29ccc2cb4457aacc43,1
4a020530b7e9687b6b503f84764b16fe4ec0f678eba16832cb83a4d907c06017,1
9b3c74a53dd0caf3d3e3ddb5e9e55c42839f149c58478171e0624ae28d3d60ec,1
77786500b6e7f97d0a080671b8c9c0043f4e8bfc41aeaca7504fd39649c930a3,1
0f9dddc316af62b216a946e53a9322998700cfce159bd95dea5967c70a868722,1
8a0286b281ce3f134574a3e9b6a5cf4e05d82ee6eab80942023ac258f552ffbf,1
1e5ce9931e861efc5d5d943f077a6e2db62b8aa1fc28c2e757408ea41582605b,1
3309b926839b12ce720da64c9875f902dc5e69a5043ea755bcb6f57df869510f,1
a31949b5d1865f1035bd9203bffbf98ab6017741b49c22e3f3b3e539a8daaaf2,1
f4d96289e969e79dd85eb7e2ba078c86db880d150260a9f18c5bf3a24e1908a4,1
5ce846d06cce1fdb5fc808f410a7c3077d30a5ec4753223ecd489947a39e32cc,1
2dce740ffefee5b8fdc25a451007a585377d20d8fd6508fb244ccc9738c8c12c,1
be5056de8ad9a838469c04ed01d4a79998a1e7d149b03d6cf24d81cd1300b508,1
9e030bd1135f33b0d68266c2e19ff92204dd780670ac8a12bca3eac9ce8d5549,1
e2467c3ec95d602d94ca62da65a56f1ab5cf9030c4150094c9094d40a9ac5bdb,1
03458b8e36f044063f0fddfbb897bfeb00f924084055c4d43885c1054641d311,1
d0f1f4dcd0b0e4b359271d4feaada10c2a469ddf6746cc7cad0f592ac77963d1,1
f99be8a536759aef413036eb0b5e64d9581b16944484d43306e2f7ca653149df,1
5bc5d858645679f338c0a84e8f0b2079dae6d2df6d67876e92b033cbaa4194c0,1
cdd2fd94818fb20a5f1a62347da9818a81a42e60139c8efde5842b8a9a374807,1
21673fd94f278d14e398952105f5475a10d2f5011954d2a978baa13fb96bc96a,1
d6b0fa53d3a631eba7857868253269c1d1f69de6c7c0f7c1839c32253867d2c4,1
0522dd7bbe608ba337e11d40de5d07ce0c12602772b8cf7d453c976a7d5b891a,1
2e087bc638c66c7d4fdb0c4f528d9068e27cd1f67293c136dc6ed74c15d69e19,1
48e880a29efddd3a910c0a6de43ef1125e110d486cb4df7378ad5a8c96b2e210,1
0d15f5bbd0137dcb5b1c6c853bcac1a1e4689e63539661f26672e3dca5498a97,1
f6b7549aeddcc701efe7956a17dfb23998b8ca4c7606651869621b3455380750,1
e1f421e5facd069eb3ba7114d92b8fbb324b297d41dbe7a2038da7664f5b16c0,1
09333fda19f1d6068cb376bb347efb7288501366ba8ff48957350e30a55fda24,1
c679aea0bed23a1605dfe72c132d666924bcfdf04d30c1ef2834e9c2b60d3922,1
b86105a639eac68ead992500efc30b50c82751b0f86194be6249f023cf02d22a,1
872477b737e8901665c951baac4b35a0889003f82fde0f4fce64054cf5736df9,1
d8a4d6648c5af659b465700d70a77d44064c29b91ac788eb67448e345f58f556,1
b2e8f1ee468cb2225352ac22851d4a5af9d2b5e56d8adb8b0f3f9df0f34470d1,1
f3f5861fe7987c9f8877ac427f840aa642876190636b6673ca5b99add8a855f1,1
f2fa2151c1a9e7ee4f86bba090be7221a9261d5e8971ccb0bb92acb5ae9bdc7b,1
e0c77939f02470455ec25f4fd5f0675fa61433b6665e2eed8ce47537014b4474,1
bf1b25a7ad250b4f99e4ef2c3617730bcb10edd448a031cf47b1ab9d54f96b68,1
e945af4a807a50570b97a09ef957765ad18ddf9f6519d00c1aaebc8c02eb9719,1
17089ff4fda17a2ba72012a53cc56ce1a0a0a0cf73d5d4c21e226e91ca442ef8,1
7235abe62cb4c0d01f875c1e2813ebaccb828dd75400d828f28654cb515c81ef,1
ee19190605efcf253e534cc45dd891fafd8a36a25fd0a2da9907de1f8c47d447,1
e7823408593bae3e374b95609b44e1f736a3677e36106cd4e62dfab54eec32d6,1
86491b8794602f8a543d32835350a54fe075226e57ed0def4548cafbcb54446d,1
f89297acb0a292cf11f5926518bc4be8d33fa1a2c2c90264c5fa99c957a3097a,1
35af75a7bbe2d5184f7dfe1711f8d7f8f00edf80df6ffd80001690f66995e8f3,1
5a7a4e1d7795675b8cb5f68d5785f401aa022e17951027440185a96a325aa23c,1
2c60057d31526852a02efdc578fa64e483684508c21531ac55cdc603c0d8f2c4,1
71d7db997b745e29075b049844232c2065f98bb78163bd3adb7c8a72071d0532,1
eb0b4ca1f61d824a2d57633a4aaffc4864f25e99c53440010e566c6eb90a9b44,1
994f71c06537b41a229ecea83c92ed1b49be568faf1c47cb7ce7dcbdbb9c0858,1
cf31a09af9a8a76fdb48438abb4d46925016ae71a249fa9027453425344e1eb4,1
f79eb8949cc03c9b02125db487d2bbd746e163fb33ed1736b5c371974a707581,1
ab1c64a7f4d9b9bdf7ac4f8f97a6931064572d3c5a7c84f6a757051aee3903db,1
93b91a3657de7da9f83bd16c661b3120a6888f5b0763b1f7c27af0e4df092ad8,1
f29de576b92f4d7ad8c814332a068c02c1889ba999a596a1dac80843c5c94180,1
049e4b3b52c3f25b22245917db7cb50664c110deb0cd8b6eab933e0b861cf98a,1
543864da9dbad3da524f8b2f781a31ba9a8b18de3ee6d5318e789040c573c2c1,1
9705383ad2d2312652d0eb1ff6a606d82e704d396637f60485793523dc5c252d,1
638a3af74ca29e5a28547666ef41284596608dd75af8e467813121e6443eaa98,1
9587ebf1f2c6f1c2fcbfa11832395dc7677e348a6eb96ea32a84ff08be1825f0,1
1996ac76fc9555daa5b630d8b2a333a8c67d1b5a4ef92337116b0cdf94e5d711,1
533370aae2cf70805f1d0c0b4042ca009df85367b60c3ecd46a2e78c63e73a54,1
4f13f793856d9a546a1179a99691dbfa6bccb412232328853d9d4a4fa13dbe13,1
17829c3eb5356645e203ef1a0b66955651fb285fbe0f1c780779ca4ac4c16d71,1
7989c8da479563a948691a129816e1f7c3b2e20722eb4aabb9867ee570ce8625,1
012f5e63cbeef98c47607c3e640b7296ffcb8a19d7326813f2e94796e4166087,1
40ca1282ee8881c9ddabd8124225b3e86ef090eee7ac0ca6860df5f21119f6b8,1
49574274bf4a560cd02bb7155bd3c4d809c7d586a5552dfad158510c91609786,1
0c178762f45e4698f36ca6b204e660231889120bf6b909eed52581b0e71942e9,1
556c39624f42433fbe4336e4ff4955dc1237a4f6353802bcb528cd301ec66bc0,1
55ece29f2182270fd1a9804e22df6eda04fc605127fabcebe1ab4ce94a1abed8,1
2074fd31df0cf47e1ce493c1bbc3e5c2870dd9da96254db31eddb960244deebf,1
8ea6314d9b37fc28fc0d3279b489ac8a45c86353d801e1ec49e220cd813b6521,1
91bfd76f441f0d8034d4becbb1c4fcc6457637d4b8b8ff9884406e56b4cc4e20,1
3d54152057d2f70b0068e900966c161f97c1778dd762dc2f32435661e925172b,1
09ce53a93fc06238dc356504f1b9688f2340844183c0ad6164ddb1947e7bd62a,1
2e3805f3cfa607917aa992ad92189d6a98bb028f34696fe70e0ab5edfe43acb7,1
015b9f3557a49d7860a9847f38b4978e34e554a0d06eec1f24e73f8d6dd88c0d,1
6080000669c93b2d6f989d64013665ddd1df8532f19323342132370c852cb971,1
357ab3f7f2562916f5ce6f46338c939eb3a55f11407b283ccebcc06b2db978ee,1
7a732b863cd23b0444f7f629c3bb0eb2c7828285b12b2c75a55f4f0942a5e00f,1
057ac8d817994ba088fe3cfd0a914e9ea3584bc4ea4c81072303e9ce24c86a9e,1
2619049bca4623e18fb707f99beb317b5f8e906fcaf3b0824dcd9c8d3bfd727a,1
32cf516a0b8fa76ff92ea469cea57f977e5a7ec2e4433011b47aa29348161a86,1
9b796f7ce7e6e08e24706f0b02fadac6c8397d2afe4156e0b3fd90be019ba6f3,1
e4a8128ab25035e882d8ec2a23281fdf5cf04f48dbc0e348561216b349926a24,1
84812a2de4e63b67f5050e5034c78c24fd3d2d7b22dc886e2f9f0ace7b7ca244,1
91a087094a1192c9d6aab92d9f2e1ed7c727d9441532b094742906ac156e60c3,1
0564b6809fba8982abd9271b554e4312263c5cfc45ac94fa7ba6dd3a3ce4f680,1
c2070818528950359472d39a9e336273c874e583c6c98ee7e85a5a2e60a0b05a,1
6a49c270365fca74162a19d0172c0385df0ec00db7002030edd86ba987eb58c1,1
47c75a22628f2aa5893c18d324a6ffe6298ff861cc0f51f3183bade60d3b361c,1
e71760f619a82ce12d0bcb9725368e95f65eb9bba7bcb1d7f0688efa6c0a76a5,1
7cedaf293c07265183a239bc5f27095956738387257cac67e834d394d18770e5,1
58223dcdccc08d1a7e3f84bc95b3dd2c9df5ed1aa715b8e15cd8e651f69705f7,1
82750e5139d66288f794b8707e3575336dbc20f7818ebfd914a26b5a05ec1b1a,1
14ac7d7c857cfc039229a78055a4b73191f6da105976e2b972ee92ef80e760d0,1
c5d7e9d0824af865cf0927808d4405ac6ee1eec905eea30674bba34fdd89c9bf,1
b89f138c1523039fb8f662a61ad6aad98f8a8076cec6bc40c00a68180135db74,1
37954c8fa032dc759c5d4d1cc85b9043e285659b133f663109aae93f844e0d7a,1
071a75a11a2dc3a6c4cefc4cdc582d0e536203a31274d0250faf000a255e9e0d,1
c4f0de015150acf1e0bfc9151efd698b32917ee660dd97cef55bff742027b329,1
2dfa77b671146db1cb78d2e09535aa8aa621323f756c01ecad7a731834e3386e,1
b2ab59b7c2c37da9440cc512cfe4f497d81cd69a633c0b712347d8662eae4082,1
a0d724224618cc63c7ab30982373cdc5c25cf63c3537b63860a30d04be49992d,1
c47122abef97b000b1235476c5c910ebc179a37118da1318874958302733828d,1
fd9e2d3fc00b878ffb90344575b9b4bd65e5991cf4a1327225972d8c5df5e8a9,1
b062fb033fe477adb210504551c9f8b207523a21647290c241bdb17e748526b4,1
7512a5cf6278f0ab5f1605d88320345d4ec1cd7f6aca5a4eb09cb7b291c2adea,1
fe0b0dc6951fb1ba0f6339befb93fb1a3757d0821fd0e260bb89aaab6fde0aa7,1
4f19525f2b953b091fd3dbfffeb8d5b6250380d9c34644a0acf7930ebb9fad00,1
93c0b8f0bc03cbda0b3b7e853be2ae51eb56647cbace5afbea2673b57ad885cc,1
1c6b5f8688dea09a5854389b21b623768284471bd1f71efaa128c31f666ac5e8,1
45bd0ceb82079ed0735d6794aec317cf292ba33de2205c3ff08f1b2e79d1e4e1,1
bc98faabfafcaf9f54e3002b018b2df0cebd9ed68e357d66369f120f96363ef6,1
ac29b38f0ae64370ef6475cfd083076a25b88204bbe4c0b38254909f6383a014,1
cacbe61aae38bbd79859c6ad8482c541d1b5a4caed53b16b5473bf6a1584584b,1
d20c4403ec7ad6a635e84378a350b1cd93a60807f548e50ab80c97723fb12d7e,1
4f2cba05e004a211ef201fe2714704221bc4fce04912b0c43e92e4b972fdc06f,1
a98e86528a9312aa535a02329aa5536cc932b252840776323f0890ca8a3658da,1
b185cb297610f8a1abfc54f083f12fc440be488bdadf92c1c021a30f33220f4d,1
363cf3f0a54e56d27f1dda6f2ea5e46f08f8f47ac99dee7b54f8d7c00b393fed,1
e8b31ceab763f65dd2c97c77fd4325ae739c85af943255b351dff0289b3626b6,1
ff6ee5ec6c1032e1177fc8686e01c9335919ebf22d1caf9dfcb873950d612248,1
983179c8180eabdb0a211c8b63049513203dc621f8558414586148daf84d7fd7,1
689f8acffaae74edc486165eead1f051aa68f234b8b70ae2587c1fd69c79ce9d,1
70ae6a61a7eceab6d085d705dccab311fc57b6e70aa0daee9e647dea91430711,1
0b5125659d272f3545680111842295c92273796412cf35d1f49e9577f3fa525e,1
b103488c39df226088756ddcc700568c22ad865dd75664b87314be49aa9d53ce,1
b800176ab9464a49f5f4374aba70ac756f31939e23ce056e8f324092bc042758,1
90cf25d48a42c43a4ffdab7b31aff140e165157cf3769117940cd1a6e6d235cd,1
80c343d5505ffbb7418e5146e0d1327d15b4b00dabbc2009244a64519111d4a2,1
cbdeb1922dacbf6c0613afddceb9db1e5e24745651652d21fed172482143b94b,1
76feecad94151ceb3877c56dd04d565d098c3ac905b1e79a7b5dc381089e82cc,1
0eca36b83b319d43ab87f4501c8f348815783d95d9063c6ec6b684d829d31bd6,1
44d93a9f5f0942b1ca1bae2f4514cdc68f5edd1ca6744e5b1ec5c94236b516d8,1
9b5f497c4b4cc8fb1a416ea00a6d35fac166de3a14292eaec00b620b0f6b6731,1
b9dafb760b6cc9e46249942e7f32234bc95b01894d51cc4991231d341d342af4,1
5dc09111bb1a755a16d87075a95fd72aa949b2bf926dda0a2fd828cc3fdc261d,1
340677c3327b96faeb2c9b9b8b8557983ff657482f9b7e6e0c81263e57f416e6,1
6e95646c404eefe4148731cb18ae76b69f92bbeb39d4af55ab9ce8d003595f12,1
56f221a542dcc00461218538691b08d82674774f73834527ab1a703d3089e447,1
45b57abde6b71101d894cc8287ceb60304a3f2f0d06de523283f5c9f074577b4,1
bdb77e5e7ae2df3faba4b5981894c218dffef8bc029472c147beacb9948941e5,1
b8530597b0a6bdad37da525dad8a1c57ac9c521fca7c6bd79c93403852bc27c1,1
decffc9dea6fc5251d073a66969c6f82fb443f21b59b4cd80c70de05e8ee2a46,1
7c627c5c0b968328728f9a843fd8242835ee600692d56c6674784fed539df1d0,1
583885f54efd7271723047ebebf90a09a91eee68e33a068ddc26731892a58be4,1
c417c85dff54f52432925750b7f1ba74741f876f8467797c17da0cab6d25803a,1
3a3ce5bf7d3d063286baeeb884ff874c5ea659907ce5704c674abfc5fe6a7eca,1
62be401f979d1cde0f4edd95baa009fac327797b5214c0ebb3209bb9bfc8aeae,1
fbb4e26dfa69746e17d84a50094f2f5b82f48b7d050060ab81c2214245757ae4,1
e9b7b40d639840c8ba79459aacd91e81e544d86f57660c1b44118f828cb046b1,1
cefe4fa5145efe38eddea4242cbaaab0add6e4ca97069531f1341dd9b068eadb,1
dc6ef044ad5cd110eff76ae41bdb669634b1653ad6c1ffa5640180a04e76af23,1
83c4a99b5718ac5e585308b75e11b5d1796cc1208b5da3e4792fc0f08e153b71,1
5d9600120a2703f27adcb5af32825e45275c946ceb7dab313ce09f9e0932eb53,1
969b55c68dab4be422df0a08d73fd090b08cb8d7b70426ba20b84094246082a0,1
21a135dddddb077cace6c41ab32c762b7a46c4a0e1056bd8d4a345b292d31ee4,1
9ebd2f050d5561aef2469aa314dcc0738577464b8730d10a6fc67eeea1067ba4,1
e6281dec1f771fb837a121a112cd57db1c6030ce0895f0f2923c407401d9bcd1,1
a5e2511d2842cdf834e550158fc722badc2e8c9bbfea064e250cc4cb4f3690fc,1
cf6449eaaaf4b4c3d2288e2c42bdf7ae21ecd09e3cd2b442f0c30dc8ae566f08,1
1cdadc42a8af4ada7f23454c2bc1cf2f48546606bff0d79dbf318435e2441301,1
602f8cd53646b0c032a930094066dd17a542070f7a15c669fd1360e1d8529fc9,1
7228a044d5fed602d108e54226475570f7fe2f9888c1287fcbff8a380f45eec1,1
9d03f9b871868d05217fe5b50084a9fa71419a3d05392f41a7503c76553342e7,1
05e2b4183c6ca99123538c044f86f6c2ffd203b3394690b0e05fe60bd011b789,1
907befcc9e4ea85acbe75f39c4343bb45262db0473a548a858fabd3fbd897dfe,1
05d01e3056beeeade368dbc8ca5a9bc1f0611c8864297bf941a4991222f086c2,1
d7b67380dec4a6db8fd4d41030087df372244a88a388c779db569d4b0f5b641c,1
0724781fd13a62b9e422d787f1f24169fbe4c76439c3611f21dd13906bdc8479,1
9383ee8ef5ff584724d1f0de8e08870c05fc317b6f358c30565227ee8692d2db,1
0ce0b4582f6fb354624ed1a32f78418756a285389158a5d645b4d66784fd4aa4,1
ba9ffdf10d1b8e3d8311cfc8fa87a56f432ac86fb7c3ed7289f6cd4322ed7169,1
a1083399172e922d6473698797413aaf09360a0f45e5c934567c1e46f262eef0,1
dadc1799ee528056e6393236ce12e0f5ccb842dccc30171ef1539b53db6cfcba,1
89bde8bea20ca0ecfc1ea27b7ccee3b473427ffff4924e68190ea5ab52107b46,1
c06eee54a5ac97b71b8225c2325ae7c635bfc413dd8201df90ecfbd834703b18,1
e0b5619574c670ba2150eb1fdfff8eba141a4a02468078b913c2fa6e6137af44,1
ad5a4589630b070f9807f70528323fdbc87b4a26947e39e8cc9a7e494cb61f7a,1
ca50f2c931307f0135816eb8c115f84a523d39f32f4fe90e5bc865be55b6a05f,1
90132efb6f07e17c62a85ab47a50c5793694b1308cec4a482bcc4feccd6b715b,1
fd2774ba092a0692be8b709b1f850cd9b2d97f51f336274cb2b47e77fb4b9c0f,1
9ddb685daed110c24e3be795a113eeb518792fc984c2787128a389b4a2b6cfe1,1
caa63449418120a58da89ba00484cd330cf67f8a853d4c91c9c4b7eb884d0b6b,1
5857dadba71924e8d217b3fceefb12e987b5ae718afad8501b0fdf72b2a089be,1
a885497800c5a3f70434e0a9d5f88d63ed670b29fd7210ec063597a567d4dd84,1
793da0b034842820101b3b9d3e44dfc5b41e04b4d3af8133aac44d5f6b4eca31,1
45e9b915918e626671207540d411694184015c71dab6764140a27e27b1eff1e5,1
d1b727f4ce7541ccaeeed085670914408939256ce62ca692abec1abee88590ad,1
0e23bcf7dc06d43286a0f58d81762bf9652b999001d4a8b71181dbf8b4a14a88,1
45ec8c873844d292ca543c72a31c79e6b15a49448da53e9d63dc1d4d38e33d71,1
1bbc45754a81c17010a7b639331795d8b9b37d22271f0a5744a8d01c8f3c53b8,1
8b8827b0f3918ab1e31f74059bc3dce698fc663175c336bd236740ac93b86e9a,1
3ad2cf26d690e3792e16b4796c080d981cb193ae194ac5d1bebead5170d3a3ac,1
f778f893c884b8d681f85e4a0eda4f8f0d5a9e38e213f0643e235fafdb3bb182,1
a42a8e7133cd16dc0137cee417feb33d6991c2a2ac3353db8d475ae28a3f0a66,1
f6a48d3d2bb62a64080fa5a8d2e394bf4723bc5e1d046506a347c061c9af9a46,1
457668483d8e63471d7e69f971d22919967ac5656b733fd77cc666f351a58692,1
63cd003ab1fdc47745e986b0fcde16f3f084b8b6b1d19f8a8cc1f944a2f94f6e,1
36a028a45e046fbcaaaa04695360884e8f4181b96249d517b314c4119cad9266,1
c43acdee7f43e0a029f205bfcdb2e746d24b12c63a54a91fc5e8e277b4e323d7,1
dad809c3bf64c956d97463c06feebd5bbc2913272b96ab050401d770caa580be,1
5229819f0971a667f37db29a84aae71f2703ad2727adcd347f595e25470d8983,1
77af72e7c70210b24ca113a150798267940a6f2b1e81cf333404492a0ffd4ef5,1
11e1927b5d06f686dbdb166fee5d36581555d0f164098f2316a66d49cca15124,1
1e1eb8c68103aacc8226dc23a1adaade707c97dc273e628e692bf33c88ba360f,1
f35c5650c0aa38b031b484e9b566664e721adddb8f0c7a46d4abe4c16cf78e71,1
064b389abd1a188c286017653391b3012cc798cc532e3e9f4de0d07510f912ba,1
af39d30884488aa21684275ef0bf0c9e7059bd82543c6a1ceb783344e711708f,1
e91955d36ffe9daafd22e9da0731399cd6835193288b4eb3a6b184ee50ba048d,1
640b076180a4b456f4b57cea7e942b8f3dcbc35500c57e51fd47204ff79d8451,1
901528f1bfb93cc33e383e116de4b9fe4f27b803a3903d39ef54b9f4893220e8,1
6ae786faef74c2f0969dc8f87d0d65f2eda4609bdf64efd181dc9b0a85e0b597,1
6a4ae5271d70ea825f114bb871f68efd6f45d719eb0a31316456022b71ac5507,1
47b53ea7a19920e2ab87d26fbcebdf3d08961ff255cca9e2f77e778f77cc3f10,1
bb3e8d0318b3c80de964efffdf53706041b8077d4a3824b0b0855afe352d2205,1
59280bcd4c41d00e80a572028c16105e50132c7f2ab13b2e2f008627bbc26c78,1
e4f9339ad807b9df2f829c5410e36c5946dd7e51a98c3886b6d31eb82fb6064a,1
310b088b5e3661c64affca5456cb9047bacc7387d7ff5a699932260f7dc96947,1
045a69c9f332a3d336ae133432eb9055d025918090efea4bf35e0e71832d722f,1
b77478d2c5fc86f2e90710bd20c83357b901d0a95fd4ff4013b70fb408549808,1
207333669dca04f3d694906606aaa4e7bb0a47bf51c89dd37e1c236bda8242c7,1
027e46eb2dd6a34f8b273ef2573b7fa622445697880148506040865a6028ee43,1
65152a85e53d9b43465e466417e7eaa5a36814919543b0a4f471c218a3ea46b9,1
7a8a41da4f3e996217bbb96baff5be3c0f5012c75db097ec353d46d901833ed6,1
f958d883285d296b95e622575c17904456bb8160ed6e969237ca5eed0bd6c48c,1
bb4199514d0a9f7124738f5f05957f5e877d0e2c49abe6d30bcdef1a79f33740,1
58603ffa2a2f3098337ffc6b7b5bc85a03952807bd0339670483bf61fe92da30,1
9b1dd4329ab219b75abbea735516158784a9bef3f9d948cdb4566781d7f73a40,1
d3cdb06e6fdf9df7947d33d2ce52da8205aece89014aa4ad015dfe4a454f0e69,1
760d05b5580c8e12db4977f554b019274556fe5d6d3749a5ab421375ebb0f90f,1
863d49353cd9dd0c6a64a041f41f5ea00bb8a5603679fab8306b6e8633695caa,1
623dd970c770ef85dbc0212a37e71c0a1159bf58ea946c5dc15cbbe1de69c4eb,1
64b4466c4845b5094459faab25cdc3b1d8579e53453221ece8f50fe78b73e785,1
9d9dcfcf04e35523af789151d60ed8d6a90c3eac19a72362a31b6fe525724fc9,1
d5f60534ea8c53b10d13ed2d32b127fb5a339871ee3057ac61a7f13600e157fe,1
0e9294c7f3d7fd13f4dc566d2c49bf566ab407f0df9624a140a2dc99d7127543,1
9b3b91632fb215268b9faaeec2b4ab11f4d02736fe10c8e81ee535f8e8e6a2f8,1
a307febf0177029569f28720217fea6bd5a62a4e64b9dda375e98edb91a0d8f3,1
e0f0fe2bc7f29fb1710017af29d4f91374a0940a10559f223ee32aae3ede9753,1
5310abd65cd73a7551918695023f7ce447330d5674f513bd701814638e57992f,1
3fa7ed87db8a84f81926ec1e38d136ae9c5338aa342383249eba3fd4cd0a87f3,1
47371abb7351fe25df6dac8c1dcf39ebbb1776ae3628f500768626a1f56c47e9,1
d9652eab18e0a27903e5fce42fb7df16cba4d604995c2a63754e94872784e552,1
a6891486a4154734ea89fa80748e67c0c47b08fef41b8c80138fe2ce7fe181f9,1
b2e3ac2f26923fd33abe5793c1848404e1947717830385a64065767143af55f8,1
69026f27786f936f9a225289f5bc070531c5c8da3dae98e0436c34019afad0b7,1
2fd46c1ff975316fc944c30a61bb1e3b5d732d28255eb0b704b703e31dbfe615,1
73b608775d2eeaccefc1e103591a47798c11623d40b1a35f6656018108dad1c8,1
aa623a4dd2b190b920f996510c0b4acdb2646a6ac0d10cc9540d4f276c470fd4,1
3dfb1fe0c6478068c1ba924c3402e38eceae41f576256547ced20506f51be886,1
d7606fb417c7f2d11b4e04df0b9cbc1f8ad07150537cdbe291eb743978fa7161,1
eb97a59ac5f2ec675565d97a8dcff92ff0b24f28b07e3b278978d7138716343b,1
21fd3d9dc8552526e3c18162dbf3c57b1360501704cb3637bf224f0502bbca77,1
d9d731bea5eb00998c7d513d3b82f57c6b4e49798a241ecccba7dbf119545cc5,1
81e2b5d5720b2371d48d3478ebc5780a301c024776a48486b8d0afe6fa3dab6a,1
088db18fe6f9c53f4f9a0902d367d9d45498d7ff1098652c6c4c6ed723889b1d,1
d1a6b698111563dba8a56b8cafabbbbd7cb8e8e52dedcb9ea8bbd2615ff20bee,1
f6f075ffb8c6d6b0ebac5739ccfe5bf2bb804552ab64f89468a695d6284fce06,1
b26012d1dffe3a3e7d2968ca006a5b3e1bb473d4ed49973c88eda44a1c7d0c11,1
d8050c5528872deba8d7c2ed4045b3d9ad9381e8491299d76bb9de897842e296,1
022552df3e4745dab21e65e0184f19e1a1e29ee4f6f2dfc445626aba2eed2716,1
b05ae9b7000e05bff52bae1f3e02102f43d1a1a313fde0ae1f5d82b8205e845d,1
94750aacc1ef540a53a92e6be2b6735736ca78277e14f83edfd17a450c3447a6,1
8b1d59c040211f0c345ca4295d9537d7ac7e3b6c37619d6ed5599eff26ffa3d9,1
15cae0b82464e054da175a12092f93f4e89cf3b4e90c3e77c617c9e25c20bea8,1
ece6ea18db70561d1fb2f35feb510165a59ab21ac046edbea4b5aa2480c4eb99,1
0dfdf8d4e7638f8dbbc04da356a58bbcba8cf534cee4467802f40396c91157a1,1
0ca79ede4565df7a9f5b4e5ab5555112242f78cf08c369aed5eeaad6a140fa22,1
a22a88afd7cfac44c3ef241301399e98cf8915ac9c2304421461ec4150b02aed,1
de92207b087d28565b2285636d4a8ecc0d3dd0f7c1ce0e9ee7b576faa6170a37,1
bf269141299adbde977730912a5d5c1c8fb5a7a73a26d061768280201ceb4140,1
f8cd563408aa67324b9dc00cdf61dab7d245a8fe74da7fcfc147f610edc3cbb5,1
55f55a1cca779742fb83d01ba3113d9dadc2766505a7babe9ff6ea1e9a0a5718,1
a885efc0d8c415b1b636e81675fc764e1444ed0f787855a49ce152713c7cd610,1
8f77d531b120ed2627bed7fbe286d89c1d0f04f7141171e128b1554fa8db354a,1
585fd48cde5fc90550832e1b257a2cc5ddd3c0361304edc3238b19625c287357,1
d88e0572221edc45a83eed761ffc81881950bfaa581562b6b0be26be0926a28c,1
f7e3fd7b7381f693f3ce789cab21a01374e143a544e4b15eb5989853fe6b27fb,1
bab2bb2a8e5a7d0b8663278f088bfb49e585a1c199fb419412a864a1900683c0,1
0deb559232d42003a69801fd4db26a1081b634a14fa55c44fac86cf1d7c85711,1
aa7a4cafac40d8c4c6f041693ebc3a7206528332f69853c0213ae76731231235,1
8a06eb539ce20453cfbdd8c0712a7e8289bc8e6416b0c73221aaff7807050bcb,1
4943c00beaf3065c8a49e20e4136d1cf94d45d72c6d531dbb02dbc031fd76f4a,1
3966b2289d8e870032a76bd7ec3620781000c543e9c17674423a97636f78a48f,1
77b4c06b501f9a50b758ff02da7b649bc56407b55a87af669457b01bc84cf781,1
5b50a6b1e9ca49d7545a3dd599981d336ae91250b73e6c106b168abaf23ea129,1
9a2b03ad944ca81ddb182cb53aebd95c36b748a1932270ac609117c562880a0f,1
08abd847bfdaf14c03392af26b7be82788e3512356a6b99c30c05d78ac06f799,1
9a6d539cfcd9938caedfd591532b2b2d94e9ecc76828fb1cffa10a76dfab795b,1
d93f091ab50ee1839d61d985c5ea64709a061769cbaa7a647e5291b6b78d9987,1
d66bb7adc59f4d7c28fde6d701d7058140ca6cc04ca7deb89c9fb708173512b9,1
74d05fa954c1bcdcd86a8a02bc2cadfcbef1832553f028146e9fa847d180b21f,1
342a55989cd1736280f8742a26dcff78535de906767a5ee50b232b51bb1dc31f,1
7e21ae47bbfe2dad7c4320c2d6b89f2acb5733b612f0fc897b88412b5868dc06,1
cd4be6720d92d40abb04a7555fa0a8f2ed96611e2e268886e54aef95285def9e,1
56c1511e1136a9966378d3b824c7cd26fb165be9f80d17bb158cdce26c719078,1
a9ac81dd00f6fa142d57e831200959c7b922926d935a913d73c3aef1292de060,1
695e22c637ebe33f0d2e7c07a477efeeb2edc1fdea621b7f43f39aaf79525d32,1
5025870db95c5e8e47c3586b121db97da6f0ef385bfb0c1f7a5f54cd47ab0249,1
122585f1eb18a06e70ab71b7e0c9c7b714b7c91a5fad60fcd381ea0be2d5b453,1
d99c98b1610ab55e48401164b64544ebb70fec9e821eec4a6dc5265bc40ac258,1
8889769802972bbf5b57a92822b28e9e5e6aeeefcf13926c11ace6d403fc2e3d,1
b0703f292d5e14a803cee95f0d57b7aba601682df70da77b6723e9943f8ca43a,1
f633d298c3ca62a57addc0a28f07a2a4a2440402b0b3b6e499251a361ac698a8,1
7234652c620fda70a3d9a705cd737f0087e62def0f6790c446d593eca5b1cddb,1
504435f8d505a59f0584754c19a65ac3b40d68cc9c37facce8405e61c1cf3f93,1
18560ba2e6d7d2b08f9271583022e0c6098725b2e62dc2a0b864444d2d047f2e,1
e5db6772e0df54c9f1a09c6a28773b38a431e142f92c2dbbe663bda827526c82,1
0887d927ed489538d8b1628fbfe32f0decc2c1336ab5b7f8f2a5c3e82caad33f,1
e0749f5be3cb0216c4ef303c42d1c1a68a38e42f1237a89c0d8e7d5a273d15a0,1
9787d6d8d49565f114bf48d9dc7db544cc9bd6d952dcf1f558c70f9d0e7cea56,1
9dae62b73752d5a0e009738229f55fabcce60b4ee63b8bcc7c8ba47b560289e2,1
3c28c1a2b76af5d662ad7187ae407cf82d92c309030895ef1c3054caa122a35f,1
39a742eb0f19a25e4f16ac6fec1fe451ab9679c854abd1c4b4b145f4ea6e0515,1
744dac32de47aad498a9a44c1ae4ee7121c267a45b7f3e7e54adbbd89e213559,1
a4874d373326393e0d216409f2a198634fbbb72f4665d8222fe1618ca64ed933,1
aab23b1a107e096983d95bba14d5cc3abd9b559758c8084c4974518677ca9a02,1
0554a629ae45a7bdd46a84ae17bb7b69355a650cf5de26ee1d48f3202e361e8d,1
7a4800bf6f1ed38b6e0ad2491b598daa17cfd98e351337e5ae20c9f2de917264,1
ccb5692e0525027ab68e0be7a34ccc3617814c16273b2e5f734f5b13cbae966b,1
027aaf6d9d2628e250ab08bfc102da90beec8931cd320975797fcdfe36a58ada,1
76ce14b9027d964feb3ae5555ad217dc1f76924a5487f7c3f652302a8ef8e4df,1
e3bcaf672d7daa52942e6c25ca58392438bc66b7777731375d468df543726276,1
d52ad79f5f5d432ea10cc361da9f57946986a43f6b0112687fbc70ad0d646eee,1
0e52f232505071bb6969dfe9e7bba5b7f72f5c2030946c967050becf8a2364cb,1
cb0fe64e86a8435d7a976585b9070f1fc3571c21e9a4167ad078c0a6213a508b,1
c197b8bd8c44c8bf9d5147db357561d46b93539f0d989d9a353ab9d4ab6c0d3a,1
5264d470865642772bf8bd4c7f379145460e3dda52ef53ca22add657ed069dd2,1
e838aa27f6a4ae595595b87f84072db56a94e2e2ce2603389107b1529ebe42f7,1
d0c31bfab711ff99d1c3a669cd0671291c510dba7c40fc37554f3a8a1ff66141,1
79a21017df244761387ee6da25c58ea11c72037d1aaa87fd318fad17f2a1352e,1
91b7537171a0e28f9d4bb40a1315718db18d8dbcaeaf24fa78d1f8e0ad4fed33,1
c6a69f20915020e61bdceccac881a60ea8bfd1fbe8a007af8a919e7b7fb83ac8,1
9b0ea1ab8a280b1607541c9bd942a5a04e93d40c3bf013541bb1d0daca15f7ca,1
899bb1be2b1a63e734a2d1c3f80f42acf997ae27685494a80590102f68f5e3e6,1
bdfdfe44bc3de3d17fc00cdbaf1817eeb544ed4f49a45d8b80cd7294f94ef2b6,1
f28dddbe40f727c49baa68b85928459b5d9865918a31c8b6ce82d677d60bc7c0,1
3fe9596cd954598d9f9dd72170af624adb92400c9789d5934206f36acc3da9a6,1
a31fba886e793412cdf2e1f114a655267a7a244f152bf463af87666abc7a2b2b,1
583b444959d8d39dd9ed43c67d5bf21252698e8c77e286fead556bdd6838f649,1
5ef2d4c48b32d3a4d45b7034e59aa2cc30608079ceb4a81b67a66f6aefdc7c10,1
d35449dff283387a184ffb7916e9f67ea4e70eb81d9c193a81607e27e09d3e8b,1
90213718b0bca903dc8a338c7127566fc260113fd00d3712726408b0025e9bc4,1
667090313161bd5e70bda4d9c8a8a9ff3e0053de2b139175370e15ba0fd8020c,1
191c34e35200a8a90c5bf1d1f5cf526123d514b322bd7c637ac266e07318ccf9,1
ec75d64a773d9c19ff3e8a885b2e66aaf297c8bc0074dbfb1ef0f69caf88e593,1
cbace1ace195e994c16c3e0e56cb8b4b5fcb5f4e9434f5e08280eb74243fdde8,1
c70850f5943e8743f2d9775ca3854aa27f9c1e71df61b71afdc9de3aa9622009,1
0be562cc698aaf531f1de130b440a3fd231a1bedc953fe3e45fe7a9454b78dbb,1
89b7ca8ed9968fec8e18f64dfe04756bb3b581fbe0c84e0a4b16cf20fd965f96,1
358e639590ce763f541349dca24eab19511d8f9fb650b972ef7a2784fd6cc8de,1
7f17014c07efb79b9afe2c875b7687743ff7bb3bedff7375341d510ae67580b2,1
8b9a267d0c87c4e5fd0a572d03cc841f02d827e5b00a08dcad5cff7c46f4aecd,1
5f2d1e05faea0870219c5f16f9794c03f2523245acaec3b8c0b162267485548c,1
a96b82a31d65fa0bd87a19c66c36f0e8c61ed194df050c510285bfbb97cdab9e,1
2416f15e8885a1036f15239e3490e8118a786757cbc65fa52047fa36e6daad00,1
5712e7666fd9ace5afb9c90c76db4f63ca052a0803c97879460b7455ecfc3742,1
f0a7a314870e2a5743c1af8972bca1fc83133cea0e17e44ef4adc794d499c174,1
f1914c46e80730d12f6d48d2e05eb633b9437da26a4a9efa4941cb75ec44d965,1
0db671102c542d9e24abace976c3136f4e6b2957239b5af7da18d8bae7bff3f5,1
5342ca35309c4039ffe995c3ad7edfe6a9bf9730e7841182abf2a965bb1e178f,1
21a95a019e12308451c6d8e7e8549af78cfcb4955fef8744674181fad5606ef8,1
aa85beb5c296229c7bcc1c0d73660fedd8abeed754cd6f714e108a0317ca751c,1
2ce5b3fb2f0a3f72d98f655bdf77388af084d9cf6e7a831bc60c75b41680e539,1
b3104f63c266a7d79727cfbd4b91a35b014477749fbc297a63454338f9cde697,1
99959418d308195e442da3eec0d54a9a02d2f1251153bcc320d0ecf18ea0af2a,1
c4b49aad30550343148c2db040be7788fe6f3720e232110f8e103d4c670e9931,1
9daa9b08c61068c81db8175f6969fde2e8f163015c1a792528f4f49339ca9e53,1
d18882fb0515134907373f6c3a38ac424a31d4fbde7955da5d8d2f03430bb58b,1
bc22dae96b1ace297409069a5adcbc72c54aa64f02bb427293d68d4238a83aa0,1
51b29299c33fce746a94bcfc1f283a78dec28155e34b235f9158aa397278e673,1
119fc30f4cee697c74744a55c31bc89de70e4d79ef0ee3e030a97a01daa4941e,1
3d7405a409265e83204fb3c65109569feb3a0b77e0c379c107e9faaec56e75aa,1
48d97954dd9101c642c0bcbce25cf9b13339975c5c994195029f1e35f5d100d7,1
097770d80ed0f541c1aa12da1228848163dd8a0498fd3c0d7604948401bdd0eb,1
c622a1fee4dc03e2aff723c710f32a5a7418e0351c0562865f6aace31bcbb51f,1
e480e5e2b1b749894c87051d716cedd551b3464738748fd2be04432f3a66ca8f,1
9fd314e958f5669bf30a2e30885271eaf48db76e6080847d6ac20f70e79e434b,1
91700dfd158b83528d5289d5195da932028505e8112e9f2151936e2c73c8bfe4,1
7bdc2d593c0af0ca764deca47c18e9e472cb91cd4b5fc52d46f530d5f03cbec7,1
ed82a72b60d33ed063a98b4e9e3cdf973588663bb05b4bdd0680573386d66104,1
c656f3890cc9c039a45299b4ab994b4b5cc3030a4defc37c0f572a64371da8c3,1
e7ad1eda7a849789f99cff34c88ce7f3cab6c4388545235d10aeb5bdc38ae137,1
17e187dc2f747c54eb5455ec77792d15a182569ca7159855a6fd42cbb60d48e5,1
c99bc36fa7f2b37dd25abe7d733e8d349cf15d1b5c23914379923592e6da4a75,1
1839e5379d8b010bc96376c858a579befb148b7cf42694a29dc8cf6a6349cafc,1
42fcd8adc779e3ab00e85ea2ca758406d5d57b853ccd8442b11d0716cc8cd64b,1
2c3f3ae8808a43c54ff4ac364c371685866473b2d6a357571f1ae3be4be132bc,1
4afdd63583b41b1e24efafacdeab677df21ec041191d5ccb4d63870c8dd5af4e,1
6f466f1b8de6bb619954cef59255b336f36cda7863bcddc0b0c22d168d580fd5,1
e2c7017170f151690531dcd6786c55d3589d774f32cfceb188b23ad51a67899b,1
a92f801cfc6bdbe8cfd8661c3212c58a618d5bc63ff18257f98258b51f7acf1b,1
43e9dfc0e0d40b7a3186f807f03d5f2a0455355f1f95f21244217d73ca6d6e84,1
4c1d9b0ea529c748a8534901eff3c6edefa9c0e2b0941257080fa446e0ae35c7,1
4454b27bbc7fd24ce9f2788cbd846e5dbc3e46dd776d28694e62ea49f0e4f5b5,1
5503bed60de8d0ea80838952cd88d7f6562f56636822cd1c4befab7ccbee864a,1
e8fea1a6af860a0399cae771d6bd6237eee7e3685c5771cab2c162da315d4900,1
0f56639e2e6a4b66a0ab5cedcd8dd7eeb89eae3ca184ef6deffc2b020232773b,1
0bdfadbfce38ba783a39d543a24da620df9817090983768e0d8b467c318dc6d3,1
f061aa78ab3d79da3cf82e550b9c25e3a6f9e1b07a8837d24cdec4267eace09b,1
ce97f0debe2c395cc32845dc7fa178790d9b55e4afb52712425a7a7b9a09dc99,1
cc32bc433ed9cf0a61473dd75d8315e9a3e34b04f1112d4af15695d11bd285ae,1
271d3531213b4add2d89c2e94d974c7a9207df1580c28f1c912cda439d749545,1
84a8177aa3f752a5b44929488d3f70114dd89aa112b99bdcffbc3f47c776c768,1
3df2389c26e5764fe1e06bc8f22ac013115b91037d655fbbc15a3067637e3f04,1
ba1d0cea9ce94960ec9191fd6a5efbb71067a1b332f5cb90c8288e1167d1eba5,1
e4fadc9dc1a849ca8a7e52107afcf0db4be32b0490e58dc34ad1fe9790c43def,1
43305aec505881e81810984ea3531d91fb510caef78b71349fa1da8e444dc9c3,1
354213fb79ddb6d5606790b1b8330167c22f36801fbb13e040f273c1ea12d116,1
c347b4414c139a65136997b344eb91538930978f9851f3a0807b7e82bb9c375a,1
fe751a28e26cfd2933900b3783ff781c5c7a13905968a1d09fdf894f1212f7f8,1
e843f7792c6969acbe23b1dda35903c47d03f81b5e987752823d61e4f050aa02,1
71fb6c0491675e7fe643e6d20fe544b2238d4f2eba33658d320538ef0d0d8767,1
aeef9e01cf8b0270d9f3f39b61942f238005a7e8e3a48485d692afcc5d5c2871,1
eded4a7b25fbb57d3ee5eea4bf7c1eef5fa0ecc39a8372710fa2a3e075cc5231,1
db9f26450439cecb84eac53ac7c36c7253b7886c7e24dccc92bda47fd18a08d0,1
a7f96d5eeb1f16cb6988fa55538b134267820b72ca21cc46ff7ef4f16bc49422,1
9db80e5c235f8ca2981da6e149bf105c7569f63b6880bc743d0c9846a7fd4144,1
6d4038739153b5951f5370bc14c6677186284e4ec3ce74a957163e40df421f5b,1
2aa2e1844ae64afc762b9284b33f6cd72337c73cc88cf5c24111d9550ea49960,1
26cc20bbaf4b1d231bc67251e360be83b9f62a1f7bd476e20e70e776bdcab73e,1
a0621f32eb7f46dd93cbcbbdc659611058f5bff95429fd81034a36601ae2eac3,1
23cd3cb228fb0a63f915543617c17fd58b04dc76093143ee575c83893fe95c8d,1
c113a792e806dd37dc776cb86a17430d91c84fea663ee519f4e98ca46e7c06b0,1
27d533b41d31af4e230381e4c4b3c292039e88b15b82e7d646871a881bd47102,1
30e735e2bb5a6caf2641069f379048751ee0436ea0b0dbc44b15652b7e5f7739,1
1e360d04853e5c663a248e8291e9c82b778e5267274ed9e84d6d66a1363abeb1,1
69a4189b15f8c0c8665e5756bf7a9b0776abc98703031c1b0a033740e87a81f9,1
53d43b6dcfd5c89dae54b52f930568de8bc84762a8fd30a3e1314a3cff214d3d,1
fb97f9fd262207cac4aa234dd91b6da4065f5e41f0329165b2605c01c57448bb,1
4b9b9d9f0709585e9f045e06af4be0fd1e2cb3308136926f6ee208bb5a93be0e,1
54b7a75479421347250f08ae769876707b813fcdb3bc3ca0563fa619bf9da1d7,1
7c110acb3466c0f93aa4f03cfdad8cbc221c4a68531cc33e43c3c843be2b153e,1
c686812c1f0d085de70f7eb5b965a1f2b7cd5bdcf13c00719ac5c885697e9147,1
3b740d77ef11b61ccca79bf0011ba971f63d294cd4bf9e85a4f41e55af28e7be,1
573a6818a3e3676f7b56394e8e74123a6692d1cc9453a5bccdbe1409ce355800,1
fc82b5e8f500356d8f99dec51193bd3f1f30e1f44cc07c5808054935a5f5d70c,1
ca6dca5940ade990333ed81a907a800b1dbcf7537d0ed8178e210542b5d39426,1
e72ab42e806672f4cd6fa3de1a3e2f37e0fbc7a925d52511f7dfc0b1cce0489b,1
fbfd315547aff215ab70fc5fdb9333ca57100dfddcc391ac9e524e8b3fd28198,1
9781757c871f89eb7bb589f61a16656c3b4a42d71345f64d324f6e5262d46172,1
f7215ab9e495207fc23b8960e975648e44bc554393f81d313af83b1e901ad2f9,1
cae6ed1048331b11bda10f48039636ab6b996215a78bcfb3be02461f6b6614e0,1
b85a98a4840d276cdcc6e397912be32cf8567cbdf6ccbb2a6def4fb395d0eca0,1
aa4424fef94d474216127c4bab519b7b5fb94d3eaf6410bd4230a91897688670,1
1300013cb6c6f8972d474321bd2dd6dd41f89fc45fb0c2805f754e7a3c1d613c,1
000dfdb1663bc91486939c43a18537630a04e661d82207eb1da19be3091ec22c,1
38b57ea263c2d4c798adc1cfa5e6cfe7220652c3bcdd02a903c2213313e5c37c,1
e423f043b4c18cb486ae32d3fe00c38ea98f005f3efc7039575bcc1d845cc1d4,1
14954ed5ad3f9f49aabbebea83a389c909a28c9788f7d3a226d01f86b87993c0,1
f642294f7a1d6716ed441d6143d0b35e1353815581ba803dd76f303f7023c13a,1
56fa8b7d91a0c6930381250ec1fbfc01fbb29a5082ef6a470ae05c9a9da215fc,1
8e821f72d87a40d68aa5f7fa920e4c07c4846ea8398a1ca5b63c9ef30b8823f6,1
0deae2382060533f1c2c4862823fa5261ad2e5cb6973bfb8e344823d23caf9b4,1
1590ca4916d81e2348a6860f23015a18b347937b609586c8c72e102d522bd980,1
419351adb56bbccbc236fb6c081c521065cc5f1bc64be5fc7583d70763c6c5eb,1
6d464801063c3772fa6e6295a72cb9961ced23506efe354d3c7daa9fc5104c35,1
b0a7ebb8a7e481af1be63e540dcba25a67e9fe68339170c3c18a8bea9b789fac,1
60ae30eda20499f86e7b45260c7c535998810fc348aeac643ebbfcb5ab047459,1
2496c973b78e7e2dcece94d1d9617383741dfc80ff20bf95c2e7567bc0062f9e,1
fa4d35aa673f3f47e45eec55c4c7807c50fcb95e9cd660003057da0c2ed7e60b,1
28d5542d1f2da189549056cc3ca5065fff6738b88403c42494b80868ca011e8f,1
f383957d2ebb21a25c1747a44e6739a40fda4240f910b88cf6a1fb06214843ab,1
fbe5003f47644eabc74a4efa974b251bd7d01c6d44c54148d0189319dcdad58d,1
d6c171de5eb6f555091aad70210dee43e43b03b67112b4c61375519e0ca8f2cc,1
f96272cb626c574b44f88b8ba141b7b508a869e2fe668c7c4cac7c76c7983236,1
11692f01fbb34ac568de4c8be01be4758ad507392bcb3e11fbbe635dadf6dd94,1
e848cefa4e4a0f912aaf18139dfa917463e6c797f16beca0e3720a03d72c9e14,1
7b0d91e6d63fbbbda320fc886620ba917f14740538266d6b59cc3df0ac1d8271,1
32618f350cf0b12173edc5bb78f2fbd6c43721c8d683fceafdbeee70e62b26e1,1
c3e00fc0d7681d22c5bf72e177b4770f7b15473cda7d5e493b6bcbcb84b9543f,1
dd1209dcd8d747c1172c96b723f74d9fb5eeffced7d03fe701e4a49c1a1461dd,1
fb8bb695ccfba9be708da2dfb78f94326994e14e6d1fdaa47e04b0e7542f2b76,1
97461cccd00d5aee03e8265b85caab56953276cad2064730c970512addcc07bb,1
095928761db7c605e79d7019b5d05cdfa60778eb47f1c1356d4ad0c2576e41a9,1
9688261d436399d0c47ff4d18193ab70e00b311ea09da2a04572e542604c4aa5,1
f24ee9848bfe6659af33b1af158b1c352b21aabe739766de67e5b8e3cb0aa63c,1
82a20f4f2fdf3250ec9eb1e9667abf9688a994e677c68e1baf000201fe8902d9,1
1472cee18ac7a4228f1656626ef26737fbdc809934c96e89a7f5940d0abfc706,1
3cd0c0473121e1b8fae4e1b37a655b63db62a76684f17cca4ef9f65933806e5d,1
b311f3553a844924baf52a000a0c41a417977f8aac99b4abe5460441ecae5ed9,1
aa489ba8be0c65135d858f182c96e2d5166513f665d3acb9f5b510210311e577,1
f8b8e24355b79e165013bb4f82d8d1115880695648f506d4c1421db2a3e4f48c,1
8083ae7e080ff46490d4c8b64d09734ee9906bd0e83eea66d3af4800ab30510e,1
1fc51924cb0ad6673684114781abe53a93f82b1cf219724adfe56666fa5f09dd,1
8903d32bab07fae052c14901b4896020c7205de1f2a575e489d2993d4def52df,1
565c1fd6f473f3654c01d2e84daa0b456f074a32548c757d67faaef693bd86a2,1
0ad4b6ff364fa81a02dd14a6ed39f5074fdba6a981803352c30de28364a469d9,1
06c9da9d9a822d9cb8676d7c3de8ea58ade4cc45ba8607569fc2d183bbede1be,1
60918ef05dcd67798735b70c6e244f40bb8e5c1313533cb1d5baf82b5999a51e,1
a2489b0b03c977964e6053c1c5073fd9a17b77532d196e0b1198f6ec626d78fb,1
81d15713cbc3b3a9a72fcce51e6c804b1bdb5e80bb54380f4b4e17c2b5832459,1
196424220b8753ed51585a218e395cecfe48f7970020d0483823c8608142a997,1
9e066e4f10e0c1070bf57a09d2285e0861776b17fc221f342fe4ad18d2ea6dcc,1
a00b5a6d703515f6cf1ee3ffb3e6fcd31c7a4b669a2e730d1bc0082cd2e515ca,1
9f772ed4dfe4724d2b62ebd7b2a5f7e27046bd7c223d4596ca876f411f9c0e05,1
6d03553fc58f8b2bcdd53ed248aeaf81a21785cb1ea901f5cfbd8c71837ee46c,1
5527d958dcfb1f2964154008e09b5aaabb1b7119a03993753d5f55c03b38dd66,1
6a4ea49a526a8d2609f6bec839c0a16bb584d9dcf350fa80fbf34f2e0bda4662,1
15aef75b7a67ff25acb6d974db831a2bdecf8034bff545f6614edf00c32fdb29,1
1c3a9731cc740c99dd2548699c0e583c369f5006bcdb71b33959e15994794a37,1
48efdbb4ef775866beb3c6ac9f24c8079fa0278773fe98f61142a3421a3c2983,1
276f9d102f565019b5bd4d8c43990cf780b1d140c82eb12e77b771eb3ba8c621,1
2a9865aa2c8a4178e474d094f15bd5c0b6d7f299718543873359c76b67193b17,1
7a5dacac8aa2588994cea7ebaad9684e52e648db2b6ea5e99ffc9f7eb2d1e58c,1
f38476cf8845bb7cc248231fad69d5ef0de28dd24353959499a69812dc2f2099,1
58b626cc48f9d529c494c1a3b7f6d557ddeb1388f2294c5cd7293b9e17d1a290,1
049948693f0d8f854e039da808a025b274d9f9570c8aed17cb22b73bbecf2eb1,1
4c4d9db03ae17e32b0414a6763ac3118718c621cc7e160a8f8223742de91acf2,1
94ff4e6b4b14052b5893a2713b61bcf213f8b814af1418ba37bf0c44719ccaef,1
6afa08c51f71ddf508b4bcff0ce8391648dad0def8bcc135d3306d69e593b967,1
c32e73748160b6c5182ff44531ede7446a23af38b21d09299aa296548e0c1907,1
e2c7815db8e90a0dadb724eca451ab73629ecf032c995b9f6ee0a9b113c5c5a7,1
77f3da2c18db6ab94a0d5a979b4188bd54146b7b820607d134ff38ece49206a2,1
fe1c3afa24cc1da29ed3e3f8ee0f2ad5e0a19ed765c0b0a34f09b7367be5ffb0,1
73dae0b5ed46c30546ecb3691a9ea7592b7f4ba61971fae67e72a2201d2574bd,1
3d1ec29b577dd639f0778d06fe37afe4db296b73c04eaccd5aa07438a5f00036,1
26348c8c33f61fb819c405dc5b1eb87d252746c08c7b5b5ff5533b6f42f65938,1
78bc82b16d520bc569d6c9130b061d6dd49580dda89d6a7755e5a0056b1e321a,1
0a75b1b8b660b4d18668ccbcb79b0f0cc124fd8b48205e3668bab624ea1e7496,1
e4ad5c0253d753b598a432bdf225d6b536f77c0fd9664b8a9d0cd56e8346f70b,1
e5195539dfdfb6ad846b52a09df3f0b4832e306b1a117e2af526089a2a07058a,1
6c480deb63676a8559caa9184346eccd2f012afb12d31f8bf2a04d122fffcc9d,1
19b37c10bd5d7d421bec8791ec2b052805598458b4bab1052d6f782ef901285c,1
f38c14bc45e322da1f1d7d3a068551c6103cd2b9b24f3d5f4dcd7f195cbb12f0,1
1900721b100df60f3a6759530dbfb7cd677156eb026ba651d6b08a1c279fd712,1
8b5bbfb641b340a188e6cc70f2411809c7099cc01bcc775f0d2e0cba731bd22d,1
a67bcbe475f19246e89c9bea91b83701cd7eec0d047588d2ee1a44c30eadbc74,1
39fa3ef2a053ee599c84212844d23a0926a4b1a3caa8f3bba1513ef759aa3cc9,1
f7fa4f3c9f0733e855309afa2d1aeff3f20aaaa66f8c30f7ee98b54894b59cb6,1
efc91438805cf1a18a665ab13199dd4c0d38a2061af6011ade8fffa0e0bd5522,1
aebbac7aa1e050b398b9294d953fd3a949f4d93289fcc7a46de2aba126f85146,1
e4e728db54301205daa93cffbf5da2f27c99f026888b5718c9ee71b9cf4a4923,1
3db7b6070b00922f51d4c56429cbe1472c402c3910e18e52a655cad7c6f630ab,1
a68de5b9616cfb12025f6a8748cbbc9531376b2149af051268ea45b2677dcd35,1
975448c86281944e309e6da7096d54f6a41a53b134c5d8acc9034db130d6eda5,1
e9625778382e5619ce677396b31706c7643fdad7b79e2f6b41aea3c6d81a9807,1
cb361334ca56e4d47e2d10f2a217a5fcf77e59415e5b94b7a7f915002e2b71da,1
6c76081337b60fba35f0cba03fb551f8f62ca7d900ccf73694491c763a865c04,1
67b272ece65e5fcbce1bbde74a9b936031855d1eff191d1b5c258b578e962c55,1
a3ddb54881c8217d3b251253294cd1f789b2821f1de9489e61672fa623808700,1
d4a64a76b5b5bc941a2dcc091860645d24870819086a862b6350f16642292b13,1
f53a810430387812546cc95210a1f0f089720495ebf7fadedb47f5a90a7be215,1
3b55dc72245c7cd438ee373c435cd7b50834962a1764c236a80e694155e7319a,1
8ed73f181ac2f4ced8895fad6477cebdfeb618c76b12fd947d859177f132ac39,1
68ee7d62c9f00234dcabfd51fbefe95f67cf8d3b261f0872d35bfc661e10617e,1
be767f7cabec9779bbb49f1e23a75b352fd90d5e643ca73515774d1661026f37,1
fe587b199c851af29ed6b8413841546d77b8c606ac42ef8b36dcda745103600b,1
8eaa1b345426f1bee8dffc4b2ab2b0b89c9e63543a1b28967f377dfa80a2c308,1
f7f04b92f31452b29cd018d336a5dd9a54c1a9a199c9207785a16cff86d52d27,1
ff9182f71b697b49b580dc2581dcb9d35290ebfe72809cefa34f0c5ffbc8b31c,1
338226a3786ff28d98c9b798fab3bc9aede61cd010b34bbd4379c02413438aef,1
477a5e9f2f985f97900bcddac41a256d81fe90b8d82514fb4efbcbfeb92ccf18,1
07905ecd72bebd0a5902bd69579a3046c47740844c7beeebc087d60b5a37fbc2,1
094b20d636bdd8ba99a80fc0479b8d802b403a75eda70705ad4ee12985ef80e2,1
632f489e68e1853adb800d8497ea3b67f75df63ca001bbf0b7e176187713c56d,1
6c930e790005eacfe803d7acd001ae124e640943352eb7ef6678fe94464068b0,1
2951cbb5dc76c4d7f65e51b948e08f11a1407b8d4dae09c64f0d2c91a68546d4,1
0daa6993ec0e547c76bdba4b016e69fdb81e9a34d328ee7d5f74c5c880e0b4e2,1
c9e2c6ee96923b742f98f00a849c62164f5febfe3a893ca9fc18271fcef520e8,1
91ea900322482c961ddddc6ab9512b1c70bf973d50682cb91651107896632cbe,1
ccd0a60012c02ed6a1845bf37cef61bbc12fab01876299eddbc12bf8accec443,1
77834dd9b7e7598ef42430a620893a277a742498226209bbe2bed29e70e9b7b9,1
053281cf7556cd1f999c4caf662c2badc224fac2358f9515e2825265a68c6095,1
fc98b5228440235d3d27d815fd4b684c8a9ab3f5d72bb506b47321f908948bb4,1
e2f9fdb7c1dcd7d8f83aca4b5f0a97a3cd3f45b401320eaacacbc18f86f45146,1
73e92e2e178d14bcc9716307434d2284181cdb8358530741bdb6b609836d03fd,1
4a654157d0554fe2ac0a657ea86c934b1da181a6a14090469e14f30068bb86b2,1
7c91abbe56ac15654b926b89cb32d389cbedadb087cc7ed0b2c7326fc948aad1,1
fb877a7897521927cce51567fd347ee9c46bb97bca7eaf9f02d17e0753f7363f,1
6f6f97a168e8f76094739c11723feccfcd2509e5493dcb591952f1f664be814c,1
e51a743bace5298b2c2105128821bc77283804f00b8b8cea38b85226521ec28c,1
d974e313cd16ea756c3655406af2a3f4b80caa0bc78f98bd3d4280aa2a2a921e,1
0ef6e69070141fe4cb0553f879f7bbfe0b677bf7a7109b5ee63599b8c38d3ada,1
fabbd19973f17405c3363952f30fc62442df82ddd7d51cd65cbff724d57f9f1e,1
75fb2d872568d70d2fac7417c6c85a8362e8efde0f59dfb52988d276ff9edf16,1
713b133645214c8110f65d60b3bc4292020a29c53b3f8f6ddade7c475497a3e0,1
26121b16af8fe0c3cbb6aa3164c345e55e414ebf9e1b80e9459779e290996068,1
68fec9f25fd23ee9fabdddd06e5f3cffcaa961ece0f016ae578d300ca544725f,1
92a5f480e8796c1129a8824a24e7424c094d11a2a62deabb5dcf5e730a7d776b,1
8e1798aaafe8f14133692f02c268d1ce22f0682a8444959bcd136c4decb801e4,1
bd79782d07875c62bd23b8bca4d49011c661fc1c51e0073aea2ff8e61fd5b0fe,1
3cfce16ceff6b2de78dc026450dfeb0cdf21e050fc12e3faba0deb70ebc9db53,1
a6a8138fccd648cd6c016512727affc591ad3e365ad8d167e81676f371ac23b9,1
6e774d9f1f9f743af2dfd2b4515c1f71559d6f7891a6d8b9e3047517c20f638b,1
2552cc67313600abc533dca60acd1d0f7b1d79690ff0e6e1b5cf6b3cce042e0f,1
4eef0aa7d46a851e25eea9dde4b46c3bfb735a2e78c0099b0cfb0ec6e482f090,1
77751ce4e8928f8c16b6bc4b279fe9e8faa3550185cd80f311dbd4e6c94bff44,1
b8cee3e1ed2f24ef68845f4b7317178ed6ed5edbff56274c8b30bb277290df73,1
ab0d27885461d74bfc09efe246c30258f93504c5af3622e606d432722429833d,1
d64a6e6e8e5c0e05d39c07eb8f820a33924b3b0316f50305322d411bc19ce00f,1
4b9a45b86e3529d9142f1410b6a0d0eb9bddfb7d677057f83df8d701a4ac219c,1
8089065a89261fc33d90897591d489da64c4c029235e105dca19fe097eb7dd94,1
f7fbb077e5b5f8acccc080e30b8b4d625d24c120dbcfa38a23ded32656e4ece2,1
623ff156e4ddbcdb2e47977c1ed4c7fca3cb14d4adc90daa61ea5ce56aa18fef,1
9b82fae0f2632f96e33c86bbb1cd4edf2c76356616299ef12f6389ef67b76d88,1
cffcb50dfa7510cd29cf3523d77d99c401a7dd041e34aee042d0e0e433474c5a,1
f204708cf68e0c4800182d13ed1a25ded025f5bbac33f0c93dc08fd1d005a656,1
2593ddbb88db326fdaf577a6653f3096f28cf4ec78a1112d51e6dca90915d114,1
3f87c1f76387795715e41e9e4bad059f9605267ef1e5c4785c0ccbeeff9d0760,1
8b683979dd851d88f29494164350694ce094b7d33aeddca649a1a4ac84e361f2,1
28d9dfce626201cabe0c82f2e732af13779f2712a33248fd241212c372f73b85,1
e7f5e9b2d5e750aab53d027d4204cbca543acaef08d86ee8bb76bd32da825a86,1
9d5b676ced1f966978ecd9b30e80e7439668d6a261c418de9725821b2445c3b5,1
234059e724bb6af2196742d7e478b01da0942913d22da100e1bc3a4e50574bb5,1
bf8c5b9298c218a14a4106906f2d41ed1ae57bafaaf53b131e337ff0c0dfcd48,1
69c30edda562e9d1b77703822fa6b8e9ed019912f4c8b8b80fb59138c72ba685,1
a887b044c02a18627d42a466d644e5fc1fe1c09c50f8025e5b2f55d1305ebc66,1
de0a8e4a179ec3859b544b6c95f3839be73e8347d87500f575364554853e47b5,1
04e669564a294c4d151e8afbed0096b483469167ec2f3113893193d52bf8b970,1
06831903e01f604ee209a9469859c3be8e01b98568420fc075a032702d221ea6,1
e1a07e33665fcab78d82144dbe951d45e664d963991f19e5c35d643cac046bff,1
2d50ddf3477327a89ad65c530f852ec4ee2373015c1c4b93752553c4512b933e,1
54022cb81f4efab73bf15d389d8749b11df0a5dee8c288506b003a4889aa2c4c,1
e7b8108bb4058ece830346c0fb88056d90e24c463ebd2082ca9a65d13c4a787b,1
1af6f63edd076f7bca2cf3f7e861304b2f503231effb1e98a4838f56e212191b,1
9d223c46a0e7773847452a48f8199953becb49c52bb3997928f973c11007eaff,1
74b144b244251c43a578916779b0830c188e326f0c9f70e1f50cf6707a95d16b,1
659b301ed49b604188427f33b49de80f8e807f65a09250ee2abd45ffde260fd3,1
f4221c299e6f50ea417d0d101fbede3831c0294ec60c841726483db4b9197eb6,1
55bb585b502b83243deb775c328bf565ef3baf567d09c645373d3dad1c30a964,1
f485ca88cb85b45659eb605aca5379eb9a9e6cf62c5bcf001480669548c7e388,1
8c04059e8a3e11c57d6560c20b3f40b550d1eeca2f1bd015dce649ceb384a965,1
919b9a5cc8f04e5afb6a67d187b9361a2e74161febffb810e01465b37ed69bdd,1
2b82d163abfa2b0f88412554291662393fd1ace28be69ad6d9808b1893657ba6,1
855867e5cab1c76f03d0e5128f4b983399708a57ec120aa1f22d622b6c8a8783,1
1b501e32b9f9dfcc958c32819d2b980ff2fc10aac335b78cbb3307b8e24e276c,1
70aa570efffadeddf69aec1d463775f3382568c45e8c304b318278bd06e6c3ab,1
f6add627133ecfc755f013957ae795669138a25a73c0f0e00ca071f65f083577,1
d9709b698dfebad26e8dab9b39900a791aac887ab1221329d519fb370d89d5a8,1
e6a61d565bb7f44d94d1604041e6a2d7360fc78019e56308a1b51ce657553cb3,1
06dc721dd237eadf3f507476c959efbb4a555c58e0bf1b5f92207794a44441a2,1
a2cf467f0bf4866e3c206de588ac2a9e3a206bf2cb433550ba52377d30d60675,1
d43b96eb903385ee7735f25b850d81d06e7c0fe01171cf99bc678351bfd5cfb5,1
6f0db66dd260fb13c0b57869112e8baca300b727184374056cdcfe449e0eefae,1
6e30e9b5c4179eea38e9cde325e8a1a886eebcf84fde7715598c3e61bab6adfb,1
15b1eb4f6c38c096b9d3a5632deb9bd87d79d35e20d95b1e73e9c0ff1724407e,1
3daa2cb13a0f3f146a5b37744d3b5729fa924d816c41903bd27f8a150c007a99,1
3efbaa1de1f1b28d72011dee4cc3ed7fdc1e5683d27feb02f976eb4948f7f7d2,1
9f0a58818a499e31b36366ba0544aed7d2880239a0ee0f2dbfe81e634b3c80ae,1
7dffb3d47917320b25c220ce7fc01eeebe541e4e1a015647752511d80f023739,1
28cd8a0aa3b079dcdeabbf0cdeaa36d5e72ec425935b6f97ddc445a80712de62,1
d3576df5b6cf27887bad9fb8e32a80314979eecd4a8f2d3ff10349e85679756f,1
f6be375b2dd5808aa5882b63188fe3cdbc88664603c4eb71fb7e7308b5a9c50d,1
c08161cba4dcb45cf4865fea8b980644ca4151e84d222445c3bb0085fb9808f9,1
f2c5b75d4e8ed8f0aec4da96190a4c2d5b3d37d2a2c60c42bed85a001a0ef6d0,1
7c2ac842e28de9b5f39271e0f6ebcb83923fac7e1c598497becc415e6ea56e46,1
7d51da40bcb2aa15b56025a74d8c2076d59cb6296cd702b814b41ab5a9e082e9,1
38f89e4d879ad1eeb1b5dcd5dde432f38ec7a0ae36c4ae70ca0a826526d9b4b1,1
87dd905fcb0cf47423157bd21dcd26f6b78afee91e7d32b0e28f893498d62727,1
ddbcc92f9331bcabca32097f4fef0f7db57a796126a06d89f410073586cde50a,1
bc0d9e787a77c690a11cdb9837f0647c87b46f7d516e00b0c26fd57dfbcd1355,1
4c98a825355505f8d6fb672638c5a82d9463e65bcaf433ea1dd13242231d718e,1
3c525942966cdad109d8f3a6fe47c28b24420871218936d87a794a735cad4083,1
14e2baed5d52ed5879e77f04ee974c521e72e5c1d5ad4607da00cd3a0ff438fe,1
c3fdc857ed735305f6dc1ffee73168b2fe3478ed1b547b3332425b680a86a347,1
3d51131357d0be13a035edf1aafe587b57dbb021a678b014582d3c687d42ca74,1
899f5c33d477f72410b2fc872a2df9630011c3e5b24ae6a36dc3764e5afb3655,1
613247c6290e52ccea31eaaa1569c42ab32eb5536558e3e883f5f4a596d5a402,1
74bd1683adde0bc5744a6756a9bc6e5d9d7f5e9a7b41b8824d58540df4ad5d98,1
356bdbb15f2a4aa4cdaae78d3ca5472a106de1489d7ad6732789ae0f3a7c5d4c,1
89525ad8b6759896fa5be71a3c77212de59a6c9d76a0fc0717f32076b6f216ba,1
b98c4ff0c66bdfb15c65fd5ab7ba6be0d0f0aeff9d9397fd064e552f22030e56,1
b9d98cb4cee48b0b661fbe875f039bfd4f547998deff9a33c326a3d32e50cfa5,1
1a8890fbf1aa74a8f6a9f9e2a049e944b9a4e58995ffdb0434848723a8fccc6a,1
2e824febec02f02d75c10ea02eee172643fa3294a0eecd1f4b70f90b9b2effdf,1
7c9c299c69ca81dbc5b5e28f9925e646235daf86803f27127e093ce3d3b0879e,1
49cce60b61b17e57e79a404e59b9ccb1b2ff9d2dd6140ffcf03335346e4cf001,1
614cba16a1596ec4bafd6256d3f94f427eeadf5ada3b4976f152409b140a6d6a,1
91d08746700931b2a14fa554695d2c69aa3942b048db9f572bcd1fa358330658,1
f7c2f4f85d7256569bf96de37b5ce76d7e182920b1ab3d445f513e438014cc62,1
73f23876ad0f0e7344d0ad8d2c2e9c15c7b65ab21a656cd1a5c57aee9aee19f2,1
d5831bb287bba3b1d0e5f8400f762015d0d6b503d67e6a8906f9d4689a5bd853,1
cef0ae648c94fbae095aff98d02f878ec1a83f234965772f7f4fe4d1de5025bf,1
a35a91f86b1a033cf4fcf31f18fd71b7d772420778abb9f8efeebb423ff97776,1
dfb90931eb5e9541f24fbe460a55173d3cf97b41be02477842e886a9664aa999,1
e08224bde687a50ec36e048b0dca4a346fb2c1725dd3e908f3d29574e24ee2cb,1
584fd265729a2cffccc36204dd0e2faf7a11a36e53a4fffb6046fea2d31a9359,1
298aa456c7fb3fd869ae431e6fe025fe9a50e7146d681f8d135e0511aa710978,1
760e8f4e79a0d2a8699d0619b50c4bd3ca23469b2377443061fc8ed552a853fa,1
8a814bdc7bc9843fd21bfb294e4042c08168cc7ca3221ef72a863a3b06e07ee7,1
e1468c3bcda587a341d69b7c10e33c21f7d92d44ec9b4936b09efc245f1d2e3d,1
a389ac1795cfd7a887ee8f69730f2d6cb6f1e47eed854f3e74e763a0806eaf30,1
8a471ed68a3226f1b8d519e76983d1ef68c381a7ee2c00d52fb202039d459e07,1
3af87cded18aeb6475feecc2c3e882392ee09a6e402e90bae7e45c77e5ddca55,1
83a927ca27440d0a90be12cff93ec91a2b520c792e4acab2846b3f512b5680a2,1
a20e673fe20d51dcbd6fe69af2cd1d4062dd2af47cc3986eecc4f50ca64c86fe,1
bc10c189dd4590ca3153e8cdc677a4d212d1dcf560048e9694787aaba5d526d8,1
627783b6ccd445fb846af4347e7d395ec651bb92fd0294f9d5e301fe09bc1e50,1
78d7c7fce58d003a5a8f071dfeb44e32694308016a597d538f8a8daf85fa26f5,1
c3ac89741cb7d7977b02a87dcfaf549bf2edcf10af485848f68545a3d999821c,1
7a6f4b6c035b9ae3127ba275ea5fe984c80c58a05d541e1a268c25b680a7634f,1
184452af8bea5509a3130e03d3194ed81b76c5cdd2e9aba33102aa886734b430,1
cb54ccfb686d2a526f1f6254aae334cb018b4f26940820c4720db78cca058dcf,1
d3decb21ab317ba349905df7784c8220e8064d3d46fb5d48a077086c6c70d083,1
8ce3ac643b5835f321b91df22cc8617a48fe0dde423cf6edc06319960749c54d,1
846a62b2d2c51a3878ca9cdfb016c9b4865f26bf092863f66dbbd68a8d010376,1
35dd47b1fde35c4eebb390d1e03e464b610f4705e60d6b3eec630e2d0a7f5b1d,1
a354a0790c56bcede0746280ed6ef4ebf27e2ed0344b339e2ad275a9ef1be3de,1
5e75f44d290e32a987bca5f807f4ccd6a1747ce9e895fa5a48f34906cbd6b3c8,1
d7fccbecc942b8627c9a69a69984731fe85d5cac5c016d91ba54405a758b67af,1
21b020b53fbecd6f34af03b56ce36fe855909a96dfff8b84a8b232ab3b417ff7,1
ea1b27d02dabc0c40c09daff52975dd47dd056ee8c48258ad78c37a8f9ff43b4,1
94f8df9acffe0a92821d84c1c881145f09043bca45a9a9b8c522dde06f2bad1f,1
fdaed2fd38a23887436d2b8e92c34a9af1890827e5fb451966f54032a296781d,1
57a0825a6695af98538b06f0efbd44ade69074fa20e0afbd9620b69742de99e0,1
642d06d2dcb2d2bdcccf857a652c854b7b66e77a0d60dfa307e46331190c02e0,1
ce9af244e0017a19889c4357a744c595507362c374f7f3f75f5c8e2d4c9577fb,1
111b30d1b647dec48a7feb408f2a704d20080438c9783c326f83239390a1aa80,1
09200022fdf308f0ee18197905c5bfe2edb558a5190870d5c24e79991023149b,1
f0778ed347b096b15eb73d420f9716c48587bc905ae1f6bc78fced87a06094ce,1
60c91f0289ac003634943638c73accf2cfc4e44daa0775a92e321c35cdf06c59,1
a16ced84c190cf85835b32cefcf462d41b77a0e060427ce91a63ce79cdd4d2d9,1
579a77e173204538694882e1742eefe69a9d3600aa20920c70eadbe3c4f66883,1
60726282a5ad1e2961c34b35ee201b9bbf47838e5114196aaf212e0f50cad38f,1
0543a0955f3be2dc5719534ea9b2a5401d611aadc609447f279b5715b4bb897d,1
0876b7f2b274c425bfe7cca63fd17d7493db9aed46ae476912c21d4d7e15171d,1
3fefd1c5991af0603e3634286a005a08d49f5184b66a6ee1d9b77b83c0e7ee87,1
67db86cb5fd7d53faca774f85ebd85b2f2efa5718695ff0dbd781aaa55f2b992,1
5386af9af14fa4ae353b95d4c128c615e0fbd785055d3209f751021bb402587c,1
a8d39143f0a88449e97ee856ee03758a11d71c8f832250deb8b277c18822c95d,1
833c4f166fc911d502cc0d24b12faa2d9fb574e3003d72bdd6061635f82e2021,1
758d3ce18e5a03f15938ed2e6af20d9cdf5b16fece9893b304d577770cb0cdd3,1
15f25cf9669949eaa5115ab5709632657079e9680d6ec86ca9739ea9bc58dc7a,1
9afbaa494a2387c7503ecdb738c1cfd5b26110aa0adac968ba40a8cb10d173b2,1
955bada95af699f2d470af38b14f077fc6572f40db2b945cbd37e0a981ea155d,1
ba8fbdadc3abefd68ae67b1922d276f5e54c2cdb05cca6d9eeaa92e639d3c9c4,1
ae36f7ef973127419fc2cd36d840607f8894f3a12a9b6df345585580042cb2f9,1
bafc3c608ab3319d4945f936807a21b32c4205895816f61268737886e3d4f617,1
b3b88f4dada84a06f0232eae994a1d01760d1985cef69b6fb5e11b4781d420ed,1
af01792727c450e07ca76b14184796efc85e1f30a11b0a01d9770e63819c6e9a,1
4cf8f82b12a2658f44b5775bc9be61209f8f23f7853b357229d2dd07b30f6878,1
e35e31fd46ac42351abf413460b29bd7a841a42176ceb18e46912f132c322439,1
fe52217dba0bb8c9d072296602e0d01b51d733f5c96c2c1b5217925f01b93c64,1
e4023a36bd9a1f350cca2166946cd944cae4749de988dff53c077d1821ed2e78,1
5ac4b1733f7386633cc8c6dd3c1bb9734451db42a5cfb87c8ce3d63175ee3298,1
49de945483b4ffe509bb5bfc4837f8ecd3d41dfc9c5c38c7bf9375062efe48b2,1
4b3edcb7e00e187ccdbc2d0a6688bea796427f347c814ca3b6d93118058c1c53,1
44d69267cd3d48f714b3c32b00563ad33ed308ea181b0e570a343076f161797b,1
caaabb9010e7c27788a6a0aa567ba009edb2111adfac6e0cc95ab84b037bc086,1
97339611ba3b88b07cbf638a9f3c12605957993b7eb88443aab452979973befd,1
eb3b5f6968d663ffba7fb53173e9c5de644e4a9adbbc7cac4073e5dfdaa91307,1
0e10edeec35c17523f4b992da5e57a793dde633ebf31ce969f44b84f1b05f938,1
1edb0fa8891af4630ff0a1ba5c7bbfc915b33238ed196242f5c74787277ce868,1
6a5ccfa40edfc67e7f3878bb38a95092615c98c5135de3be15073ed141f28d80,1
dd35a7bd4e7dbfcf43e5009bbeb6d41bb60595811407f1f2f36cbf6862669dc9,1
4f025cec87d8940405cccc8f49f1d18b820941b6a854096e5a755cab0af29e32,1
0f2fee69422bb164541c18e0eba20cd3ca0991b2836786296f55484a3bccfe59,1
594e9a33f759b6144da53e62ec663d3066f6363cb31ec0798d860b0417a5d431,1
d9cd560c707490e4f54e5e86961842ed2caf618df32c0e292627573fa0b0e12e,1
b1e80480f8297bc0d8e272d69d416fcf33a83d8f0562913afb728c0846b3b381,1
c5ed4e15a5c49933a3eee39b5f9c44eaac2ab9bd8dafd16bc29ae77c87fc8cf4,1
94bbe0b44f36ddd61b95f566d10d5925a42c6e702ecbdcec8f5d0707bfc6fe53,1
1215792aba6e72ddeebdf7400417f86c429fb50d44aae2017488e9cdada8bff8,1
3d976742e9de4f37f3f955779f74d3c1dddcf1ffc52755f7461122ac37b14788,1
5f49cdb912b26bf841fea10cc765e5bf81b60cffff3e681dc050d44206d3f24c,1
d35db341a4c4debf8d77fcf8a34bf80f2a0f7b8deb6a05f7148d36ef3220bfa2,1
c9ad44caf2d650335fe8f696daa72afa399b3f0360b41d951e13997099cba4aa,1
4b1dd56d5a4bcb704e3fe8230cbbc579fbfb9324eee0a5a54c703bbd28f51ef9,1
dedf7cefebe0e3c314eb3e139cc64ed05e0de7e4e1ba0433cc6f9e83f0f33636,1
2e3fb41ff4a1ba77b35a8484192e56427f5a14b2df333b190180fbc40727b607,1
ff6f0c2ba27b10ec429f09ad8194d0bfbde83ef50f92e2123d9e5f1ec340654f,1
39544d1793db5397aea9ba60a04ecffb4045564199f30d5ca912309470506f26,1
0a1e4e48badcb8f3cb57375523f91d9a298192228a8cc2e70aa62bc6e4da8b83,1
92eec6ac667cfbae56a344a4c5ed937eb9118f8bd84978f790ced69072ca7275,1
f5da1278e55707a59a893c8974da34f3ed8c0d01955bc2e88e29f3d03378d75c,1
7426d40c23e7fa216442e2ebf096f84fd732a4f708ec9ea63ee326d1241f5064,1
87ada629f92a020c6e43c414763d4107578c360bbd2f4cec41640e2c3cbb40f3,1
705d6b691d3ff4074575384ecc7f30fc5bec9ee539cfc64821a12bb3d9a7d3da,1
34d9e8da8f5d28606337f4982ab88f957fcc5ff3f1ed97481bfe5f01cfce5930,1
a758b375b8042e87b367e95ac2563d51f2b6d2e20c12477e21077c3b3973984d,1
bd5efaa4f7d3ed68478d68f18a6d4433680a20184a9ae7ccd037f8ebd8c673fc,1
751a554c402608bfec1c2c0b9c18dc00248cc86ed24a8e2f523debf735fe9082,1
00d3c9743484f3c1ee85314c92fd235274056cb81d036aac8d6e8e751a505d4c,1
f757933a03a650d978693208cffe8b175efc7158d99a94c7ee14a857e6d9a31c,1
92acdfcbdecd5c3e6f25c4bfb17636ca9d67dcdb38837663c7791637843f0f25,1
b658ec0cc6463bf12ce93ac5b3addf3bc556d2a41199ea391eddda59d577d2e8,1
bbbfa2730b282d631f1c9871c720408bcaf45d87a368d659d644e6c689d982cc,1
8e223117329a93cdaa15d939a8e25e086597cf1b2ef119317e7125469f03f48d,1
9844b5112ccdb69d7d2acb598be50c3d297f72cc7e069bed44704825e87d96f6,1
8fc0d3761600c55668643727594b6d9973bf1b432afcfa419b41dbd4da9d39a5,1
39076ab7a27ad1db925e38c1dbe5a77a902fddde82d72d933cd76af7805fb1f5,1
5dfc6ee059b51eb4e5a6b7e07241d6bbf5e9ae4b93ab98bbc8321a25e3c35a12,1
f3d0626167abae445ca82cfa9947a6233dc29b95d5fb5480acefb70f0f10230c,1
f834e300203eb729df34874ee70a8f28f0309c6d65df4ddceb981f3bc7f54623,1
4582109454a8137b1140abeb1febe67e0b5e1d2b9bf262f0cff1a6a8a12381a8,1
60c8da835404b094766495fcf9ca6e8b7127bc9db4a3c948acded1f50b78737d,1
f2bd077a013a389c4f41e82bfc0643d7735fe3d8fd0313458649b888379aacef,1
aa5fd02f0a2cd37c8619c366f940012ff05785ae6dbffd4a1818ae98a5aad682,1
f9752fdd441a54d288c41e559e758d5bd583ed5013fe7148f64f04a9d9a3d7e5,1
cd61f50b025f7df17d80e69378a273f7c36954dd3609952c355bd7974f2160fa,1
17c97c0675fb99e7d9b5cf9103921f9c536fae9e972c1b60794483fb9ff35bc8,1
3237d02286ac29ec74024fc539c7e58ef480540a4ebb55ef33ba96a3b47fdbfa,1
003e99ff079c848cb9659ef66766ccca813c4e80f2b96954594e921e694301c3,1
a888210937705c88852451c0f52148a5b1a0b22657ee3f00593b64a00f0f4cec,1
3ca863d3798ba4890d85f2e207184c03e84bf2ccfebd0db9212f401963a96ba8,1
ebb2c5c17a9880c0555f07f03b0af257500b3cf7c88e966d76a3a13b78c91d53,1
9c44e059ebae72def047bc052e8325c9510c3509b3a8628d5c02dbaa53289982,1
b9cbf1343e479268287625089f6fa2d42662006bb704927522d53333b6410c81,1
3232f8722dc1e639ee62a5a2dd5ef15a31ac3181deff71f3c7adf7e1254c0bac,1
909dbf4ddf1fad9c5e37d7ad1b5d951e9d2b40befcbdd96f20c9fb4232dcc127,1
4588a601ca5ca19b92ad2b3375bcc9623cc613bbdc18b9f1fa1a5f02b3962646,1
ee12552fa733f34c91e4da8fa8cb4d822a5e794d7421d1b5cef92ccffaad12f5,1
6701ef5bf59d7ab67c3d174b928aae4218499385067e776eb0f64b0063ea6953,1
283f1496851d3c3341091e8246248efc8ca4a8bba8b8d48405819efdaeeadbb3,1
03a82f5f606e0aeb298780223c2c3808a1fe0770ddd9c73e0e35fd6f2685a70c,1
c002265317b30154d5cfc7f5e8a139892beef62dfc06d52f233925f72f6116da,1
cce150f7cd4d07561e15b6f5e21a053fb0cff6e022f5d53fa7232e4e449bf3de,1
a59920e6582d636e770b14ea9a9dbe7134598b65ef751b96360558c0c4364d2e,1
bfe91414c953cf4b4714ccded1c62cd64f7e8041d529f2a23d7ae7a414ab442c,1
746d26a5f822d5eaf90e7cdbdfabd99da1e97bfc39eed2d9fcae008530d951cd,1
0256756616265d693c85238e3d73de7421d06cdefa1e52b0f0a307fd5ff7f148,1
b546e95e4cb4175dc495086a52bd937ca09eca52886bc0245eaa59cbbbf7d805,1
6e46cca694b1d780e10332f381d7c822481faa39b45bfb933278684de95eaf73,1
025c00936a62d685cc65e7a1f6625c30c18b996baa065c4dd1a0d01b84304c24,1
8c616a8594ff33d431f2c207ff326f26400804b3253ffdf4cad4274d7f64bfd2,1
de15abec835581b62014d6683f7673ceb7c43f0d2fe4ae43fe086d0be270a567,1
fa6efd091b9dd30100b72073cda044fcdbd4346e9840a92f1d342b38151b39e5,1
6396e6185d83e7a92eea9df568322c47456f03da18bb49c764361c58578891b6,1
0243d4e14cfdfe90eaee69f54e8f0914fa7947e534426bb38eeeb717687fd9f5,1
22d6d9895bb85da5ab4f972e6de0588df6f195b8187ff754c931f4b2433a5b99,1
3fd47a84497d2fff8b455735e6dc173c7c6e761ab651376531a0c6b570a4af7c,1
7f08b4dc379842e47cad4dcb351d5f72fa6500883e23420c2bb2b37c41b11e78,1
d219f931ef822eeb1ea4d9eed3247ebe1b531b95aea5741420a59e0a93287da9,1
04e3cfd4432cc29bb420e35b4b7af4d407a93797a08cd2cd377ed54591d195c5,1
0ca6e5ed02a6061f8e7f2b0e60b61a03fb53f99f7a8b48f6c3813a2990f9d56c,1
0be587e281b6565dcfa7d748e8066d979a80cd412e28563f613591d83df95d0a,1
fe9f959b3748717905723d930d9c75f16415e20ec45e8054d44c6e7fb8faf420,1
13e90ccab924d32c58fdaabef788bb0bbe1e7f12f65c87f5c26294c1fddfd948,1
5f52226f612f8a22cc9aa1c22c97fb2def7da1411cfb4dc2c688b90d1957084d,1
2d9833b22acca67885d92161efc4734b4453951c1c6f6797946de8a4235eecdd,1
211ecbe26341cdc723c5bbe8f060b5fff30edcb77e50fd3b10b71ae5f0cd822b,1
4f71546feab2bf4e812032a0d0a0b3a8155e5ac317b6b5c4587aef9805f8cfc9,1
8491ec57d1fa8f826597d10895cb110f0d9efdc16382e97245bde9993f13d429,1
0cdf3221b92c9697def39533af20aabf0eb0579ca0be3978c0ac52cdaf0c8244,1
35ed69a837a1b5ca55c9accdd205e37ca1d768362cf21fce45efaf0a27e7f1c2,1
b7ede1d8ef30ddeb7487b0b72d070d9e04710c3fdfc66eea6840f71b9acc4c90,1
462d45dbc9efb99255fb9c40cfa95b9a918ea3aa97f708692b583e29e1e0f04c,1
ce257feb37c6c77a99a7390783161916954035bf51610dd84e4e463379319698,1
79827f26ad8f1ebbba9f59004179f1f91394c478a00dfe91b5ed3f33f13e637f,1
5b810b745e6a77a0956053d21ad0011af4815f68a63b4867afba6924060dd3d3,1
f0d2f4880bc9d7eef5088f024daec9675d7633a59a825f1375b262e61263af68,1
8fd8f68ad569209790cddaddb4d582a6774fcbd15a137d64126907c6c69c62ee,1
e53be8362751472fc726af5218f57c3a26a7d2da826d7f4d09c0cc68f07b11bf,1
6401ccc4ff0ab46c1bf883d46f89a5f5097c4e75ae4f4e9827b2d38d7828b315,1
93e0cd4e15219cd7d0083297874f63862989cc3f6d8129f2cc82b98ea170399a,1
03a9d76e934fcbe79a4710c367ab0b636b9217b869d677e455aef0014fad6aeb,1
625c650b312a771682fd84f8c651fa00d13001ef80d1f054ad99c421194f2f90,1
584320ca38d7fdcff59791ea1be64f913ca2ee5430ad7634e49e00922e5c673a,1
371d757cfd2d15557dfa1c14d41c890e07d7182830e2c3929d2e2c29279b0a1b,1
ad48990790025949bcc30adaa0179b6dc855a8d2185d2016d8b52687fe203481,1
49a714049770a7db1ef6a4c25441b29c1385fcec76078e919955e368f5e47c8b,1
3b3777959dbb7783b6d39af3fcab4ab196142f1e20038a95973bf5d5ce81fd21,1
cbd73eebde26a7e28a906f47c7ac2466ab32a6c8c83d79cdaaa5cdd04660cb11,1
5c55dbc6f92c53520bead6e3bdcd95e464c28969d4ab92a64d7bec8291e3191d,1
879a5e88709abfcb2cc117c7d69618c69baca1e279cd80610b4b272d634b8607,1
65e53ba65ee2542c19a517fe46c86d0f25adc02bc9bec888c9461eb60e4df648,1
ee052723e200170b0b488afa80b390e6be21dff09a57a1cd01cdd0f5d560540e,1
61bd0944528d467eb249b56b1a207217372d3e28cdcdbe19b089b0175df156dd,1
9872f8551c5fcfbf9160a4aad949362bfa922cf21ddfc9f2f6e96067bea8da1e,1
394ca7f4c27e7e4dc499f06dfdffb127842cf4669039eaea4a00014075a1c981,1
ee1079d5b8c3d49bffc5adb74653e378e0205577b45d1ffd0beb5dfa00f2b1b4,1
97905963da604150e9e6f1f778fdeeff1ca4f386cc8135b0070249bef5e208ac,1
398edb43bb05dd558e06f9db140a6ce54434ca858bb56fb264c33f2983c52f87,1
078213e57b09744d3f7b54b106a650cf4b22f932c26fabcc439b89fa250f1686,1
6750008b8d48135f65feab6b27ffe19c7d98a2ce166c0ac6e794b99fd4fd74df,1
1890adfa62afa7278dc37bf7d25ac1c44e3a60ad9baa6cace77417fb14dff74f,1
3c3ecee6f9462cd69f0cfc4020de8dc923fc130ac673f8fb04c3c8dbb4d22044,1
1ed675163bba31dbb76f187b4368832d275aa3c2e01612944f9df81c0920a4ca,1
98f5d9cb0bc258ebbf81cdaa9fd7f1b40c6d21059d461a430ef07aa33a359b1e,1
abf394a454461c8fde80895708d9e27ffe1d93b5818fd197c3b921053ecc93c0,1
8f3404a42ccc409b6850fc9336fdbbc8e6f7db7a59a5fbdc15ecd82f0b8e4cdf,1
d22d1726d5282e899109d09928f8cb778aa809fffae9b9bc235f77596950b202,1
3932d68582ed84f6b2e5e39f8eafbb64ffef2764b050b0505fa416db2a83c70f,1
b751d9cc4d52d64713ad3880341b3dfaa09ebe994bfd64d11ba0cd862fd93a8f,1
5d2b192277bc457bcf53be3c61dd0b163960fa797b1fd088aaa754fc77f45994,1
56bfd3fda67d16eb7566e8f0bf346328f6ad64f1026cddadd18475ab4f58edc2,1
a7116effd349e10bd7e730965f4b74d2595181e86853239804e3adc87bcbfe87,1
a3bf0e014a070c19e4b9a7b519034595dcaae3b86bb634239da5a338e5824f12,1
b6cdb66e92d88046a60ae634cd523205d625218094d11f6c7e4f29a019583c77,1
18ebe77a15391dcfc4b67594877d5927cd166e47e2782386f10946f26bb81fc6,1
20e91cbfe7254d27dfb75913947e3b9b4f2dddf798b8982f86ebe6dd4edbbe71,1
63586432361eec9f7d5f5bb2480da44ca8b4a2b535829083780558a8ab81650e,1
c2e790f91215097c620360dae59758ee40b98fcc52419601df731deb11b8a36d,1
55e2da968fd3c457363687bfd267e5b66b298c591e247e6343cced3f09e21b06,1
dd63bfbb7ce1e9a57b7040d95f758d8c6a0cfed3988bd13012ff693273390005,1
06576151f226897d7d4b8b9a0ecb04b374b4fa7e8aa5ab2cf466089824d82873,1
d5508a658402308e0883efadca9659af085f0783f01eb68bc99e3decc3d60153,1
a28b32212e0a386559851d0de1a3a31aeb096e87ac749c78f439882c32151505,1
ad97f02af5b9a0a043719f0dd429de2b969d4ff9f882015cae02011c9462ed50,1
607e01363ddfcac59b08e8ff3ce422a8c94eddc5637b45a3fe81f41b88d67469,1
5473006678c4ed1f8aa3235751cb0b95e5ce4a7d9ab5974a36a64e2bfe41b694,1
02d70e6c0c6d854c85aa1321cc71a4e04f842573cd693f537767ec1ac2a1fa55,1
9539e9414aec7378ce86a794b782dab158f1da179ef2a51493bcdb6c4131b54f,1
96cb22ab06cdbd7ad096a7d47caae46228cf324951f8c2f9f2571e3483d96604,1
e3837b825fc3865d89f73ce4ea5014060f890bcf69c4d2559c05ef9e357e702c,1
42206aab869863eaca3056cdb1d2bcd57f2c45ab08203a57d0bcbff24cb7f8c1,1
d02a3aceb7def38ba7eea4344c0c605396fa6339439af71a867a0b81f491a54c,1
5ea31ac09e7904f85ad9c4c7e12b59dc1448189d8a17864cec9ac907ca31767f,1
2991f93cb31f7abf5877549ef8883f6bdb8d2590767feba4df03f286be91f8db,1
54336d41d06c1c8a7bf0190cc3e9d330476b9de88c27b7e49f457bc02a57f6f4,1
3cb801038f229299fa1be31c34072405580408ebd88ed78bf0a855c173bb066f,1
28ef5e61f048ebd11f20db0ec6c1f8908ff8fb29fcbf0bc1db24fc6a29837789,1
9b7690e2c0352bd0ae2bfb7910b2e950e1dd897dd75665a1fe02991feb1c7d0c,1
6b189e61e68064e3177d78d6374b9d453b83f11c85215fecec5f0b34c56a29bc,1
0a11df889302ccbadba20eb35d0a43a1298b82710df17308f73a5d3e9b923963,1
5c894b2c7eff0e0ab7c2ae5a5d8a9efafac2ac5534caca242d2ec710f9434eb5,1
fc6eb979ac10d6fdd6153afb2206e6d73002d738bea99edfa0694e5f70715874,1
6f5a58faab4c472ce3b9b109c19e0bb0f8d791d69d781bbed5042a757c199ec0,1
b1038c9ce5e0f1142c22d219a8dc85a098794df86675fc918227fc0c1312e519,1
2e9041a4ee7f45ba0e79f0c7a9f6d6946716eab5b6d1de056da27c0b59cb0cd5,1
627e9c6fd3e06f7d13413cf5690c8700dcead253f29cb2e4bb0eb639ec0b83ea,1
b5f8576189682489ebb98c744233bc210694742d0d187e9ef5fda004e6a0b268,1
a55e4fd74ebe8cc70a824699091fb7fe0da286f716b7e0b3f6c1c8202898c1e9,1
21815e86bef3bc875d2248ddcbbd15cc140f59b0472532bb725467ed8f54c997,1
19bf00404fb6440b9b2ea983f008992b2471041f51d9fc61969c36aca0711771,1
a3fb212d923d7471f163d6ec7ef4b5f6c3f2ab3b26b42586d4a94f19e4867cc8,1
c11aca921a13968ccfa5245032f33f0986ffb862e01f048d25ad8010a6773f78,1
c5e3188bfed5c6a9ac4858b72c2b765f575101b56d24f7842b94886ed9b9de06,1
33548c8527201c0c1677a25acab4ff7fe4824bff815b4547e655e6a822addaf1,1
b84e21e40af6b2309f7184cd635f3784940ce87f5f424feaf04bc4ede130eeb9,1
0383b7422d838c3956cc4aeb82e7213b6b7f9a4dfcac8272ed7a774560467167,1
4c8947cb19e232dbe946375f8a518b306e35b1471b579bac1abd232dc0f2e5ca,1
10506f61de6d7168eea1c3e9fd9117daf5e672e8a55539fc8aaa76844eb85676,1
d811b4b46323aa49ca14acd7d23ba7b59dd47b2c8d12350f8ed9d3af7b8095c6,1
fd2da08cbaa073fa750ba0a6a0624666546fcbdca5eb08aecc15b5c48a454297,1
f1da55f9314601788c485908a77d6bdaa1626386dea867b8ae0aa95075ecc748,1
444a770a857ee9d9bdf842dc74b7ea4cfec277c227060a2e8b22d934d5ab51b0,1
1a51cb8484db76d54a11f8dc6fecb28bb8a58f99ad55eb74390864f47c03c08a,1
1d188388c3b117865d208cb0fb52720b20d3286fad65f7edcfd3464c846ff5af,1
6aa8e0a1e206722ad3272e67dcaefe7e0cf9bcc4ecda62a25e9cd4ffc74998db,1
3f1bb15d61f2d9207e2cafb076db02c8752750d48c5dbabf6a6873066f605e5b,1
b0061b452c3fe6189b4988219d4e86288875c0d43e685c718953f536d51ddc2d,1
455fa3de3d981b679ac696315b9e4094b5fa47e0ccfe11a3f15f0675a45a947d,1
4fa63fd3300b4c80e9ffe4f58c3962083166ee027a257e7f26a854612a679b41,1
4564f03fbb141f8181fe0d596d2bf700afdd8ae9735d5dcdd2564ccd65818ff1,1
e5483af4aff054b9e9d6c2f4200f58b52cab0ad6b508348015b30306f8ab94d5,1
559fbdcac1b339da9ed577a169bc74ada95b6e32c7293618e724c5d58ae7b58f,1
2207f6687a883939eb8f5eb18a5ef5f0050e80f82ed2c1f13503026df7f9c570,1
072640dd444c319b717cfdb97fab9926e637a197be92cb5e38031b29c156b78f,1
9000901475ab82f6e4c1e03e0b982c829060e87e014e4c0775b71b9114a6af1a,1
70dadd74914dc9793069efb6d5669d06acf9bcec7acf8036e43342ad7e96f36b,1
462aba3fda7957b916ca849f8970744aa6eda32a7e4eea6f634c601d090bc4d9,1
b3783837e5fb15304b5c3f67b2617ad80ccab378b8e2bc29a17ab729a679d597,1
1a735d6a5bd600299fa1b0503a38628eae5051fdddecffac3706aad022457dab,1
f1e0b017285d2ac9b43590fa566dc39f20656f4e9f405c7d351d29e1dca72a77,1
f5506cfba0b0748b50b6eb5792d707637771c78b0e6be545793b77cdaee263a4,1
c2216e1a366c9a6e0902dd58da5d0a33984bf1316dc0582c6d3ce7e09657d52e,1
97c555d2ce774df6167cf6a78a1a635de7d0d2fe38a486e7379b8c4c8c2c7548,1
5c322767964cce7cedef442e3d6ffe11643bc074a9231ebb31358bbb8ef2abab,1
030b15f674364b766486e78a8268fe122429f7c0f5e88b71c67949bef01abe81,1
33a63559d25fa7c028f05e36df7a93ce0b6d69a9f8fcc4a67957a7e1fc902b38,1
cf63353a219067923a548bada89ae995b7517dc0a123205cb8403f79701eec54,1
0c0c49295a7b846e76e62bd8094f598897244aab08ecfc9f5a97f5b1529e30ff,1
865735d623ccb0b749822cea401a3cd7eeae23b9ec2bf50fe08b2b85b9b6123d,1
ebe8399a0789a9e39c32765b39fe85a72323cd31db686e89ca14c189d003c479,1
f6a2964412c51b160ac0016fabee0894abb7da0996f30121c2f7f509b7c7cbf7,1
92332834cf0a7899001ee83d37d82aa018900f50003c0ee82a084d3a18ae4120,1
a5f6448e60a9df003c5d26231b72c92666c465ec7e4e2eb85534e5190bd66af0,1
085e23ff999a161ff447c5735687f28e5f0ec9dde58d4514457b716e1fe775a4,1
cd19eb426467f21878bcd1371491c62532b2cfbcf8b8159ff97b2b10ae249cb5,1
4aee4cfae3e6c39c1d31f1e7e28824a9e075cda0b48c68c9c365c3c6f42c9a53,1
3b6998ab1c063a3e27e5dd7d17fd95e424f0102e572a651bea6cc44b1ca5c033,1
2404036bf9179d79445d4d501e9f7e090197cecc0e0cdeac0709b70dfac48fad,1
b80a13ee1c6c8e1c7aac8c7a4fbc2cedc97dcbc39f82625f8652f9fa0c6a0534,1
dc00883f53e2c62dbf97bd6316b2538ae7671ee60dbb3cec6af9fbcc544835fe,1
706fc8a279c370ac90eac2995ac5c00a6a5554698589da2e447babd32ef8cdab,1
3456ccfa9d539d4cbabb82349dab1be059fbf7200a011868e688ac53788dde7a,1
a9d71500feec0313c67a3a3ab88cb3ddfa69a8e286ffeca60bfaa9937537fcac,1
0d7abb7248737abfca51f9e1f45484db4a40582796cff4bcf85cdc8a98c1cdba,1
b6c194d26d5605de23bb5a2c2987f6f3cb082991c90bc3866beada4bb63dcf2b,1
223040df05b57bb3b76a7ffe8d273ce68da437f8c37fea220d56d849efee08d0,1
af463f9de6cf7516ac265a7595875118c41f776bb39fdb883fddfb25fa341212,1
24862d0e2990db8dd61fbec3e9e9064007a579c85f6601469d1201456160900c,1
b643b42eb14868e17d4deafd134206bf7d462727014dbecaa4e4bc515ec9f952,1
e0722805dbccbe5c9112764495217b1209e144560aa2bec3db88bb8422685f70,1
4c50ddfe06c552601cb575fe5425597a0796584854358d3d99c0cedd3ed192b4,1
a45980e2f16fe70199916ddbac1dd679e27399a346f79e9c9f675f0f01da9a48,1
2f819dea3fe652e152085da086d7ba9eb2c79c90c705d2ebf21d582918750517,1
3ed4ce826c2d70f3ef11c26c772be1bd63111f0d38d9d693c07691ec9d04d922,1
564537c717879712d10c9cb660544749aeb4a747b6128a6be06bb539b6f280f7,1
8b561bf516b7f87a5da27877a7b0c34d30e61a80a3fa1a65d9434046749657eb,1
177c06f0ac0648e8b87c034044cd9f19e968cd25d1ad7bccb7bdd77c61b6a8df,1
9b807cdf83f6cc4da63f48c6c5048e224602d505f835a0d2485c6b71b0524268,1
678691af1d9bb84f822e85c304c5f86bc458b4539ea926f2926262adcec528b8,1
aad8db1e2afa101afc1251a616634cfcdc5bd893b0fefb7887eb384f2b4a588f,1
a462740e3d594094bf56ff6c2f96392eb672e55a348eb8063e3f3ce17b35270f,1
c58ca6130272a97153ecc44537e3f9217228c01d891312e7553bb33fc66f89dc,1
12c24344ddc0324e60b955a410a1ae05a421b5debd1e76e7b230498f621aac7b,1
84f5d2c6d78f813f02d403e0cfd78e9124630333deaf2b804d88a0d18795a083,1
d6504a973ccf0b694ff09f21893110008248dbcd215ec63efd02d314473e5ed8,1
bfe3c69033db71ce9aa413f400be758edf86a892d486c2d3bc70ab3c24e7f798,1
47bcdff3df0e50cbb2ff559e438f9d112e5516a9b1d128c48d381a8ab9038e89,1
b8c96b62b5c2890a383ae8dad1acd39119bdb7d3b313bf39b975e69cdfe74e41,1
6ce9cb1bbc3f323b3b5fa307d0fb4cb8f74038254902178618b1c85979cd0f73,1
87311ba76e568346e1834d0b612b59027d476af02e1bbb0dcaec101f8e3f2905,1
e418d261de1aae39280a6e943925d928ba3ee8053f448a8e1cf373c479480c18,1
76632e357a108aceca7dd88ff4ca6861c23115c7527c15f9478abb05df395e46,1
8b42555de4cc97d1656c31f04062f0274b17bbc536367758ba68ce2c17d4c4e8,1
dd569d8ce465721951c44e6eada2a8d863d87f28af3bc7ca098bd5b98c8cb476,1
716e4eda7bf9d2f527f10d4f50ffface8ec8d52d1ed3e0642c6f9c2074eddc50,1
43d1538dad9f97d3088d849db357c80a3deb5e805536b41662dee9a629daf68a,1
98d466dd2385872b902b6c00d00701f60a2a0e72ecd87add6576c5d2cacfe516,1
163bb39beda4d3f65ac882d47823cd59bc51ba6ac5e5a30687bdae04d975f75a,1
f9b12e2de0870a9f07ac262e5b4b71e7b2bacc408f5763655b6a797410b44a3b,1
aed208fcfe5c51ae9f871a3e427a1426410f46752434e41be8e6a912b6b1193a,1
930cd38588b88d0faf0dfea8350ba20309ce9dc1f69b9f1c9e9e21679fe865ad,1
dac1eaba5912c95e270178117746a12056488f2f2bf6972d45d2d8c3b256c40d,1
e11ae9192c4a5901153c22c3076042f14b40e7970d836484fbbd456d4e59c454,1
80743a0ccaba76f3db1840be143aab611bec0bcabdf4a8b6ad509339376d72a2,1
660cb3027797d2a7099ef33e4e60bdfedb6343488abdcc305c8784615331ba9b,1
d8ffeec374589c58e526c289f2410e96072e8740a7e4a033937ace0d9f193862,1
0a6d537d0dd534d513c64cd61899666fffe71ce3e36d4cdbb38e3d0bb41c21dd,1
88deb8ab2197fc669fe8a06a22c81f089cb6256b204feaf5423b700a2d076e0e,1
5824a54aaf2fa55605bee11b6c7a4923c576131f61f8448fce78ef397c8faef7,1
2a9f9e1796b7a2e0b8eb8b14bb2926911749729ea5419730476ae45e7cb0b8c4,1
099cfc434ec4cc30922cbfc958f35d7984394aa3d57cf242a4822322b6badbbb,1
5e4bb5af73aab6c5a83796f768852d0b72d6c0e33033b161d239f1e2d239e833,1
a41a2e5fb1eb40ea678ff5ffce2b39cd8b7cae51de478eef7ef8e035ec4dbce8,1
ad889eb9da14bd079ea7777c9f33a4b72ec2de70dd6a51919066ac0c38cc889d,1
aaea319bdb2566d2f8fc67c3e9b9e1d902f6bc921a905548e9d7a7ec4517668c,1
9175dd202faed00617912886a2560c3b1ead8d57fbe503f08c699efb5d99ad12,1
b9f2d1628b97d63639aa81721485f12712cfe22bf9233ba340b6b39f87ac96cc,1
e88d4f929ce538608f2fe4aca633b178cb056cfa806fb9cf4329e7895eec2303,1
989428859e38d53ddc3870359a7ab628b5a31341354361f505c5a62edec6fa75,1
46fb46102d3198c9bbcbf7550407c9db376f1965cfd87ed40836837b32d2c636,1
56415fcb7dac3f4ae997ecfef910ef21dd56ab7132aa76ad56e46dc542d8c386,1
8daf9709f33f120e2be4d4fcf85bdcf0a079c3f60c940ce145e66b3374ba92d5,1
ff4838f3a05c592e9076af03e144480a41f989129b9eb14bd41607bffb195378,1
2f7fd662b13134a2b685f029882d5aa678a35806f6a12f9591b5aa9a272eb7b3,1
26ef194a857762b5c3fbe1d4cc0ba32485fe1b232cfa3f614c07b7277920be1f,1
c750d40c2590ac4a532f38295f4a26f8bee4628fbd45a583371d006c2e1ed77f,1
2c0132e7d1cdc6aa0a09ea62a55ae60befac076b683a66989a96f25ca7cc3c47,1
97b6cc02448a73b55dafbc7189626aeff00241dba4a4e7ba92abb3137a7c0429,1
7f64f25083199160f86489c1d6dedc09955bc15143bd3fceeca32b8ce88ac658,1
4c49fb71cdc22ab43a30d6c891199e46db38d70c3eb51b8d1199234901b5d906,1
b2351ff1b409f3928eb0b7da4e06770342d450403c938e96749c6985a894bc9e,1
f5129e207a166b328069fe0b5c2370097e8b0542fb54fd65cf78ee27071cca49,1
a41cb887ee1c29d9337938296df6a093c171e6f7153b124c4799aefd00a31994,1
b4048d5a0208b333332f39e15b653cb1175592272d4f7b9a2fb709cd953cf0c1,1
18549d8d64e0567758790d848eea652b05a86db35855083d8e58faf416fcc18c,1
0f2a90b4b02c68552a657ad0d7dcae98638a01fd55b592f08fefc0ff7439cac0,1
1acfcb6b57d56c88c60af4a14f0233a29ea17098d26a1f5c71b5186374e37c3d,1
4feb14795a985593958acc0e36e893fa6dd46671b203c93de033fab9112d5f24,1
87fad69ce66d41f784dee1f3f46668fde4442e22908c6c1bfcfb8e78c5cb0969,1
d47e1d24f4b63f1c2af6d74af2b5f14b793e0eebc4a53276538e39107dc95f8a,1
81f214ca82031241cbb0c8e6d90ad970120298f1cff203d203a81b8c4b9e7d73,1
7235e26635a63a4aac1cb8f815b787a1d368ab85e9ae65a8a1db68dd6963d938,1
db2f22b1cef2d641d85add40a641ccdc1c0c8974fd79b8e1f14b6ff804fe948c,1
2077889ff0903c8ac8dc132235e9303c1752009e51213974931a103ea58a7362,1
525fd5ff7b70bde6d29c191f260a58c73f4756bf062b9e28789c0fa6c2d445c4,1
2310ab57bd5ecbd6d07491cf06b9e3aa4686808953c8f16363c462a51fcd2cda,1
8b68049dab4bfe557cc08569ce41356024268376e9758dbbeea23b001a3a5fac,1
4e843c165bed68774882fa7b104fc3d96fe2da1a0647aa1eaec78fcf55abda3b,1
e1f39ec99aa6a8a0ff71b29d6d3d4c8e0a11ea38b53a95289692adb68d37d923,1
661571d916abcb531194ae47fbaeddb00b41dca1bc2c2886881ff2588d3a97cd,1
fa06f80354e92b6fdc26318d5afe341189895421b176c41872eb7d49a0e4df95,1
5f8633520ba35c32a5a7d177d2317af6ebc7cbd3450b735ced701c8ae02a6532,1
87c2359d9b13dc0c1ed3f0edc91adaf3a0176ef1a41b150ba81909bd8f82428c,1
6b64450ea4775ffd78f4dd86b8fdd9797ee993e9673d66c772fda5876d46871a,1
da39de269f65a89059bb5050ad432b590dc9b72fbc855dd8f1a8cb96877a6668,1
c21e19eaf968ed82c820ebf9380ba1f6a7fc1720ca9d55f82308446bd1458cbc,1
c75e2bfba17a320f5aaf22ded23db7aa839910ba5677932b43e83c5ec2a28d86,1
96bdbc36a97bfee648d12ac6d5b70022f60b4a548c5dca60008b71f5f240c778,1
071c95f864ab2adc10705b99a853194e9eae94090466de005e59526c4e8508ad,1
1dbe334e45f654fc1461542156642d8c3ccdef6562c0e4999f3e9388ee851950,1
dd619a920df9a823e2be8b0cef6d4920b163b47a9711289d11fa7d7cc88fd724,1
249af80363f39e3757d1973f2599839ce6bd82ff16098cac379b8057c8722e96,1
006f16603d89336757d5f58036b123243efd19a3ab22bdbf6c73a858d3f821ca,1
778932860b259e795f99fcb199598730ad427f542d464d91a207e60acfccb38a,1
81299cdf5d4ae5e4d55cfdf204a4f109c4f9ff6139475a1f759003fb9a371063,1
71bf9f861cf456da315036f9f9154bdac241bf9fdaa8372102c78948bbda0676,1
ba772f42888a372e7b5493289a078baa9f93fd30b02bb3f0a9069570b558a19e,1
b7feedec703a42c1ef085a82cecceebd39cce8a315d817bcd0d26c91dc09e1c6,1
09044d83cd25c8440e5ae9e2e598fa3623d1742f2b0f77e477b79f94688616a7,1
bd807fcac810764639b864a5a55250d9d9c20bcfea4857f920b93094f18a2c46,1
3c858a449332b41d6d02ee8aa2944b285ab4c8928dfe7a793279ef7ba576fa22,1
068cc927104de71f6ecaa18418a080538e698649a6f4e0329ab81f9613d9dd1e,1
be8f7e34b6d07f48ad75223527c1e47b1f904d7d11ccf2d4e919427275df3a7a,1
95fc76022a94ef68a9f3a6fc8e8bca2bf33e7c7159a1226bdf3df95bfc9d8104,1
3062e6a107a4ea48d4f5c62dbdd78ead376faf76d78dade9a3be24f27cf2c95c,1
df240d5a01c3792592cefe90007a48c41c97627dc80daefaec727b95b8d4fc31,1
8f64f77aff72f611ffb524d43b52a466ddd8e99f8b7db8b2e61574b8a7ed2ffc,1
3ad5e831c026e19195c9e7f18d72d3e2398e44d16258dd8a5f73b991f3145463,1
64355559b6bceab8c5f9c93d5ad0acf710b0d46242bf800d5c218a945437be9a,1
92f20415617896275e4333f5c451887ca7828d70e34fd965d57c4e58b13e8375,1
8f475bb5b0d73f0f5467b5a3da94c0229b63eb6797e56d4735378047f42dc9a8,1
75962a420000c77ca5ed3da968da9fe10601260b04cb97c81611fe5b5239805a,1
5196a4bf7d564b0fffd83c77f1f3ff25a4b5689ff82ffdb87d7dc17c5ed0904b,1
22816691b8d4bcfa3bd439dd90ee7b85a738c42452979372d5f331b9171b2e8f,1
b04be735a9d4ddaa613df3c667e2c30de684177fe9047b518e64ceca41e32adf,1
6a220934663421f60f41d96049f3d663b09bae3164b2ba00f8d330bf02641ad8,1
8f5297237e59e7c891bcabaa818304bafe0638824f32bf044ddd7df31b1d8769,1
ab15d66728eef3f9228d9f35d84378018f026d4a65bc4df61cafb8276d5339b1,1
7c7331e2d7e3de0bc54ac665ed8e6d54662c459293ff5f7dc59d29165f5fbee1,1
c0b740977d56de5f9fc2d10c4987854fb2998183f036f7c4392d92b23df5f0d1,1
8564673e4dcef511a1204c800a4d5228772a5082fd31f7788bcae0c4060fd45b,1
d52d21c8111c91f0ecb54fd2ae457e53657912a49e600f7331ecedf80cb5d1f3,1
1deb95305c9d1cfcbd2cd1b9f0a4157bf5ebcf1aac8e9a943f85cb511390c35b,1
3669fbd372a54b372b0bcef5b52f0e11de26809ab63bc75d376d15dba35d42a2,1
24708fd9f5a47e5ee8376f8bffa2b4951f083a6a71ababa49ace9dd35649ecea,1
1cb247927a05c3f047149711d5273556f363eb2ff64511aa5725d39cd1993a92,1
bf6b3cc5886c22634a4ccac4db11c40973430adc1b1329fbb4301752977d71f5,1
6c1bfa9674c60eaaf5587623da2be8f9db4febd87060572220520f93cb127a40,1
4d9f1fca1970538631f062bac7de950a1d97d9624d2b5080144004a01aa73863,1
e2771f2f53ec6f27505697bbc9624ea19a0e6dfb7d71d63eacde9682e1c54528,1
c20062fe72cc3d695544fa3b7ee0ee4c858362d2864f81fa32bc48feca7cccac,1
bf41982523f5bd46ccfcc9666fe6f205c228afb430e329ba6bc3549fcb55c806,1
1267aab501b39bae7b385c1879db7aaf79757de03a25df6bc914ed4b3b9791b0,1
8fcd57e46d245ae5d1669fab7347e7dbdb04b2575e16e65b2b8e2d375d53c5e9,1
e50e29403b6b38a24c64355b3e2754f69ca713272e56fe3763e2231b2a66f4dd,1
6309bb36403a5aa7a9126ae2a317cbf3cb3f63b39c1e35be48e2108f3118036a,1
6ac91227334a8306194b766b901f198c90048d9dd21b3852356a4a57cb13c568,1
91ef885ab54c6e1ab8311ad6ba0d2f6f2978aa512a2b44dc9279af457466d557,1
76a0e93d1c19840cda1b50d323fab156e0cd01dc013a228e4dff49777f5d8b54,1
89f982f4b3f290c106bdd8a9b80f9cd66c3dd79a6c1ad0a655f96baf0926c457,1
8af413a650eb2b65b048273b4cccea72a64fa42841c9869fd79660e506d4f532,1
cfc788a4a536504e6e759825eaa0f8c3c6f51e869b46c6fde74b8b1bad321baf,1
8de6d61d626271b0be6bac7a42b5b10f4a9df4eac68f3db96eba96dac309e562,1
cc5ed66760d86ee73d03f5d6ce041221b2af10c7b31b9cb86217325d86881e66,1
1cc88088983cdf64d2e69e073336d24286de8efa227034efdbe293fa184b9f97,1
d7d27d8fb5485d607db064ac67d55e36bdbba01d8af4a23f76f11843d6e1fd12,1
39ad39eabb2c456ae2ed84cd92c9545ea44ce4cbb8fd7d2e1137461a78cb5f9c,1
e7c9691352ba9fc6ae5a92c818c25ca5ed03837779d58bc45d694fc6c209320e,1
d2edef32931e2a981449d612b3267259dd175f937ecaf82cd805a4acf8193e1f,1
de53ef252e97fa627925f15643e05eb5f33dbac9726e77a51ab6a5de1f491747,1
8b0bf8d73001e51a194c323b3a19676721fb957258f4ce2c2dd5a64f959fb3cb,1
61a31fa9ed5df5ebf71b0d66322820e10c43fcfe83d2a3a3ab74c0ea7e5a6aa8,1
35b1ffce1ffc353ca9e36a29a2ce10f4dfd7ead2559aad42a185eccbb5fff518,1
118cf76f4d4e0d8151c503fa943c1ef465edc6f234196ec6094e39f6a055391b,1
a8c0fbe9b5470337b0e75c0f4af5e868b89e8d87a30838ce543c0b59580b700f,1
96b61a56de506c2a35d420a0e69ebd0a1a42fc4fd042c14a2c5df158264c5d22,1
486aca5f4add7fc818eab20598cac2e9f954817bb8d49fd126c05dc507e2f192,1
1e2cfd686dff156e61acd217b2afd0c0d26845b8946c0d8a7e203b646ce176a0,1
22270ccf5b727ef84f27cbe9fb3cc6006627f5d1ba1991035aa720c7f3e232a9,1
be918bdfabf75295e4234e6d75b09b98452ec7bbeed1e1ce5c7c9e6a018c60af,1
6f2e0ced9ab467b1f304c7eaa83bab06b70924732c6a9f957fad4484130ad787,1
12ca2be0da05a7e97fe1ca5209917bf8bd58532e41e465ada79a75b902f5b493,1
32c45643ff3de287b3bba23dafebf68bd28457066dcea61705fd2a726696d5df,1
3e3b37aa0c882eaca65325c8e5176e4d6f9944554a1ac9fbe059f3017b4d3c84,1
0f55a300bb2bc0b5102663fba8fe8b3b6e06f558a1e50236b4a85e81857689c7,1
8d93d5472f070a7ee87a8711c1a76f42ba76d4adcccb83c687d295f5029167d7,1
74cf20f454d3aa62cc4ea2676df2494f19f4b0c535727cf73e4893bcbace4564,1
a802b4a8fd26a1aa8eea18764ac4738b856c46c1c2943bbe6d3c99ebd728ffcf,1
bc546b15d96cc0fb39258c891e952d68d5af4fcba92315ae75778f5b77cddeb2,1
bfd43b0ae9d00079f27d960d536e31e0d9d2c0192b4b170cd68afdd59dcec8a4,1
05036703a6959999305ffa6f06a532830811a470d6fc297eb0f751adfc0ce4e3,1
65883a1157ba7f7e584902bd1f087b3c49ff51c8db07d3a1794c0ab343caf238,1
6ed184d6ff21f27d7d1660d18c1a5dbe3c6b4815d8361cc2d86392f8295a3948,1
e01a2b92159f5ec2925a5ef6f9e135dc2b71ad6340e6bd87a04bba4b2069d558,1
64676f7769692fc077f96c90066576995ecd6cb7360a35fb07964a6e3edd4b30,1
53ada9fba4ca1aee7993320336b1f447e0dca720ef15185f4a097667520b5252,1
956c72907f00965d9aefdccbfd46cf7961cf23594d3415139a93c28fd24518db,1
1ed00bc17836c82a06e7e85590c22c8210e5903e312ff0bb21a08233b1d35a8e,1
6f29164769cf3ed0c54c401a6b0da6710cd2e589659fb7d761865eb9e8327c16,1
c99364a1e3ea83a3bed5940a9f5c01b8cdca24e456b236dcbe008c78a784397f,1
a072bce9effe65e6ae042c1341a2793988ecd588995aa5ac0b257ff2aff59c31,1
2562fd086e0d61521e1d14c5c6ae8cde90a167f48b291ea187d7f9d0187baa12,1
cf36f2f31e3d6bac997007233769978b19274cfb99f1b5128e4903f197762161,1
66dd3e8f60ba6fe556089cc037009cca71c99b59a8d33006143f77c93ae032bb,1
718d5eead373164afaab0a59ebf40b729b517cf719b31bf9522548aa745a4c9f,1
0dae670a57e1a26b2289f6e66cc7a288c5ac175040e6950334afedb4c4c1c7cb,1
e2ab9bab67272869576699aeeae69a3e59f194dfb38d2e64cf618cde20b32dce,1
fe8d02a4948f11beba7d7bc0de0049f4e23d21b6bdfd692092bef9822c57f29a,1
15bd1a416161927d5ef49e55f615e59040947b273cde2f46f72819ddf3c7c4d1,1
d6674cc88085a26505393020344c255e62221ea881515466729a7f360be13382,1
d95cc050a5e3cde27d39d040eabf57a1be7ae0db0da661ee40c596395093ad51,1
f079fb9e311d2a65bb021f83ac1c9fb4964821f70023790d0184b0601f666d2c,1
5545ce27d18ea04ba24c09ad1237f51191b6be058b8eb32ff570e9d590a6bc79,1
5108de27087cdb89a029a2a69c06ebfb31f22e9f02980d7f88d37e29934dca72,1
5a540edc29f3ec40022dae59f300553f50a6d2fa3bfbcad8ea69237b21c0dcbd,1
4669ca5867c37cb8df770a57e14fa2eb0fa31d13fb1b79d8ac55a22c22876f86,1
00727a18e3b342c2deb0e9355273b4b26cf182b10d8a4bebe7b1a786d397391a,1
698928d319abe759221c0dfac72d57b4bbdd82d242ace945feb0c754983487cc,1
31271e23db1ddcebf76cd64195f69acf3d060a979725db3ff8bd50374914d7b2,1
75f34f8dde5a6c2c1c6c6520504d80f1b635c21e56c6f13d4bb94bb47faf4969,1
8c59c3ab19913fc85ff07800eedce279dc7c83fe2729db7ef2d30053955b85d5,1
f844a01ac87b0694de9f0281151e80073ba55fe2bc44c2e5d28f43c198b26ddf,1
b8ba5fe6361e94649e6642d69c89ee3ba1df1c64e6a88ed54572e7fc01373c67,1
6bd17dc138f91571debf1813e7ad3b5b11755e7e1cda8d054bb9fed88a6fed1a,1
02422d457f7cf3f2f090e80fa605fa57c0558f969555ce2cd2707a961d23a3ef,1
f65106647c5f18e5e1d9443c513c7299ad5b44d9b3bb88544970681f34abbe3a,1
e72ea981b93cbd3962817d887bca31f6ca4ea7b4edc2d5c30b3590eabe90b188,1
3af18a6f1576483f62d1d0235e32817b2ec90e673a11791d32faea9a9fc87a05,1
83f7f1136c364085be335f65cb31d7cbb3e37b673ebd906fa7d9ecb239213764,1
39d75ddf87945174a3ffaf50a5a1fa5eab62c6cc7910b5fdf54a7cc3a1212786,1
69c0723bd66599a66786c09fa2de008e0d16d89a8e98c69b0bd709abef30c801,1
5d96359847e34a00a897a49d7c8bf02f75320946dae405e9ab1f10bf08061a4b,1
e659a6f3cc98a69f442fc739cc1e5ce25d2423577aeb2d201bb27e070a5d0103,1
059f0e47d7a621ff86b7f457d5194f6aa4784286edb8f44bb9c1bce5c4383b1f,1
44e4e16d77203e71cc7e17f4d9dc57cf648a2c3780f40ee6e2bb4b48de12e528,1
1745bacb1eb2cf561b289a1faf567b877f266621b24c0d468badd2f749fc700d,1
a59a60693b19db435fccee1cfb2a5e70fb06a3ee7d8575bb7f386a6a46fe5369,1
f6549ace90c94ebc6624776ad39b1632b90d30402b80add32d4248bc984e841e,1
964f43c5b8ad28970accde1e668fb3952b26f689779247ca1acb951701d8b044,1
65c2c1eb7eb6882e68ec48928b6e5ac78460e6a6f6638f8e6874db2653392989,1
d314a5c5680b411e74b7a85aaab58131b971f5b4dc140aedab20232de423115c,1
339a7b0789abf410a3a74bd7720141900bd56be56b94a4234a2314f71471c18a,1
06150e2cb3c19f3ad39699fff19ae1b21ccba639c91ff9367e94f971ba150efc,1
85283ce98e6d8a979c772e1f2e0a0c4d671be5b8f76f7b07d70a6e65935225af,1
7cdc22707033025ac6ccff8456c5cc4fded268105432d0053618ef23f727c9d9,1
303c0a10dbf6fc6db983d75b5a1a791ca702cba9637d63d68052bb2dccc3aee1,1
052a8064ea8fc78ddc3903c1b83d50f18d66cc913c5b2dd2d99cb9d109a4ab5a,1
d1a10b6c21dc17dfa36d9bcbec53663d561278b2ea5814d0795e49ce24607666,1
8b7ed65b93fe9e2815029fb2c2a327ce0ed3561580ada28c91f011a593deb26d,1
c8626090eaa3422127068adc8e835ab7b867ca352d83b90d0807e27f7af28f36,1
22c856bbad259f234e9966ede5465c58d1cf7cd7579e4f2790eacb55d1430f8c,1
ef93aebca0dd42341d130b6ba98079e3340fa3a7771eba355ce86b3ce983703d,1
5f74b3704c823191ec70675c16e8e86f51a68d22faf9c419257e75ae1f69507f,1
c7e78ad9c88c0da7cf1aa308f893f0989aca7ca89bba45e3659625ab708258a2,1
236a55ccd0999d563bd41e93d2bbccb42b537d4e3c38374dbda6ac09ae90ea3b,1
7f06f8d0b225608b95df95f07e5e5f70cec1fa90d23b20239caab4ced51eb446,1
9777adddd7449113aa683ca660ea4422e7338d94be1a0fba1ed8fe496997e4d1,1
255a574c0066f97fc012fd308eeedefa28d20a9a4aec1ecc0d14fa9f969fe185,1
c3c343c193d9f7c122f9ebda01494fb1910e57ee589dd47b62ef237537ec0206,1
d23428cafecf51c153549fa6865176dc4e5d8f136d1c2196fbfc592c2c8e5626,1
73bd7f7ef612f1e632bd2d228596e05432249a1ca69b12373b18c52ff83710ea,1
ddfb53127ae45712a3aa4aa04bc3f8cd7f8b0449cb70a57cbf0d43c9f3d9c357,1
3f828abfbb4c92bcedb48bc6a5c80eb3c50283eb191c81c7d62b46c002722f62,1
0d26c440b4609dda0705291f6c0f083fa23d2d2f67e1eede4e6dea40b2ffb5bf,1
2c87e70fa007dddf5dce3bc259f0d1f6717c91f2e24d51a8f84cc8c58e2039da,1
d7d57e8a94f317e5a9db75e59b82cb6d75fdce1b5dee8839e1a49498cc5b2b07,1
1cdc414bdbfcf9bd410be40bd58f5c7ed2eb741334c30a0871f486c81281773c,1
1e6ed67a7d4e9c2d9a1a94aed914d1e06d56b9332b0419be76f5f13e149c16c1,1
55934d00f632bf19adb9a8653f1919706d623708145d488304c1d710ebbd1f70,1
9c4fdb0024ac63178fc1ba7967fcd1551c5c2fae3d0ab5c60f28730e0c0058b6,1
02ea4b32ffa5e0fc42d9dbd7e3737e8b5d6c45aeafa10727918c6095561bfa81,1
ae7883abcf7c75167f5a6e5ec136728b9e6584d858e6d12ad52cd4327494b81c,1
36e7eb98666274e8ec60761c4821777ba27dfdd506dfa6c4668057a286a10fe5,1
92ce62abb321b24cb7c1a4b4ba9fe39867d2fb6e1d239df9347afd52ce40015c,1
2e2c38b5a1126465ec272e0e9913a766b073bd54d10cb80cb6927debde173c34,1
cce51b98f72edc6532f55f942ee7a5dc026db97c7c8e14202a37a41e1a8e5679,1
1baf67c9e2411056360a274813cdb0a0c42a8507cdb950534ad12ceea99d4888,1
b1e29b14e078bd0f0d5f662de17d2d2251bf091a4828962dd2499edd26e5ca28,1
7d104744b8308f4934d45ac2082ab544a43422143fe51e83394d16df37241695,1
a2128c9ba23bea28b67263c4ec78b753a9b610e8c6cb54ea411541fa236f1d2a,1
16c2812bbbb4bc460b2e45f0eb2544cdabc4dce73c7c5917932e2cb063b7483c,1
7cf86382ded0acd749afad658eb439310bfbb79381123e9466965a98db03979e,1
547a3f0c711816054ff45e40e109d0a922c4b9b06e825cd6bb01a37aec140c21,1
6a49522b6e5c35f6a162923fc7b1500f468fed179f38f43f47ba8e540ad7471e,1
29cc8a0d8abd4d35b0d68f35aab5db40b5d3f1704ca854eb2f623440533f8f16,1
e1158a4e6e315636e2bd0b0e79c111f2976ab8dad2ab1265eb367d9e4ed621d7,1
2eda31b4147f1bf5aabd465a239bc281f1fcf60b9a97dff156b2426f21547447,1
1c058aae566d153f5237ac8eae30a9cbd204fba8e81c33b5d53c35a802994718,1
3e443af2261d338471be6a225e80cd0d2d4468f6e5597254190978cc601c4018,1
b5ff492d1afc65013f7642b384693390980ba60631bc701dbfd544c79a0e3124,1
1786cc678083c498d627b939adb450e7beecfc406f4628b2875686dd6cdd501d,1
abd1ecab93f739abd3b3b66e0e20c4f0bdc4fd4ebe8d2d3bfa31050147bcbffa,1
7c641ba8d8205ee5ff044ebdc23d96d1fb12f7e192a7fa05c28ac89c1c1dc732,1
9f64d01502a6ea070f7db20d550d2ecd3b7a9093d6b3f75c475e9e7e412f4962,1
8879503ecadb3ead128377e13843926a63700c4c6156a42421a5af62ffbc8a12,1
0866e60b7859d1d88babc6d30bf1e4456c1324db8d8d624abe215b0a8c2cefdb,1
a077ef0b672d3b4d1a094b1e84ae6dbaafe563936f97529d35f1c749e5f30606,1
cae35cdf1e0e2c4c79141aa48258a624978d9ea75a998962ffe2a33546ed186e,1
6a5f4fbcc6102468f7efc456bf716d3eed73b04c3f6a1c73da44a18119ad9485,1
6027d613a4d410843bed0f2045093ed3d79194f0e69848031f0ad5191129ef70,1
cf9d7e0240d62b0e662e66b671cc1832d7fff454ede9777e288bd8079be9a19b,1
ba465a39c71c390bed747082168e3b1d4fb6b5dcaa0dc622311ec4b26d183989,1
0d96c56105e8a2a2031bfa25d2efc9b6daf279a6b6c43ea2a18aa6515709524f,1
1e9e5f86a9f461943186f1feeb8cd6d7e8df4aa153a33f0ab7c20c459eaf46fd,1
f682164e5d99414abb7986991e819dc1bfd201ae710bf1b384e2786be26cd554,1
54afda2d34420152b65160ad40da1d14522c6d2e76dd800ead66ec45c91479f8,1
575338fec20ba967cc9af6581ce3497f3e05d2d8c8fc085d07deed4d6cd421ee,1
cd860e8a22cdc665f8663619553e7a5e5e86b02b763b32e6be3b4bebfc4b55c0,1
a54cab8fa63d59774d2abeedefedc654178d6200037c5e067acf57649ba629ef,1
b8124d9d826736de0706458c9d73dc2fedcdd36ec6000ed1936f6a2208eb026d,1
f2c08b49292341fc82bedade8cd4659b2a97eb3c7ebcad1c6685c1d854fb2f16,1
07cc8e5591763e7a316daa12f7e75e8c64116be489bb5a0bd8baccf181691774,1
5171dbbd1ca40ae7e6dd79c36c1394c3b047d8f0b4445abb9f1bc20fbd525ea9,1
f2433700d307daa5022c98080395dfcba34b61cc19b0e80101daa10a2d3e6e71,1
17b1e5491984389b294439aba5dc67bebc4305d1adf44e616cfe21fdb9d6698e,1
a00a3b5fd06f67d1e0e9b9ec68ff0e81627aa344ea75aa5b33f086174764e50b,1
7ee43713f4ea8f19231d40b4312806e5216a44948d6a7155e60c438e820b5e56,1
786dc3196d1d4cfe582d648eaf8acf445b5a2b59b7ff65c1f1b4e738f1505d1a,1
1450143845f17d4d90ee809f6eda9b30c4dc1273d300ecfbf0f3de2c6d74c5f9,1
9123716b0c99640111b8d2323f8701b1455dacbf31d100a1637a39c4192ad76c,1
a9114aa9374b326fbb109008f14b4b6b8154a1749bc2cec205d29e5d37c88451,1
3754b0c9fb9cf430e8963e7811299bf988e86b084dd843ba36f2158077ed8d41,1
675f5a5b30633dc80c451149e71c0807287f53ef54be875a07bb7bce70814d8b,1
51f89a929980b2d39e769e9431cd7e975ae7e3ab2e9c1fd438161f671ca8c39b,1
fe86c011f3571888bf6695b66295d0c4ddf9ad64e26a8ba42d118a3076e3d2c3,1
ac7c7a001d9547b7714453ca0bc36a1ac27b088d4097c98ee708dd94c15e4f70,1
b24bb1638fbaca0c9fd16bfa21aef4c9cb4c0da1759b0bedbee83fecdd3e156c,1
3d8d951254191402434d289012567d51dda0b7fccb31cef23e274b0e739ba412,1
91a947f5f458959352c8bf59d60a6020682e7d4f57866c75895ccc001d30cb44,1
26f6b1c44837f09942e5d0976301cf38835e694ccb09100bf9c4f327878d8f7f,1
466aa584db9e3af012c4b2bd54c0e3304c4df86b4746288e0dc8efbad5d45b28,1
f2cc479d861bdc0ced1094bb8daf16f08e17a7c7f52f0e94e85e7b38a1de4ef1,1
f18044e3b474b6241a6980f11f7acfdc22e4510b9c51b0d8be082990c2bb6647,1
eb1ff17d06f7de22b135bcd2057b069e03a35dc9c80620e5703f5b92486420e5,1
126b60fcfc6d9c5ba967f88827e6d45e8e56e9c80d1dc1cbcbdabebd639669c9,1
8191fd6e9a84ddd233f3e31c033c952848761be4d5df08f7b63c36aecb1b41f4,1
39ee8bf1d498e839482593d7d5ccfb6219cdd494d994516ca8c7a28d7417ec0b,1
3c5af2e04c6dfc1a6747d0469feea08775b64f6d56e6114b0faedd8397a21f91,1
fffd5e21d77c5ea4e514ee4c3011da6367271917ce411e71441c832ab049b058,1
1a1d87281a1aa3b5c3ebe4ec90440ed8953394622ebadd7e25c74513b3a351f3,1
1f591ec58b86cf2a1c72e18bbba684489cca1a79a8f33745170a57f38012ad19,1
dce248450294ef4aac8998b47db84ea9a39f4d801a93602969cfbbb2e68e6f24,1
157da219728252b20156bdc76a64d4adf5c5d6fa2cd78c3066af9ff9ec7710cb,1
abd134d4baea907af74b29be50038196922964a16e88431e988502d71b62bfdb,1
22c46393eddfefe714afc3299fb99bc9d534901c8e76089d890feb8d9d208fa4,1
c4c235281a2f76c0363cf87ac344d65ea18648a13c96a7592ce0367520092341,1
5ecc7c37a6a4ad9e8a8e3d8c6d69ac047e5e01f2956ae723c84c5bc7509c37a1,1
420f87ba03fef6ce7115b763c8730a69f807bc1ac64aed083782fb183af5f842,1
278e4d78175fe1f250502e22dff7000310f886d3831d341b58a7a56c5e4a5bda,1
b9c3aa14bb5eea207d16e15385f93ef4720634d89fa7186ade2d03de5a3e407c,1
13d695a3ea50166a462155db900b86dedee5e672955b7d854893473a92f3c78a,1
728b7bcbc82735aa75d7d9bcb4b760ce3ca01994bb2fcd1aa0bcfcc9eb79c62d,1
5f415a5af1741d2f020894989ac194094f0c25aff5c9a5ee1734f4b48dc4209a,1
11b484444bee6ed900a344dcf0eac2c7f9a273273b370d44bae09b4493da7300,1
a07ba8038caf71f2626b8cebf8ab1b0bb74435a7c1c2e790226ca41c4fc74b3c,1
576a249f1bac5cf8fd1ac09b0316aea74ffb6e303a22a4fe700af82b97f3ad46,1
a0d9f07d90c07bca99e70432ee969afe343a2262fe06ee5e80e5c1ac83ee14b9,1
cd6835a84be0dbfb1d4896357d321e1adb140ad3982eaf41baf529c13bbcbb05,1
40a954bad038f0500372a2f9715dc2b51615deea9aad29b2adde1c812a856823,1
833e414c7c6f1c0c962ca235aa9dbc7649bd8c8c201682e40dae1167bb31723d,1
ddd98985493ed07856f981d99ddd8aec7441a4372d93aa4577eac20c2087a17d,1
75cc23017142c3c74f731d6f7cf68d62e5609a1acebbec3da4826949a9d08233,1
b2ac5bff20d45b0db868584d8c1cd79fd9786e086e29198853ef9c7cfe62b90a,1
ae1cff419c31511b2b429a3c444e9400cf01cf41760b9ce388fde1030f7fa83d,1
aea25388cc15bc3bd8cc1123c632611ea4e849b502deef187b73b2e30d900da6,1
e12aa3672f2ec5a249ed9c3fdbc6bcc1c64ad423b875fb37b85ced1a7e70cde4,1
1026f6edeea1da9ac1944fe4041a5d49b87ecbbd323e5ed5214c416f3b3f5905,1
9da6b0f9af34e96115142e253ede6a95d8ec74445a4eef399678afd5310282d5,1
6119a83462fe0c0161ab4354cadb06b6d16ee5ad082f12c47253c9cceb6500f0,1
65313683cfea36370564a651486bb806adc2f25f580ee714be47c46a1edbe6e3,1
b910852a390b0568b056ec1dd2cf2f358c0ac3471585138a04deba2161273460,1
8504e2672273b34868adbe20d4e0b990db9d5ae83c743503838abd3264c34fb5,1
f50869a21031393114750052ad0537e273829372d7cee211e0454141866bc109,1
53d2cecc982659d6818904d3f53820e155d66548b68817832793bc8a906b7cfe,1
2b5148002fa131c25e5372cc4fd2b3215271274fa6e03cd48e89f668f081e3bd,1
1a22858909947931e6af8d81eed2ea6b48b765b7dbcdd7df830bc1ad70f17bf1,1
7fe8bf7e387c9fac05b9a07da02c6a4cf3d989ba5351effe36c85f20ae038838,1
4d28fcadd068ecc6a1dadc5f12759e0e019cb039bfe702bbbbfd9be03f2e62fa,1
87ebd5d93abb6acc3b87c413a0a0001bff45fda5b59c1101598c7343d25046d5,1
6279ce9d7c052acbcd1404d6c2697bb9d9af5191cbb0c6207366e34303bbfe9c,1
b87f285b374d6250906b6c9e8b7af55672bd65d7d7c911cf0ac81db5e9d21aa1,1
9b217e0ee5bd6691603ae6152c713cc8fb553df599e545bf2cdbe9baeee0de76,1
91cf824f2239a35fe9524b0798e671156e482ef4fe8c1736cc56e9521b2438a7,1
5eabf26dd24baccca0a2c0d9c48c2752d9c70dfddec9f5281666ed78d8b88893,1
060468153b13d200ad1c6f796c54a03a82b2ad2432f166128b932cb4e3851ebb,1
64674ce2a49f4d8cf2783201e24799bf594f6533c23860ccf2d8ff1c13fba4dc,1
fe289f9b0139a7475dac1a7de0e218cf5e349200c9e46b7aae45615502b9460f,1
bbcd148fe2e2bd16814f12ab7d808320f3cff752d3bd8b2c63bbc7ff672e2f84,1
c1eef7aeb1c6957cb07c3c463d4ffad4c2015c086ee97a37df682288bc7863fe,1
f5ee42b04f6f197f63275ac544a7fa51fae1bbdc057333b11a09e95c16f3443e,1
8a8556bce786652f5402f7f863d27651873a06212429cbfe9ee56bd3cd272380,1
4d013ea1bf75f9e453e078c32ed48cc53d89ad381529272c9da5742e9cc497f3,1
e0dbac521c1d4b8a82f545df0912593b33cbb7f4b241c41798a290ba3f05b721,1
e49081493209725cdfac8019efbfcf69f0458b1a2bf293df8dab733e680ad377,1
28cfefe85d719a4f23541b9bd1428dbcc589c165a3cd364b8a8330d5b82e6c1b,1
d603f081845ba144e60eb3214ebcfa3d4dbce9ac3cd31c6fd022d8bd9abc0785,1
b04867062051f17d8477bd4d7ce4b3a28e894c4276a01facf129e5e76adc3fad,1
2e49656c93d251c5b500127f1979d0d6e2fd2770ed23088c5990acef11c61f29,1
885e8d99a10a5ecc61a0bd2c45bb0fd1960ffb604269976d564f7cd0196f3f87,1
9d1f84942553054d7539afa79be00e539370b3ef411c18e9529576f20fb76c33,1
d1ff4e6df4ba5c4b8daf367dd9bc37b38d32d0d280e08f2a95963c64c503106c,1
fdb4a77f9e5906d8a628f63f63463b9ef68bdbba7bb88039ffc6ce7189def744,1
f28889673b33b5cd60d59897176e80c9fe65efe2507b323bb7ef6204acc242e9,1
bcd48077956ca7e44d816e586cca15679407dc6c821cf62705112fe69f3ea8f8,1
b78f065cb0affe0e703e79184b43b8143ac0f2486900e3976981d64e0f7e238c,1
b8a0798e9abc4471d466ac3b18312867baad691ed615f81851d36a2af94b63e1,1
7ca6c0e824847cb3d02cfde346564f7caa3a7f9e3f948c7b58c6aa08553544f5,1
f939d25f29d7c0309fd2780f8b42f650ab92274ab059763bc0d97d70c040ae30,1
8cf53bc27912d8f9d733f4ad8f416334eeec28987944fe2e39827915bd5467a8,1
42bf17e138ef7f77b62f7ab327a0752928890bd1ff3a74f06d9bdab4d9c502ff,1
e115ab8ea00d631e24592c627b14ab50a101fb291afa434b6a7e35e9e59f3659,1
e593d14f31405c094f24ea62c63afbaab00a08b3628fb55cde91d29779a361a4,1
2f1dccf88701461d2ef218592d0177ee8cf9632f79df43b8bf8b584e86c79f85,1
c74801378f10daf9412222c83473721503bde938a063ebd4c592a2ea81904eac,1
75db19f09078d11d5f4cfd64702950689cb09d4f349a7d0e2c2cfe4bd3034032,1
45e5ec9a7c53612f7b65b41fb872c8eeabf9418cb1d28e552d0b399fc584309a,1
5179c6d53831ea141d5dd1572dd1857b3db020aaa6675430b14c37f4a0d327d4,1
e8994c34e74fb17b103cb443adb6b66c91206a9a673bab2a63165df33dc8daf7,1
199d4d6fc05d643ae78d735cf1bc224901d292612b221f670a64d7ccb30ce552,1
59c7d7112e581641fb696cf62390e49b1f91c922e63ffb23f8879b2a17c3967a,1
f706b995388512dfcbeb5576356434fe729af53481c096ec42992bb4b8047ef7,1
774e86f94de29aad8392d365239bc1d2a05693525ce48cb28476abdb060012df,1
31759dda0378fe804806d99e87e30e12c46d0c5b261ce6539d6a8d419da45c59,1
d081fcc32cfa9fb6f9eff1da687eeb2fbc2a6a5d9f22b2ccfee5cfc43cff9685,1
058962583b0ce0cdd31c362c2f542f93eca4c39985a848a11bfbbc31902afa5c,1
1171baee0d56ba14632620f44fe5c8f7c350fdeac7aaf62b8cf01ba05dec0a1a,1
d5f5a1f7997305b70d579e7ea50acf6941bca16414f4be190c55775a7bfeaedd,1
9ec7fc0d4d7855fc22bd1a04e660a12d960d3be6215d0f3bebf6f92615145212,1
1abd304f4e689d89e28842fe2e95190b239a77f183cb3dc9b5ea3ee7eb42dd1e,1
502832a73867d2487f12d67f56fe12fda4ebbb71a8674059cf32346f01085bff,1
655d810104dd56d57674ed2670af9440310af1b637992aebad2cd7dc4d69f4a0,1
b40ed0c9c2f74102bef05d527b56b5e8592a2e89d7a4cade2274a48e1020e1e1,1
76a1368541beeddfebf56a2245b67c2568d5056e530732f4f08b3f5803a51d3b,1
68e9c0e1e372a86f0b78a92983625b27e3e4bfe449c9676c1ce74cde0068c132,1
26ac4c124ceadbe5c91db87705bd7b279c68cfa51053350edd1fcb57765c99ae,1
286a86d231929c7e3cc44d257304380b6391e2e643270c3e788b2944a576068c,1
238c7dfc33f1a4fd2bc2bbb0d1fa0b374d692a83bed331e59930f1f119ae5ca1,1
dba4b95be4fed2beaa6c86bb7c21b16f33a70f3902d027dd02c972345ef4683b,1
7dc90be0f5e197c15464ae7fae8dbb6c73255c9e6df98b18c925efdda7ef1095,1
271d86b6371e2305fc872425f8fc0d763b04ff71699d5c7be30ea075d6805757,1
e77aee97956271d9c64d51cf1a390c7afc2b1c2adb9de6932a831bb196a7e827,1
9dba5a91071dfa653c94e2d780e7ffe8c7958e0f40a7ab205c43568da70dfb79,1
2741082dc9a832b3aec683bf747917b38f54f35ece00b264daf8dde689f38d68,1
bac5f362f2b7b60f89f0e5c3794276b9e8b780fe5ea429572b7d501a58d1cf14,1
88acc55d2168a8474136f83fadf83f4a40352a091a6236fa158dbe7447b485a5,1
811f7fbfcfb8de1ea71a935123a060bb2a1f9fdb1c2825e5f32282483241db22,1
5462b3c19d7f25e9d6b3ad1e796deb9ffe0804e71c69bab39229d1f4cff61507,1
fff673ef3039a4078e3e86138e056385f25d144cbfb138e578dae423dca79d5e,1
b325346ab62703aa0c3c38f6911515b4089da3797d168571524bdbf61121941f,1
bf8833eb11c6e6358bca9e6d59414ac8c3e2fbfb01aae4805cf80f21231ac7c3,1
18b7b7f720bf507174ef45d832968b10314136e83ad884b61dbc2d9569ba453d,1
cf7d07af85d18c252024d9b66a2b57e24a8b369938a397676957024009d7557f,1
b0ba06c781927e13cd105a57f71b11331ae483bd5977796f82e67f24640b54b6,1
2567c79fa3c435a0e21dcebac5dcfe0c3bd65fd1109c9e710626ff0adb85b7f6,1
21e3353b9f1767c12041e4c1f1ba1a250f812701c7782083df0bfb29a9f5742f,1
c383a118739a71049acb665795ea276031a2ac2795052abd25062572d4836d89,1
bef10c7c8c40583cc6b5030c8d8f30f665e58c01adc35205937a3c98bda33db5,1
cb857648515ac108b572fe08a4e57ac0a2623012b049a1c0fc7fe1dc548687e0,1
8a180ce9ce1b69876b2a16ccf0c0e068c9252bb6eab3f6927fac7d7049f9fed7,1
f03494b007635c411cfdb199aff3661409bd3c74664ebb9fd9b82b52d721ad86,1
6a5d9d451840940354b1edad1e41f7fc423212b1c042a6dd2c8e14b8a7b3eac1,1
af7a4ba71bfbe44829d566104d5ba81d5672a7a19f9b2c0ed453121790a2d7cf,1
70f0d661bf4b9e3b0f878d7a048c507ce04f2bff766454a08c42e7105f2175f3,1
7588fea6d0693b5c7c9f56f03a099fb015938c54295ebdeb44408c9478415a1a,1
46bdbebfb586a35510d1652da8aeebe1602c11985143934942c47bdebd063021,1
c2edee7d7b991dcd904338c09bddd5ef92040acf7af527bc1b7571384ce31415,1
40215f682dde3911cd13cfb486aaaf07ff66eed1106f2739c190abec7a68e368,1
ecfc9697907a41db3485e5f114d33ba1dd5d600a19bac7579648b4a166a46b67,1
42db2e120ca08566436f3a5e003be42654ef5c4607846e452396f84fccb6647e,1
66b7a7787865af57ce3c3444e93683eb8ae7d51ab5acabb896ad80a72f6ef439,1
3c8ea9a3cedf58de486383d6aeb65d3cb69726f81524a4358b372402cb171adc,1
73cf5b1a75ab6f036759f9782548b609fecbe080727fd79bea6dad3bb1290e00,1
a9776034b9ab6bf74ca8a7b629e1545abed2b6c9785575a4e99cc43c8f5de62f,1
a0638085613efd757563d129d49989ad11e48421860d78c79d9f61903cb498f6,1
2e2eca25dcc261d5718740647cf131d80580b43ac179b248221ec7fb84e867a8,1
cd79d7953be1d55b894b4b20ab92e11569aee140bedc0d343b15d303e2eae0b6,1
f702dea53a2e3573a25715eda66c0c313094739392525912232e7a8b79109d0d,1
70dbc2f2b911f9ae5816c15343ed2e7921555d6bda2fed6611dc7225fb979937,1
d3eabc5befb120f889400435510bb7380496fdcfccb437815ee568c163ad17e3,1
fd05084b273e259d0b28e3c1b953575c1ea1eaed2ecaabbfd29ea1aff5f2a57a,1
d2145999c27e0cfbbf636b0d92c1027d1a0b0280a7d06b5d5874cf2bedc11eb8,1
da3f24fb603eaf7f4d8d6131234ae40925d82c27180bab349ab7f4f6d9378833,1
4d83f10e3abac4dfa705dce2069c4810bfeb7a0a35c1dea5f1bd087b17db3829,1
0fbfeb7a8838e60123f48ef02c67dd5acddc48d41dae6c4ac247718597aa3680,1
ed26aaa23345b6793b0c522c4876822a52dd490ca72d88b02bf37cddedd86fc1,1
3eb44346af5112e5dff30574f6e0c436018ad8fdab149f549dfc40ba2f8be516,1
804ab201b7894f3ef8f327ed391c2135fafd05b333b438d76bd41edd43900f54,1
779b138d8f4ba54dde49fe02ecf4d46a4ce64db2e90ad4e159f63569a1c0544b,1
bdc1b1f36890774d227f71dd557aff19e23eae0b707368032a8c5cbc73d722d0,1
1963981c0cff24b82d8fd25536efb9836f209c8b7539b2460603e5e2e05fd70a,1
17a836d7401f60a1b0a35b4a0754645c7a023c58529577be11967b07c7456d15,1
ccc1f9bc39ce5aaacf7b5ca32ff668b27e2bf52fdbd859244108b1001f2ff9e2,1
b33468e2e7c8baad1db51a4f38bc553a1e037bc70095fb025dab4d356e6924ed,1
818b4322ade60fddebe11c9f08c48ecad58fecd1c6b30cc533233fbc023203f5,1
73af2399cbd738cd1ccdf85e586ce6f7f7461939e71774bec403eb205717f18d,1
fed8cd4bd826c7b55e0a45c0055013a7df8ce49ad715286af4e5d1431d1aed08,1
6b84b55239a259fe039746e122839aabf92619a081a057e574a6fb791a174a0a,1
d708536e92457a4c19db68d0377ceee7179029180db39aba8e0ba95dea32c245,1
b98c5d123035a7afe7491fe63aa94cc13c5222e47d455d19a7843e8fb96e1d09,1
ec0ee82d0410dab55b6effad33e81878a1df01c6881a7acf1e8598d61dfde3e6,1
f9ad22711644eb3a2c85c0327657690dc4db19774ce8ef5124049c2586b8a55f,1
2028e4766d478905652ddcb72345418db2adcd75ef45b918e3acc2e67725e8bc,1
0f5dea418feaefb7c9f785663fe0db17c6b9e969a2ed97d12ecaaf95d72ae803,1
81ed2b838a82a2d302f324874728c9a16b32406462f7f76d3ac05967fd1c0bf8,1
7c1a1e59ee5ca8c8d7aacb69e84b6e319f8c84255aa072d7529e3d90fbba566f,1
6eada1bc37a3631fc5721db6467247e800d2258998027de3cdbb840c544b3bac,1
08540ba39e44e5742dd30797c625b85792f89255cf99fca85b75b5a831832f18,1
14978e94dbba29dd78756965ad5ea570bf2c55dde963d31c81e99f1b08df3d3e,1
00b8ab491f6fff5bd141ad1cdc6db0d5dd6041d1ea2b39f182bc98de195e8eb5,1
12a25e435bdeebbb7b259ef518f274f57c22b9fc9705813d587fe82a31f6bb1f,1
9b658f444c926f9fce8d8bac03eaf3d348323f8d208f17d25911b9af1227f013,1
a093886226fafaddd1ac150b260540d0af1ab1dda545a1f9fc418a65946ca222,1
82bdb156b8d819da617927eb3573fc5d168e2394a7680b2bdae79f27cba70706,1
56bcac04addc90e98b6d3cf259362d8847f8d3a928d906b5ac3dae8b7b82c1fc,1
43f173ba02b4fb93f618b1b393408a1050726cc26d90b896579a639f7c8a9ec0,1
e52ea51bed42e7afbf72f42bbfea575d29761149f0c3801093472fc2802f9b98,1
df977b31e8f2d4eba10b879e1e6d02aa659dfc8732f2d74a53227e16ae95b624,1
9cf6089560c386cedf237d4b2ff93dffc177b10df5ebc81f845428ced423c398,1
24163d36351c47f9370fcb80f00558e01ce52e690a125c76b463846076ef04f5,1
748edd39814b9df0098bf2f6b18df3665cfe00e25d22f5b6aedcbff229fd8de0,1
c4c0f9ed8ec15b3ec51dba7e5dc0eaec7061031f429fcb45d744252a7a5a8641,1
e43a39d77c51834b541f367f4c4ce0f825e177d0deb55117dae4456dbc34dd5e,1
a92050ed5d35b63bb398f0042f253f5f4ddb6dbe47970be1805adc3659ba7aab,1
f09495583ee82a1ef7e5619a95b4a18751b64d56e5de5a08b1df4d871186f420,1
a8cb6dffc6cbc38d863a2ae8e45edd7698dc25471820e53df3c2733664b33463,1
14fd42e76415425693ba5336325fe0757bf7cdc7b640ede184cde5e9e018b885,1
a839217294d8b953ee8a94755012a9bedb82c69ec7daaaf326defb798162be07,1
cf96692d5f776e938589d8b787234459849cc9331993c8326467db022cf247b6,1
ff33426ad170fe1d94108a6078978b7ed949d25025b31e7b3c6d89e3bd488203,1
be807739d13109158ae0a66c900ce917136c7ffb2adda8888f3c290cef4f9a88,1
eb9581c8a9688895a8282bb7267724e28859aea372a2d2798ba94e8325a15a94,1
a55c6068d35b3183234aa00a8ec52fed82f3e5eb2044602d819cac0be5e13185,1
df65f165ac05c03080d0a49be5c86cd33cd19c046d7335a9875d400caadefc68,1
bf8959e147d681915dad787f8fd018652c4361c7e30c3f4a6216937fd0d279bd,1
87681e747f1b33dda5d2f1eb0b0170d9fddf4da46a21cfb48d325b5b16bd6e54,1
1de1ee5f55f89836af78c9291045dcfbf0ac55c29128dced827c57b01e631281,1
399ca8cb11f5e6c53db72a2f95bc6fd5d11a8ccf113d679e99ee7f3786b882b0,1
867da5b6b7d44855b0a2f716f30b613479108bba7331443a712a3990f5e18a1e,1
9ac3335c79d0244460da1fe6c9b5c0ec796ee89c756c9d99a58615b2dc6ec185,1
29395a8f1b141da632fb890862d1cc93f363f84efe11d9ee00e596ffed78d8eb,1
8cde00f63d9a9a72cd5496e68dcebc15c1497bab31b5fa002910f697725d4b97,1
de7b8834da0383ec5e6170dbf9ae5d19bb73ab23aa58ee87b00635f9f905773b,1
1bd854cc41099d3cd999710af7f9eaef64aad2dd596a4ec3987cbeae624c711d,1
e9c0b32ced360e891b4be4721c490568c6126d8fc6ce154488e7d0241a5f51c4,1
bcb6f8164e093bff8208502e990d58158e00e6b170434dacf6c09e43e60c9d1e,1
40b1bd9e5a20cae3c0a625c40240581a7c1e7d6b4f70f36eff668c081d484f07,1
58380e82d044f13013db19bfcd0e026ee1332f7687d4d57ad323fa0315affac3,1
fca324cbf8c8d8c003d858bed477837155cb61957c6e375592935e8ab7007210,1
b6b656b4e00dea1259163676bf4fc02c7043a566beddf12d8bd21e1ee4c2c812,1
cef2d1f3e95ac454520180e12b5fd2983af70bd4ee81f303dc548c65ce82be35,1
3b2753f42565274829fc9445f3993f0e5998b912ba1bcd651ca3c0f34285a496,1
40258209493abcd49c37c7ed017b6fc046ad0939e70014aafde619a956c3f1ad,1
b7dd295495ca7b3c5b342c06ae7eaa862f17c52f01896e7c65fd676a38879271,1
7e7338c2b5505a98deae67a8e81f401c99193dae6b5ffc98e3c86216812b9ef9,1
360fc2d736d926920004475e453abd60523ecd6461b226343d360d8452fa40c8,1
35881eec0d107b37d986ce72550f3ab07478c80414844153ab898e6fa258a27a,1
25c2fc0379fc0881767cba7dc2dfc550bc7575777fbd77b7a094041505ed99a1,1
c3b83b962a00a624ef39e9eb9edb015e722f72ffa861c57d295986af6a2904a8,1
269c78c95e9505e8a1a271de96a114b7558e4caf0a367077d53b7c6a4b5e2426,1
1dbcc7cec0d4d787e39287730323f4da6d66121890909b4884320f07fb95f3bf,1
81edf9dd1e20928f11f2184545975272886917e77c306c5cc80233576122ea23,1
d9802d25882b0790f2adcc147a1671cf83fedefb3ad7bead7db71b770eba4e11,1
9ab8b40e64b511010d6a1345ea6f4a4c73852cb4f91f16ec2bd2c75a5438167d,1
135f4489ebb949f7c79f44d6467a7b199f1219437894ad4cec09b8f27aad90c0,1
b472624ee0ffcd1932a1b785009b58be1ab42bafe112a749f8c08dd914897106,1
1eddfbbc6d3f86458dbc2433904f2e948b5d15a7e698a6d6a35363cbb97aa6db,1
2326fd437534e558e389d0ace44cb5250e0277c21d8988ab3685bd3d605003bc,1
9f7a172340ab368b49a73a04d64bf11e1667a846105248f79414f3bf8325f1a8,1
71468bdcdd74f7f8a3f15d8ae8dbd9b0c4bdea8aa6607a44c8698c7849063015,1
4cd7cf75d622401d7f4e993a21f58f0a87d2d751dbd3b004b0037ec5f54138b7,1
0dea0f037c8ab6588431630bbada0c19e7c30164fe90175134583d7dadbbc02b,1
320ca87e35e1733d118ee65f6ede9ac41e281d008290ab9871224c26788045ce,1
a85891fcdb6cb63356f500c2e46a5a94986ff44d87e817cf74202f052b82f3c5,1
d4be891728ba6a5a766551cf34a2841e09cd9cc88cf4199b9cc72d855c16e442,1
72dd6ebba30a2062dcc11a0ecef1b9da342955fb39a82725074af21e9f28a90d,1
125aea24de21fe5b5aecc28fbbf32f6dbbeedbcab3b8874b1e2d0e58ef57b526,1
b274e2bd367506fb304d30a2c445a7467e474e2403e25716df8f08543a5f6956,1
d5851f2da9cdbc591a1ce8ca96ee0bd058a8bd71befa4d1d69754e5bb7aeb249,1
4c68babf4c296af844d4e2dbb0b361958d5d07abb9d9f8138722e3f4be01b18a,1
ce635ef2ea873f8403583d3c2c4cba9b44021526a7e2c5ace1e4ee9f79490169,1
7683f1f029de1d73fa737a0caeb3d49abefa8d149be73f66787fac15f60be093,1
9fccee2cd14610e5c1be19315d8edac3f2ab59ece3512262464ace09d74b37d0,1
ec4e2ec7c8827e6d9f0f8edf2c15aff7b6ac1eed7fc4d407e30951c6e50dcc41,1
97516c5a51711d21b2822337140ae2f280fa8745e21eff6997c6b740203427f6,1
5e7592818c1e77a343ee3e549fdc96c419da2af53f9f27e04d08aee07039169f,1
e01f4d58c395104af75f12ff0ad4b8e129f5fdae7e775404f5425b8db7bacb22,1
c2a77e5ad72f0d16ddab8b2da52afd4d9367bb999f48b18d31e96eb493ccbe59,1
b21233bb7f1362399209def713133be9e9cad51fc168f509d8c61e005dbe2adf,1
dc9547e3917fc61acc20bcb65ad4cd7f1c09fe8115f1b0ac538edcd231d2430f,1
150c90936ec3e57442ba879f6d00ba553b367a2627e8a1572f2917b127f905d0,1
d98e04a2ae91eb48c6c68d63cf90a36156f80cb90f5b9e9b568f94f256e74ca2,1
bb5444df3f66a82d342fe0f4e35816545d597bc70dd480daadd20ce722d4d4b5,1
2232bd744160a0f74f379860e56209b6ff5be5f2d9c977b0f4bf03a13eb26f4a,1
4b5bc9bc5176a2bd062c6a75b28e301a1839f67cc1da04f0c95912b50b4b7dee,1
a57ffebc96cce1fe04c3fc5ea8f60642e8cf7764379c8d35777a492116b42310,1
0803ff26040362aa398b8c6017a2cf50e3555daa29aa729625e524110dc8b75c,1
0bd9ef098a03f59ffa51e88472edeaeef60c010b4bdae7ab6e81dcce7b64fca1,1
524af013e30c721ccf13751d9d3024702613ba92ba8c2935adad7ca8b087916c,1
e12bbaaac0ca66d703fd8e9d9a6198fba6bff7cec710d54458821271441c7e3e,1
804e09ec2ba65efeda667f164becad2e96c49dfa5dcdadd75c1732048d2e7b95,1
7345c6e37e626da01ea617b7c2caa125b2648dac0b62883e38a57c07b921ea3e,1
6e6e5fb506b8a42a3a08e38c62496cba564091a2e6652ba38ebae7267881e106,1
03392ef2bc57904e951cd69bc988d4f2482854dfe318803f90ee39b230ea71d6,1
9855056a2ff01f7e291cef7d231b3230f80c9f841a09d4f4c0a3a02851a8697a,1
879e665c6e3a4f06c19b84c3c31dc2ff00ddcbd6c212dd86d04c8f772c9bb581,1
376df105a0ef17dffbbcc9c9a550fb02c1cde4c62cf4f467859ea6ef54d9caf5,1
cf8b0a797b63df48946e8e23d342f3c788ae707e425500fe091891e47dfcb7c3,1
e194b7fb3bf9747869f9cb7d6021e3fafa04545ed8ca3705daaccf9b7732bc73,1
0f5ae16dae6aa997288f23c24c7362bbafcea4846daafedcc696811656f2210c,1
1677c3622f7b13ccb4a263fccbc0b4baac7459b41bc59bd18454933f7cdeee24,1
d6704ea9430c8091e428f6736becceb598e2731f76dd329eabd46092b3bfa48d,1
0dc0c7f9081dda9ef619fc10173a1591f5ba1875235f4589232396836a05e088,1
6b69d068cb31b7225a7e1a345d111f89e310162bff9bffaa5f94ebdac71365c2,1
9f5c1ae57a40c3e7dd473d637788e387577cc7811415a980cee7df975bb9519c,1
e6611857e96b1da3016643c0d1ac600035c91737e8e140f303d378854637c272,1
d405b2efc181c1aeeca8a103da4a08fafb4d3417c94cc2f106445255273b1287,1
b72e12bf7f17160bc2942eb0b95bb89c7b072a1d4baddc74e5027e390300de58,1
95b734c3338fcbfe5d5c5d80584f3f0f73d51584e5611549ae74dbbcc2b642c8,1
4692134db39f6df079d53564d555509a6a704021d69c371cd642a7d7b8d1075c,1
513f034289562e6ece9a878059199c733c4a28e44d4bc95c91b1499a9005df97,1
cf95c6262304fe73d31cc312044aa3f611208c79a65e07218f471024932aa89a,1
d3ada234a745351ac661b7cc9e415eeb4e1536de1f20f73edf0ae7af5814c751,1
1f00538b1bf3f004050733e0cbc6c9922848366507d6e11fe315a8b318ec9fa3,1
d055aacee75594db6e1a3e2b550579da3c8ed5233e8b514838e7b46793e902c3,1
0e40dc23530f9f0cb6935e253f6c33d7ca1bc9f202d91d3c68a4a96ca5af3710,1
a43445f68047630f9efe5a3923a5654dcdcfa52834d65a5d0c484782f9dc2c12,1
a0a74a53a59561cde40543cfca7d91a468d59365b8a2b7e05587c78c039f7e0a,1
0867d8c7fe8d240b482f928157eef59615ebba9d012bfc5627b7311c42d10cf8,1
e2f7a7adb0f51e98fd754ecd5ed2fb7266949df484f9bd704fbe68d6abc855cc,1
4db349cde239d40a4336df9d229deb02f7df0038bf7e5eea571c375b9fa9674a,1
a10b583df23faed974921905bf090fd1052961a755ffbac6d70c5f3bcb367d60,1
e96e65449f2119c12ffaa01586f9c7a33765464600ee687c4403a31da12107f1,1
48640902238ef9136e4e7337b6c4d563b9a1fa931814eb0a0add2f1fbdf6b735,1
e84c7840329ba3ebc5c1fd9105357709f5fa614fb74fdb1e137019f658fd48a7,1
e23ca103b92e519de614ee0882e9d6c12ff3175bd3ece1011b84d98523d35024,1
f86db9fe2b7da73af34f7dd52042f64a44fc461cb13f3f96d761f6b185c1419d,1
98ce4df6f621d45ab79f597e2c7c9872092fc54532faacb7ae48d62adb1af9dd,1
b548e6dd53f49fcf18e7a676d887eb46e150940e0bb4d7561a126d0ed263281e,1
5e6590c3c81076d9a4e385f3e5dc6a61b324af561c65b33f01e3f7a5c9ea0f38,1
14d268334e9423f4780d110c4254ff5b7364f1fce09d69b8d401c616be258f29,1
1b62bbee907de586d06565a031a72402b119865d28a02115b7506cb81b1ed70c,1
be83fd4bd77cb9e11dd9e5246ba8df6393b87cd7b24016d2e74ef74dd4a0f00e,1
536465ca13c7f32e2985e2e14cce68e92d6f8dd88e2367c92b594dd86d0736ab,1
abd55693c1da9b53b058821b973103a085fc6c1bb5340a93b4d02f30642e6593,1
7556ec08afc622cb8b765c1413b65a5182aabec538403290906ee8fcda9aa518,1
d237e6a6c3cbec74cb37286f05c1af82fd126be8b4e62d0f0047ca164faa01fa,1
97913fe01ca7556ffc856500f3f8735b58161ec1eac2e19f80e9142cc052956c,1
11cea755151b734e56ba95ff75ec70e3d26afe94e28872b56e1f384090471b0c,1
e4a40e4194bc307643d167ca04ecfc9326f5335d05a4d67ba480682fe3add13a,1
4575fa3fefe479467b2fbc53a8fa75f010a1cd9c5dcef937b0857af59511ff6d,1
9d3d0bb4498eca0f3571ee4c6f3dbd12ef92d849443da64e57394898cd06cf7a,1
fc62d4f10349f2415789e2f22f37350f6f43b7672a8ee11393af407d20be075d,1
52bff708da4a0135a96db71791363692aec23ef0e04f702610bd4c57b32debd0,1
75289f8e527d513494205c484210adf7bb0845a820c34823a2de557f1bc09b4f,1
1ab4d193e2c8d86074165965a95840e2d2ccb44339966c431199445efa05d0fc,1
293af6f0a44f35de88dc93c0df8066dabff85028f203202c6f77c4673f7a9d72,1
a7043a92ea2f274b8b5cf378de8bcbc09c65698d4d073c6a2cc7734a10bfa0e4,1
6409f522a7634182f1d07ff67cef495025f37dcb58b211a8a3c3d3d8bfbf0ab4,1
0b35491d321c56669be64754057f8f629852655c528781bfa2206d46ee76210c,1
50925717f3d2cfc11aa4eedd5ea7552f094db4337295a097701c1c7a33f71cc3,1
22bd604917d5a4310dbc8d6833f65b4f901e916457b2e277765cee5e63a21dc2,1
ab2aa9756f8fca0872b43c73ac7f1d6034ec67ea712f7ebfbda1e4b7f4a0cb0f,1
d9a9334252e45713e2d7638655b1f807b9e60509bab448d6a17172179986b510,1
4fb53cf8f6c0644863cb042bb4784aa1c5daac9af5f9957ba1b2abe9818b6fda,1
74255d5e93dbe91dc16ef9cfa6244cd26de071ca64f19cafb03c28c4c9b022bd,1
6c065cd2cdcde3450bb1292174ca55245fe0ceb2ef85e56cf1fc9f00a03d6eb8,1
4b394f77fd71feef932086ec6006d34caa8cda0cef809adbc941781e48b82233,1
3df7336d6fed840d25b7e7f274fe64ba8ddb44271ce85a53a7dc0a4586d834f5,1
423cbe747b808de54fbf3cc14f816b9075d48e7c5f48066a85efb333f5abb602,1
262ef50d897bc00cf483298e95b7eaa4c70ed2b531dc1f05a3c85d4682cbfc85,1
b66fdf99050211786317a57fb135a1a067c5d9303635abb4c9569c2d29444c16,1
26b257b3c820c4f5c78155579db65246f8a63c487590b718a025ffaaccf862eb,1
c8e6affd51f92451821c95526a63235e1de1fca13fde1cb184f173714c3f8eae,1
c99581158fdbab1f89e22b1ed080cd4307a58886239ff4c0d49d10e94f8fc3f0,1
a98e35b9dc17a86bee5c36ffb6d97c3ce30b86efdd6cd794d62ccb32b6253389,1
0ce4165d9da2040990a9031b5871443da3aac9537c3f34b8e0ab8fe78b2dfd41,1
87fca875aec78996cbfa4ffe6d6a4db04a0a23f6ca9dac75a83413b7c83066b1,1
bab18b999d83b758aa266ed8a1a861cbd67fb4500fa7f909153a719ed2f3f6e1,1
ae0bd9d6ce4d3a321327c74b321f294f7eaefbcb6dda55e609876e6bced133a0,1
4cc6058475d813de82067a637459402b1c721bdbff68f99d73ae24efdbf71d29,1
a5f4b54e5a1842418eed64a9ca9a70657601ebdac79a4719f15c483339e04892,1
95a45209b1508aa9472adf7d8e7ae485d8037e269b2de82b3837f6005df5296f,1
25e18aa17500a00a3c238f6aa95055c1a88357ccaf29bd662391adc58565daa6,1
46be85df3989f6b2ecfb0904c76d00da41ae9b1991ec144fbee0cd088b5079da,1
8bf0f075d94604f141165e2e97626f2fdc23aa62caa84e496d0895526506c46e,1
702707a7a68697051ded444e819f6a0811bd7ae5db9a7e837f1b6dd9a03aa145,1
f333e2465fba02b5930a18db80d780d0d4975277163ea97b94042214d8305a96,1
63efd62753f06b063b0b25ed8cc1abb2f048b30a57021857ef1aa9491d1ca892,1
3d5f9592528bd3a05993965acffcbc8e3e43a5c25138d44acf7a7d2e50cdbb56,1
582f1b56995aee8627886fbb76024939ec31eec25aa64ab7aa52d92767672ebc,1
47bf4b1dda3b320757a115f59ff257d0c53178146604e6286610ffc71a0b84fd,1
0520d0023373d993d92be55c8bc6240cf096c7dc6ec6e1b5eb29eacd0eacf0bc,1
d952bbc1ccac3ff1f88316ade96ba52c4450675a6580a392b43cc22286554de2,1
ec3af8ad6ac18432f4498848789c83481c5fc6e1b10f522fbfd4fa6b7534b86e,1
255694759c8cf5e5bbd90283d3a48952f0e4aaabe6b395baaba707b2c0bee30b,1
9e92f139ea9dae6b4192c2a2c937e872573039a54296f94bfecf21b00eddb5dc,1
f087e8d6ee0f2a994983b1992e90587d437c227b830653cce6409b451be23534,1
c1c250f3fb8c375fb2f126d4254abf1679c16f2c5b4526a92172e6a8af649974,1
be4c289a02a7ea8c648231b415ffedafbf89dd32158d61d8fa9cd23c07a68ea5,1
14fff5c34e8ba399d963e24136fd646fc1d23a50a7c7931bdfcc6e0a7fe45b39,1
fe260903b3a263525abc9b260e9506a5c1b21189fdfc5bc7c13c0a9c67fd2eee,1
424871f2d0d822081e1270c51ebd8e3384e79f2848d4159bc0956b661d0a48d6,1
ad055cb9d7a2b6b6fd83009fc56eb2d3a17988b2e9f3cf3b682ee460dbcd4cdf,1
8aeb7425151dd45c5294c53ffe0ebda549ef7c1a82713c833334d96f51f8a209,1
75ef9c2265b7d4627d849fd8d49874301fe34ecb4b41a856e749a0e5494c09f0,1
d7dccd1cb53b39dc5ada790f0e4c20672861d88806902c074db003e1bfa6c89e,1
278d5f0ad0a939bbd3cba9f5d3e043a0a3f9a6cbab000d95087184b5fcabc2c5,1
d53e256a3a3202c79226f31afbe83e6098469e37638fd8d550d36fdc0daec37a,1
59dd168ff9ed538df461405ef763071eaee683b635a8344a65ab551ceffc49ed,1
1f5d08ec21b343f55e211248175830014970e555c007762c10a4280f6b254bff,1
4041e401f08d60f5108bb1c535e038d9ad18d46ef4e882b08760bff6b3d9d099,1
375b6f5156197da083dd4e815935b7f2800defd77c4b9da6d0af30d3a9b31975,1
1a34d3541675d8fa48de7cc8ce3030052202213f783b633c283a89fbea4dba85,1
fcadd8166ef37dff9e909158ca261973d326efdd37e9d08bb13226a975e63e6e,1
d30df15553e35f3f45cd34a7784dd158cc7bcd36b5ebc73811c2168aef18f985,1
36859120f92c74fbfa4f40d38799632a3ab17cbfa08be54be22f92c9285c5285,1
3d74fae35dfac6b93edb5f470bf1d4e86e6405a7bdaf513180132528d2996f09,1
89aa797d20a529ae8d51e9f6c60c1491350f96d3fed07326ffe231a1beb66cef,1
5b7a822fd372b1e8e09ca31e8a3dc066312faae650b4ce07e669d93ecd9d69c8,1
a95217b6f01aa4be4dbdcf3da112e4f2dbe90d429a931fcb077312f93b607408,1
b6640c33d268f5e95c66c791bffa71d004fafb24da24b50ccecb020cecefd018,1
16965f0ccab74a33f36bac0b2147001d7de1b7e8488a67c03cfb80455bdc46ec,1
69c01c76f6093f7b593e5d5d80c660282c44cba5d7a97e5978f35d039e12af80,1
52627f2e4f1f6874d9b855abfcfd02ab20559bf9f8051ac58c1dd52d82a51c26,1
4123a37e6f2770ec1c7065a34a7d5e4859641670152dee915cdffdf050c9cf5e,1
5fea8f36fa95d89ad5138a3fb88fec463886509d8fe7d1081a91387e7347769e,1
464146443241d36185aa548a8bfad2020d05b60908b2d26b508585ce19b80712,1
05e31810fbde2b1bf563d08796093a025bd21a6bb1be76b0c7f0394e833780cf,1
297d6c544edc2cd22769ff25621fbac9057a8ec3e2d0b1f946dab8f707dca731,1
e3ede1cebc0aba66e4d4d1f05c6058bf915ee4aca949855a3528e766d484b903,1
fb68e942e064368076823343dff4bca8916a7434fdaa12c99aefb2ccd0ed2cbd,1
695c18017811d486c344c85b6cc16298f7b8d732995007ae7aa6e8a95fa48a19,1
c00a8f0ef0659c2ca3a80acffbc125b677eddf862fb7cf757682e9bb3bce0ea7,1
f1ff13dbf9db4c4dc6870628c1ae238a9dab247b37d3bc46a185f4a386ab171a,1
eb3b8b2dff5692b7ce2cb77127ad569b12f6d8cb97aa9171ea43363fd8d546c8,1
2bbe6fe4594de2d144f4769a5c942be5dd4adbb10bc95d902ff77b65e3a70db0,1
e33e14745ad8fcb532f7847cc7853b11cadc9b2d64489395920095a7e55b12b1,1
f644f30aba15309d32306d60b623807b23825805c1802db318beb78bec2db479,1
4c720aed80bd9f13f19dd1cd116b2e54778c2cb6989b665f1529462d14f502cb,1
71b1329a5c83105fcfec3d64cc1f8d6e1c9390e861e6112b7452638200bb693f,1
6377f53e5687fa7ea55d4028610c82f53ea54398edcc922d710b537472a623e5,1
b7b66ac677fb5c81dc857a2b54a1c44cfdfc26e853f962f2e3e27c4c1f1bfd11,1
1994f0eb1478da5da8c279ec3b4a524e83e3412c4c858fb176578cff35a6defe,1
73ee56c60ab7ce9538d14223e1c91e15d6c5568abc1b7f84a514e4b630431acb,1
8b9c546e5df18078c01669670868c3457ca27935a7864fa0a3ecf8eb9ffda95d,1
e73333ccbef9869cbd6bdc2dba2a51ccd472fd9596123aa2500cec6051e81c96,1
9d8987e3efaf7209542a92abb6977e12334a0eff4bb14f75f55b44129cb9abf1,1
cb717ed37c707ec2ef36751750391a5604990cb4e2d8ef9aa8b80845d5c19543,1
d1b86ec648cc6a5a4a27b61ae8e1413af70b217b43cb598f5f2db46832b596e6,1
1d61e312e7fb3392c90048afaccac92c9a2ef3f3c3821de3047c53fad4cf05a1,1
e8944179f502281ec0513c577e651b57524f59d1dfb74d3778711052b7c536f5,1
059021aae05210a18038b1eaa69c3230c366b61cd9cb0add2095ec3336b40c03,1
93b4ee1f05b6c754a90fa3ad829879b060707fceba66e44502842c2835c87a0e,1
e0f2cf30500f125df5cacc029d1ea024247ebf3f303ecae65749a6192f3c312c,1
f5a7eff19cfa1a373874ee8654e3062cd9d7684dcd56e29690dea3fd8daae3d5,1
93ef22a231583d56b1f8a437933cf1d0dafa0ff7b9a2aeffdcfb6a754446111a,1
eef81f16ec9e0cd8bea79f5dcdee340d087e493d2da0e3632060f5f19fbaa2dc,1
b33a1eb5b8f435dba96be19dcfc86ad813253784744a39cc9e4014e13a32f42d,1
13701a99bb855bae09721ec89c191bcbefdc5175d594dc9a954d40b2e2a7a104,1
6a931e7485058637802ca2f1e25fb4364c6e0011b0f99bf8ce6d9a65a767eacd,1
2055c089eb7320e75485c87dac6e468196f80327506e2f7156b0cda2a618d0cc,1
e482a3b59052420e8c535ff3896b7d76b750ae4f20d6f5ccdb1168b093b5f014,1
009ff4b61e851f436177046aeede1b4f153aca6819cc2aa04efbbe731b51fe1e,1
d5261d3f1475ad806b85fd63048ed25c859aeffe0877e698bf946750b0a0cfee,1
5a14a168529e039626f32352e001fee4eccd25fd007a62a160d7edf011b5082f,1
de2df0cc7ea37430649fa7e97592a09af9b963d827a412fad959afa927b1af35,1
4a4fa1b80c1cf43c3186129ab5ec0a89bd99e9d99efe30a6e2938004e34b65c3,1
d1712f706e1c68105bd6b6a7115c4e0ac12e74ab87a48cf4f964f94bfb632e19,1
d072348fef8c8a6fa4774e2f58e0195a685124becc6ca13f3a00a05fda4dbee1,1
3dc0cf2cea973a0316b1d0959392a31339106aa9413a60edc01b77c4f402e3e3,1
58f0e62f7e54ea9dc1807858d103e95f491945c9e2bc32b215687d4385151a2c,1
6b82de7936a4f118858fa1be33a920fcfe02b6555232583cf96f9bace1fb7611,1
446170ac769f6e7ab41218549f54ef6cc38ef37046bf70165d9d1cbe8ed50319,1
6cda1ac197f8033ae77ec629cc0ca38820ffe9b90d6672acd2f86131c5c82179,1
a2df7b13228f7cd9b658d80bb40a8c942e1cefbfa1674dd32a54729cc8d8402e,1
ab626228096e734d3f20f85dd6cb770a860fa7704cedea4f4cb5d493bdb34457,1
99acdf63f596d02e92ae334122113455178763e25f58a30a16013ee5bc8962bd,1
26f4bde9e4348ff7ed845ac4b5c05b3ed63c6ed7de385da0e0eeaaa4c28e2f1b,1
feb5b41e94205240527e6d79b70c332aff9196f0bddf7f5099dff8a8ac0c0df4,1
69687380eff621a1c7078ca7c8ec9d4e1adb63f941bb6d2c56b3b19a68a8ac49,1
8f0cecc372a9413127b77982b8cfc5748b796b1c286c7ad6a4bd51ee2aa8f87d,1
33daf09fee063f1b172fdc0ad732e6bef1f1cbaf7521ff6e9c44be5772e90f5f,1
9a42f899fabf5ed610b73a2c46183ef5f66719e5f6a1effbdb8a063ca207c656,1
9f24f3d47b79a031dc20d897820d304994661674b787d180b68db2ea0ac8b9f5,1
7bf921b5319dab0d6e8b5a6edfc55235f0731b0b1d8042cb2e17001a3ee969b0,1
5527a3ccc12a4af0a08b0b17dd88f56d6fa43e7e943983e599dc3882281720db,1
924206d1aa7b50e9f0f10fd58415821004e487081cd0926d8bd73d9623affe49,1
2141d5999443f3f74057a1ed88ea1597125d98eba6147c49f7b7c7217e59b7eb,1
a279497510012893f1c3e2a89267af7eddf64b3ae1567d4ac71062a6301e795c,1
002dc09fc84108ffaedfed7990aae352a65c8032fe1eed06129e51c81cebde13,1
1aef59009c4111ab01143b91f894b22d94e6458753a9af989167ff7765888171,1
e44704c30cf5ba81f0807ede220a7fd8d145ad4ee43d468a54d783e18ca411da,1
630d5f355bd760e200de2ff2a6ddba726d872d5c0e3923be18f6683d7798a097,1
e33789c99506fc8c653352100f73a7f397675c40dd49f878f8a1aca5c30370f4,1
ba3535eb8ecc13d43ad191efcd2ef8a3fdd2bf100235b715326f4a5b9c55f168,1
242626a384130f29467152ed24604cd03d03d2b7b69eb74be48e451be9fe8db0,1
9084f17eb0a37ff09725cd5f6670d03d2a9b0257d13093117b71d087b15ec871,1
47fc118faeabea7c81b7575c3b8230a71b30507bf4bf2fcca9b1333e7d062c32,1
50b52642638bf0175091470eed581d29a97012a15e009d8bb6d25ad3de1e82e3,1
3315b936bdcc8b68f0a4e97ab309b8e171387326507bd48bdedc41224015af05,1
a456e461a46f45e4b6b985c4793f40e3fc8ea323b7ab83c64c20e8afe3d16a97,1
7c259dd83f6e09cdddacba199ea4ce540c5449450a3c333b8490e79132601521,1
0b65aafee26404c0a9077852319870d07d8f06f588eb72648598ae3f310610c9,1
6039f377814b7adf13d66eb5f8b5aa85a6744d58101e8c4dcdc9f9b3b1affbcc,1
982629ca29c9d3260bcef438dd78537d484b00a9ae7715963c194da9f6ba41d9,1
405749d741e56bb2db82da3cff242795dc2b8cb642ab106f3f79126a2f6b20b2,1
7e62bcac19c806f3c438a9ed6f3654dd53793116d4ea17f8f704d001551b138e,1
b81b19482dfd736f62fa26d29d057e4c76b3130660a4960ee7eabbd7ad4859bf,1
5ab001cf850cfad92edee86e07a874d548cd1997918d25265dd095e06c531b1e,1
08c56b6e825b34f3f94a911f9e37cc0760fbc4fc27ef682aba5072c2a8b6e618,1
a5540e187949f3d449431883453ff45dfc86eda6d2ac82e524eed4177df46778,1
6c67d9a157a1ab395564d766cf98b223c09c21a2016ff3e20ef268a13a617610,1
63a2477da4929cf7b1e6af46dc1b80858da0c4776120a21752acafe398dc640d,1
04893074faa1ca80efcff805b0670e39dc37bb2ac9ef7419666b0b4667bc9252,1
e313154e26fbf9ac0983a04a1ef9fbcd2f1d5a6043d36a88f97b382cc10b2aee,1
355c627f24acddcd198e3fe8f90b87031630a2eeabe5f8a5c374b128f85c1361,1
7dd2cc73eca2490b8cd33f6eb8e4dc3ac214ef966b69e5f809c4343ab608ce38,1
0cd8d5ab2a2f0a46ab52b4e641269ae8ca27cf48febf289fc1058528aac1054d,1
df247b02f1a884fe0c03a8178fc4e665dd72bfbb3fe34453ed896ad001248156,1
e520f86e725fec304328fb2f6ad054c4725c4e4eed07bb281366acc858b79b21,1
351180f183c7c5d36de17ca228968557e26aeac897beb638fa00823084ef5044,1
b8e2fb2b0fbda98e3483072c17558f8686c27a1a9df97412ed1d2c421d47426f,1
66a96dad13bf23fe425b7506865afe264379679c1683600ce5816949eb615843,1
b011aafc42e218d30e8a6025acfa6461256553633aa6f08af10f8598179ca8ba,1
7bd5c7c0384317186453bb7f29250d78672542b0ecc4456169d79b6c5ba5a172,1
62395701af57f54c3eee0cb3547e1e5713fea29b0f95f24b9a5b12a23176ddcb,1
44204e0203b55beb6ba543a8d0b4e9182d942a38d360c64df53aee671573535d,1
90eb650c3880c6aaffbd3ad610452784da5534b3ac3cef9fe1c035367155a744,1
e6b21c8617340319c90424acbed1676e33b1e9aa34d3951c4c40f1f93504b9b5,1
8ea2cabb42a18f9cb148bee03baace0a28fa0c7d7910aae7bf1e63d4c0eb7a78,1
36c348b5819b151fcf877108327c87569e13c3b469330ae1cf97b2e9a0c9fcb3,1
1c935404b18f3620b33e52d30e163fd43e4ca8f0cbfc8adeeacb2949334031f7,1
d8a9d9033f34be25759058951949f14d2eaa16ba94d06ebd34d2638aeb8cba1f,1
2c6d3d5c6059c864e132fe78c87c81f6e6dccea7bac96dc808bfddbf76bc5c9c,1
8d64b83904b59b606e6bae14feec26b3306b72373b2fe457aac1ac2f39ce99bb,1
1a627a281533957131fbdd58f834603b6091c2167262e0675168a4cc14215f79,1
d41df13fbb194760c5c2cfc498f21fa32fa467889229f60ca3ab11bc64d392ed,1
d113158640890ea1dd7a87b78cc8b175864900d50c372bd419f82c3d98b2b562,1
f06826ed7ef0f6e9cc6b74da1effd6f1773c6b621cd06bb00862ac1afedb3556,1
dee5de74ca493c9c1daa92c06548abbfcf68b7e4a528daf8d2defae04ee5afc1,1
d2d69dd8e5b1b6e269f101eae745de5b4d5013b2e8fc48144f162a2dd6ba958a,1
274eeb2cbd977d43c7a36b9d611fdded6bec3d1b1d0baa8f4ce66e1a1f2cffae,1
b464005f165fbaa2844e568163a6ba1ed0ac1ce0b6d47290d39a7e7b895e252d,1
1d1239a807d7e3206fcd2f52f49c09d26ff960664adab8d13456306f3ccbd3dd,1
68d93d95da92a8900706d26c1c026494d7c36739731304fc930bc8cf91dc9552,1
0c14eaf48a69ba8cc9539b04fcc365928db2a39fd0e22a55f52e2e54d4759ded,1
987fea03cac635914f96626e87c038f06ea0278e038889372a3ea3271dd3fd95,1
fdd1d44c3c938fa6da90bf00ff3988031853357f463ab0c32a6b9dda5bbb9987,1
be2de8c36fbf6c71bd7b3c8e183bd9bf281eaf113423de219e65750573c24ed5,1
0f0ea3eb5416ae11eefc4fb5e889676fbbbae9fbb99facef0aa5c6ddb2166a9f,1
6d6697d4105b811b8e8deeca332fe8c9cc700b380792786c1805fa33f40e23d6,1
80a1027905f91c4c4ae30766aaf53f3e399e9d99f8fcad8e304dff685058f3e6,1
5420976e560c62233cbb41de59bb073fb5defc4e7a2abb6498c35de7edfa4a0f,1
5788cc2bc562610df49786ae417c80d5f3b84f0a7cba8bfa1554c64c48e8995c,1
6d491645347752cf8085dfd97e797ee69d14a2bfb8a8b65b09f13064677edd51,1
78d2779199577eb49bc6796c31319b846b6349d3ce4a17e1453cc8eacda23521,1
3482b053b36f213c4a95a24efd62e6f04171f1a09340bfeba277f1241ed859ca,1
38eb79ee96827c921fe82f418228f533f8ef38e2570bf6c7e4e6be869ae27c2a,1
102521ffb5dface3dcb8a7dce5838c4d8c33dd2c28bb15d68d34ed67f990dae2,1
b5b8be668643fc18a5de2c5ff8bfad52b46a7a2276638cd132edb872e98744ac,1
2d182f63888c2e443386ad599adb11aa85b1fc8d61a4ea90267e11b21a1d7169,1
5e283096e9ae6638eb1179e3912dead099c6e7e7624234f66e40090b73bf4069,1
6d898f8bce00c0a93f04a2bcd63a39406b39bfcbd7819bced98184053225b826,1
fb3513cefcf2577425403eb2709cfd929da798473ff97f14df32d5df653c1bbd,1
02c92d3815def187f33b7249ac0bb1d8741e234436858b75dda63ee801e2c986,1
b5c464791a2182ac08fccfe76ba4883d50c2b8560c1bca77dfde78d88cb69508,1
a1f4dd542a8b2c3d932685fdb1107ff75dc770da3659f82ad3424e4da98da42b,1
7b166be3a3f6b5a21c98d4936a598d89cf2979f9f5aa0c607a81c726c1bfb441,1
aaea3e300652a72e3aea958ec8080ab17357314998c552e164aa91a869bd7611,1
698998597eb8510a27d5570d4d9f897e21504e50df5efe1c3f587a55d733f14a,1
3c3709a21d1b60c0322c3e78722733c33f88192751919c89b13bb3ccf74f43ec,1
8383180cb758b8b41f4f1ab0eb30ebf26e69f47463db61b1cd8a18f67628e382,1
302e693eab702f3528938a6dda7506475d9b86f23e3153f0c05e77e0844f7c4b,1
a0a50aed8ce40df8556f850860c16f951b426fcd98f6e41b0394d636188543cd,1
11705c6ae27fa34b3b54c7907abb948229bede8eaedb2f26b4981f7eacfb2370,1
6968440c2bd15d2083b54eae88ee0235e93b06d3cd28df8ce8687f18d2f862cf,1
72fa28418c4410fb201b637408840a1eb2dfa75a8ba683dfe5d4517c22116af5,1
84f5a6f238be03c6a39bca409ebb249bde8561fbad406bd675369d4f9c72772d,1
ca3204dd05d267c308c0b504340e1d341f9fb9368076ca6baf6e5be946cd67e8,1
46172bc1ea77d849ef944c102ff804e5abe52a37512ebacb33aae01230513574,1
00cabe416b8b8979aac5c984b66ecd21a46ef747061e1f7b64d32588666588f9,1
cd918089e6b685718c86f1e7c6161af548e5f57f8c823cdce5fff0a43c2e9103,1
d35188cb620cd73035a3a98597402efb9fb317d8f5eda92bfc489bf9bb485775,1
3012fca1508ac78464084833d93dfa5769a0a62f1dddf833c4dba2a5cdbb59e6,1
979460e6a124ec57a61d96114dc2266310a1f7f0776de9978427f14977a44981,1
0abe9a105c3f56593d9391288fbb0d21ef8f0c5b5ec0dcfd6d3aee3a409d81f3,1
fd3e8fe63edb749293f8834bf5614d86cfe97a33592c7324383b04c91f855101,1
2c7b4b04587a4ce8d68d934a9f80b7d0fdeec4729a1f4c7c9cf69ebaa49e7654,1
de37237ea1a585c1361c8f9455a956067ebb912924b19f24f67fb460359ce38e,1
cac519f71fcd7e49e1112cd89b78f5a239a27eb2e22842ad4b2ef51cf72212fc,1
09d46effaee7d2f11264f9b9c766fa703a07e1fa22585d4cb6ed96a4e208edb0,1
6ff40b26e41817ca080f45d2f965d86a638160af59fdc6c53f96ca480537705e,1
b4745eb19ac3bd8a15bd80c04577244c45d17969096556e79ad050a1baa66b7a,1
14d94e5ef0eeaff9c70ce884a11c09fc6e6f5c6417890624457ea27d55f9f5c6,1
9c2931b49ed4c7438d76ae6b4f4069666243bbb31fcbb206b93d8222201b5632,1
b08c0b79c91dec3d586fb5586481292cf7055caec7f2468e974eabdbd8fd814e,1
fa8e4f06784e5cce1afe582c7b20d66985d0f178d9f0adf1db0c5281e0258ac5,1
0bd620ece2b94c5da667a0dded2d4f2048c9506f6933548a2e589914eccee3d7,1
1b3d2ca401174dbc76e48b93ccac93a6b2f8e52df0ee9eb51bdf8b18198a8dfa,1
241bdfbf2d0b89a9a4da94a8191af3cda74d4d64777bae42f3b87dbe75219af0,1
2f1ad68251b98209b12b777cf48d20b6e04e638f178ea5f47ae3e44ee5288199,1
5019b84a1debbd6ad65fdc5bcc4c19e1f3e1880f99bb4101732514ffbb17ad25,1
9a40fa26323b6e46e9cf1585eed01d126827afc8b15109470579332923b12641,1
68b0053165a7981cda50c33ccd2c070a8435e9a65e137d298c925970437f4f8c,1
d6f7e88aa743d0024c66fffaa6c2a00b277ef545e0ebcaa2d8be97d496e84e1c,1
3e8a33cf86fa62da521c5d5db71dd6d9045eec171dfc37b881e2ef9d3eb8fc55,1
75211e5215906ea18ce0c0b908210c3d095c4a995d7440fcf9e07a2b5c86f543,1
928f3eb9726afe49ad6a4ebedffb4d5e1c6cb9bd566011e24e3f4c2e8cfd9670,1
e4dcd964e0c9a246c22047b5444f9ca9fbd0e89cddf29931e6119254c5be4044,1
43545275f1236d5414319e7739f7e3ceffcb074bc3be036abe2bb01ccae0a2ed,1
2d37a3aff5010032a9413c951d96babc80bce3d00cbee6d70ca23bd03a09de9b,1
12ac9e8b1ac06c8bdf8a894dc8bd19e7a37947bf6d5132176eb5d5debec871cf,1
df58833f380af962059a880645b23a85fc859ca44473338233615f49860899aa,1
2d27d3a973d8b073e434f547ec8a2f3d0adc34e64dc0137b4dd6a0e9dc02ad2a,1
ee686d758327f511f5e2ed36be8af600c49e1fa8daba94a8120a0faa9fdf6ed0,1
803efcb17d73746adac44c4915e87d42d78d13e1a7ce39fa700645ff2fa72621,1
a1a9248afca8311e80369a6e21f5eab777d94efdb8e2cb14ec0bd81251ec59d9,1
c430972b7ee6cad2cf82af4318f69940a1859689094e53f154ef79c43d263160,1
507a71d58a86d8bf3fcd22f42f1dd455e05b1faaa3416dc0a06701a841e0909b,1
f976311f42ebb7e953e488ae39c0cdd0f6c94c1e7234d26fa87ff0dc9bccafd3,1
cb0eb7863820399608ab32419f0be30cd32486082f2f19f394783bf361cbd908,1
5b9910df8402ff4b0cda5a3954a9fb5963c6432c553fb46436d26ef0922afb27,1
8283c8e9c74d8a15eee2f7d08dd4225916b38114d799ca23f0a21b617e51c6bd,1
9fa62faacab44eba289987384e4715cbe2b3b587301a566f549589e6058531bc,1
5dee0df2ae813b9d7f48a09cf76775610b190c7a0ff1203301b93c624e952440,1
52d1650b4e726359a8ff2e480ed09b04fa7a2785eec736c04da3327a19fca823,1
34a1cdab64ce7909331146533fe4f27af1fb614cc9f7e7580db75bb2f869e321,1
a18302df6f90726733a7f87443d4816dda17601d5b6daa0ba5ba8e238d17c7fa,1
b911c93c4a5c497a61008fb3e29404fcf909932f700a64a62a197ca8f60736b4,1
97b0cf9b249ead1e7c85b02666d1a544bbbed92bfc84d42a314c179384eed67c,1
8fe64bd55f59fa111056414e56eaacb7d9149256f0675acb4032b2fefdcf7476,1
f268e0ab01ce2887396baab082dea0360238ee054602a79db60a6ecba0146dba,1
cb91bf66158e80528f671e0246fbb3b6abffd50dca3cd7bfbd8502c83f44d9d2,1
0989599fbe5fccf430470b15892f29c80930b9aebdbea41fb64a5de827a6f0dd,1
c0552b21c25458af371c9686cdcd87631b738bf8904f5ef7aea69053899f2577,1
3c237c6571af8228195e5965d1642099e09177ae37b878cbd52589b6449586ca,1
0dc76e8da86dc9eb6808b45a26b29fbbf3bb3bfa889efa1cf731f696126e52d1,1
d9196439dab42aa65cf891608571a81f03d40488e5f96881d4e7e73d6e232a07,1
7b9623b524756b84cb2d6fbab08a219015602e2209e7d35b58f2f17a4083c915,1
94422194a256223f0f32741f4fbb672f3580113421ab4691e7cf5bfa20eca0b1,1
bbc271080843726487dbea44136d3881456aee306e8e5f07aafe230f32ae97cd,1
6d4780fde6cee9ece761c70845ff6742f41151897e8e958f8e8e1ae17a552ed3,1
6a8bad38121e92cdedb1f651de68abf11b07f4477a251042d1375b04f6774981,1
a15aca18de555d46a6224c3073fede56351a56e2c91af70307a72fadf893b197,1
c5e03ba36cc5d61ea892037ab89a114e9886c81a9f38cecbd1b3a44d5b04dfbe,1
1180472b1648ddbd6b945f490ae9963855aaf9242b65e8c9040eebd979d43965,1
5d2a6faae8ab05027a80c826ef9601ed3cd5406399e881d93a5ea49f685a533a,1
d9d20171e003cd73591693f6d465d2771321afe76c944dd732b32f5d38cd3332,1
d319f16c40c158f48bce29813630524a9e711d9a441d773f6d938b77be20a89b,1
f675da5461033b2c810df846b2c20334f261294f6778ee88763db66b2377b733,1
19834383acccd12db0c0d2b0e94e3424ccff3d0fea162e20bc48e6dcc35c9f0c,1
20d4af5ee8edcc05899765fda5f3e39360be648dfd6b079b904b90d5009834b3,1
3f5238f6b57cfcd97d5e0ec87dd656b917f9b6842fff613e9bf008a0b0ad69b7,1
6752353ec34dffdab3a31b879e540f80d838bebb7b6a9284c4d335b9886e75b0,1
70814d5e647af24e0294b11874085e73a0eba58eb2d3572feef2be2dbcda00b3,1
9bf987d48e1996a50b3121b442b6ad8725042965ae75b4039b8446305807ef72,1
a8337eb1fc53649ba6576b8c489ff287bbbfe837b4da0ccc5e156b4aa8dbdb8e,1
07cebd51841326eb4c1b5f1debd019b4cfa5390f6c2997ffc6b81e2ebfa4b662,1
856365e41fbec400dbcd88278c933e6c3dba2ae8846ee3e3bd16928001c06cb0,1
e5ccf5f8e4b5711ef77ed28a6833e728d486294df579001d1e36c237a38c356a,1
b148405c359bc01ee6520020ff6f99bde7f5884d3f402603e95f5046eebfc60a,1
d2b706098c5d9c0ba45cd8ec2b0b8b50a9dc074ae404fc73c3642817cdaba5e2,1
79a2e312328dc5093aa1e7a47de8b3ef7189d9d8a0b4a261bcf3b08d64af7e11,1
7c195ec0c10057b600a6bc8ab2136ba814615c4c76f324ea295da7c033f31cc2,1
d2af258df5c3ccd2812e2a70126097ae85de720e075d96ad2809b7b698421466,1
e80c353187e31dd0e747a4faa8a37f3e6b475ecb7b637c986fb0192c55d2ca19,1
111f9266ec598ec040ecbe5cec166432d4d19137decfbdd82dc7a9e6a481ff86,1
46b5880bf39c5b1e3346feb1e9f4de01afceb514dc88c9e7eb0592f24fb98eab,1
d68a668daad1c76ce17f476d2aaba17d23ad29c59ed67c3d408a20dfcd859c3d,1
6b2caf8f91ed2fcedcc3a43095b8f2ed1187658a60c7163c9e0be663950b84b7,1
ab4cf6011dd5849be96d3da333c028aedcc2c59fe25742b9bba26101a4d63864,1
71815af9bc46de0dce9c4d10160beae06add9aa367adb7c64a7273003d59c434,1
c52e4ab86b86f52d866bc78f3d4782ebff328d2e9f3dc44e13a0309bdc63f6b5,1
16e2689ddeaa2a1752e275727fb36438f238cfd2cf289064164b8749bf86c923,1
b9ff14d7cc16f1336bb036563181ba69d2200ffb7e4489922b86610973161cb1,1
6a23eab7a4e90c73497f76ca3f61b5f3ff65a1021ed9f473ed14bd0e98250ad3,1
81efe19e8d48b94efdac6736ab99996a02459197307a43cf070f970d13d62159,1
5fa5547c61021fe69f9b8c86e503450336acae683884e111cebbe63513d7276a,1
b00ad779915df42ed79514d01b3af4614816680329d43757c46901b70bbb6905,1
ecfb600174fc7069dc4cd3230fb2f41b134e7df95378d9e21ed58b604cfd35c0,1
fcc54add8a8e73fe290a31547c75f039028b665760693d641233b4b4a474007f,1
ad0a27925d0ab309386e6cf7305a0c3a681a22b9bbbb2b9ed5b7948e393d51c5,1
b45ec61bca1368ff6ff2919af754c0a157f4879890ff773f42765c08be22e58d,1
eb91176b86892b98d70346ab4d4002d12fa478f79ef1b98d545e36b1777333f7,1
b0e3cb4d93561c0da804a92e5dd35e7105a0c015d09230c33d973e42ee3b8096,1
61d300cb0133d93b2d0d76976bcaed3496ab0a24cfdaa47047df1b97cb87d1c1,1
eba84110f519c344691829ab90ad2e1198d2e9203d0e108cd463c8487a7a3fff,1
140dee182c7392f5ca68dc06bfc7c53a6e5cb60f15f370e43c4f106f46c5fd51,1
048d4a94c4ee4e340e1b94fb6e90e3ce897c9e00ecf31dfeba4e427ceb1268d1,1
d06264649b3eb2ba08dbce5873422dd47d94a5adc53a93f83e68beabddf6f7a6,1
df9cff729678437a9e20daee03761c6bc1080117633f9273908723d2d907d73d,1
2d189b123008a71f881ba02e762b51d729d0f3f7060930c89e6c667bc69af4e9,1
691d744a70df47a1d193a578400119de055340442aa3c47c634dda177b406815,1
b0434bf32d38536026d26b31f08cf8da22a02a75b9034392a0dbcd19848023a9,1
1c1cc57e7ab7b31c52ef23fc4d25933eb0413cb9711c88ae691909a0817b5f02,1
14189c0e92e6d218ddb52fd347512034cefe5af46c4005d4a56e2a23eb65dae1,1
d540e5d523953677b28ad07246499bb7df3342b0a168c14a688888fe2443dca1,1
1ae3cdcfe98aa1bcfbeb166f0af47b2bc272743ce7a09c987a48644e6999817b,1
708bcf0a0c8594fe29b13663b2fc0381e97ea29c799e67b78144e92bacbf285e,1
0415597565ac2b008f23a8ec2656b262249e8bdec55d23a485855d21f327d74c,1
3978d601c936f3cf0a00ba9b2b99f7ee138acd5c6db1119bf19d71b745587721,1
4ceaea74be0f363aa6bb029ee1b5e89e87988e087deb1f4031845043fcbc63fc,1
47e319f3d2629dfcb8eb2fe58e9ad7d4dcca34e560f89b55e1df2281710e6e00,1
f5b7e69fa54432a1273a8334a31e22e26b0b8ffa309d87984425545aba9e6a98,1
07b76e75bd06dafba503cf44ccc955ebbc2bbd844edcc62ed287518071f1d7da,1
8edae57e995168bbd013f46cde6f18b878420512fe83ec4106112fc8dab34437,1
d74a4d7e415838f0278dd15e43c8bd6f16534311beaab903dbb87011a62fc836,1
e3fe306dbbf40b6eed178c2629086f4ae00d674b155414a23f7f476e621425e5,1
a09e4ea0adef9b8ab71dbaf61d943c8fd1f980d89fac5c6179ab8add5ef438a0,1
aa2ef33ff9460b639c7a122afcc1b7623ebc94eba9e17ac4a22e0db149216cc0,1
9d2d908dda17610b3d5c604ffe48262a39e568c27a9bcb7e374100c0ab221518,1
59e9a074f73a751b423db3089662b88ad93d1fab56ec8f711883ccd7c5c91d40,1
30ff41949da14ba079293475d6324e89c76e729f5bc48f459d359873b6b5e33f,1
a4cca2991b722b1190d2e284058f58d159f30d4b642a3a8b688a9a9c320a66e8,1
0106b1e2611138e3ca3b8f81b3b6894052fa7e9a94fc9447772e3a80c054e503,1
ccff10bf13cac4d6651153d30f1bb9c31085ea50de975041b4efb3b743f65f1e,1
95d7bc44691cb815c8c5e3c5837a926217142404b08bfabdcfc44757405a305a,1
dc19a2cc68aa19d59488aa696fd81d8baf4d87eb8c705dd49e14c5bb51cb9a3b,1
6b02b09b141bdb94a7e06734f7d51af089b7b3a4f60d3811631c6293c916d41f,1
a2afeac96523b8bc23b99e7ad93bddd0cd5dbe33622749867870d45627ecf9e9,1
62c81737fdac27c670878c688ba3598f3bb66dffed02266a2b41bf7e01db282c,1
2c9bdb901abc57354a33287e10704a95bc4952270ccb09e6bdce112b3ce57fb8,1
6f0c5b291c430ebdd21426ec117c7c879006ae74bcbeb48842a0ecef1a5f2171,1
93c57a37ea57dd703261bc0416465244706c1abe3788749a6dac41e120bf9a29,1
258e38e49dcf05f775da5acc4b95c18bc690db5320e1eab931103fe04280e479,1
fe274b9da0032160d8b9c123446dc8df2abe050221b298906c9f1d28a03a117e,1
149d5c0c57b32ecafc300c0ce172b3bde49f3fe8849ea2b01fd1dc829c27d2f2,1
be0949940cb855b1bc02f2a3289eb0f20925a6868101a79b461a3f5e5e2e920c,1
aaaf33fd6c8a5b921dca0118cb301aa3d7b0bdbaa13c3bcacacd01a376a1d058,1
580a75610a4c0bb0613d7e5f745577d9b837ed22472bdedb460006c5cafc438d,1
97655230c2e6b746c804ac9b3f88cbbfefecc1a48ae54458ed3feedfd89eb3d5,1
d3057d620b798d3d3dfaeb6bcf60e0b53dc6783b9db51513aed290afa01fec8c,1
efb4ddab55893acdd7d34ca80f9c5fd593f73b117fb665f21c41ba05600fd6d0,1
5fb1fba86371b80489fb638f39271b0f0095d415d95a1b09ffb117a488006a7c,1
f4827e1bedcf24517bf4cd90bea66d845cfdb02530b8be46448b4377bb7cbdea,1
654525c9e2b49beff666b8c193f0053dcd2b8eff21aeb216f42990e011956be7,1
f88bd4458e72d18aa16e9d73b5a003cb032da5e5ac911c236f45eb2927578e8f,1
71f2b6a655a03768826c81e2be2b6e04300cf3403308ce55b9d754f2c5e6fea3,1
c69da2c419f3bcfd8a59cdbe9796a53cc85e1d5d8ebedf5b22bb365dabfe08cf,1
043ebdc9eace4c882690ab404fef43c64bac2f64562582873a3e61ed422a628e,1
fadab94d5b483aeaf45984b879fd7311dea87f40100ff3c2b97aaf8cef05ae02,1
ee76b6d1295b63b1a2b23992af5aa307fe04defe0e86b507e0a21e89b40085c5,1
606ae4f7a7864c3b51659b1b35b9033bd27772caac4b0056c193101f9fae67db,1
ac1c70a2f382c4d7c37458d3470dbad03cd9d7ff620adfe059248c64ad2a8bca,1
abf695d1f8428e63d1d489b9c500227a02b5322abfd5c0bd030852e5e78c920c,1
7a5d73fb33622085685aa41b72660de27aa9074d39d1b889846071b7b8dc4253,1
509b66dbabb40c74c9dba8b2d9bd75a846ed8bf99067650ed5a0d62396ff07fc,1
15cef277f5b1d4e35c7d3c5e618ac3340aefb554cab47632e0140af8d83f7ac6,1
4a03ec67c539e2e9debbfd6f45aeae0fb64b00052f614e5abf2ab9a936587810,1
cdde44f06a5cffc00f1224668361c74f2f3e8ac2fe5f536c45e942b29419bfe0,1
62b2d670d1768f7e6bc1744b27e0057d4426474b4bda7f5a7cb218a5af9c01f0,1
c63b8ee1e334810dc83d17cd786ae4ad4b790264627920fe57b64d32b620fcea,1
d54836468e70b12c43b30e3a4d288d5ec7102001baaf8b3bee1b7727f4fb9d81,1
4163d2e554773b46d27307fa24a522e2408058d8ec85b60acab9bb1f2a0bcb7a,1
5f592d45c2d2badf9c36bf15345a870569d62b6f87e6141ea99f6b08f429f936,1
9e9ed63ecb2e83018a51d3c904183830bc54d61a4a8a9cbcb7c962397d9aed37,1
a7929b77cbf025ba6e431b64d6b7831b7164fae823c64090f0404ebe280547f0,1
e7717a0088f2251ec44147151d0c1cd606da8e5deb1b589e151526e0682b162d,1
a1928d4248d538db169103a9793fedfe675aa6e5af3fd0093199decec31f6d3d,1
b6411e729ebf9905b1f46729ea1453c94cd1122aeb1866e194dd26becac7c09b,1
8d949ded124ff20e2246d0ef219517bb1a0b6ee82bccef771540d03185811d3a,1
17241ab02d4837ddd72a1d95293d4f26bbe37d6a60e3f0baedf1110c23fce233,1
d03351eda0eb7537e4aebb1917a157bc6d6fbed57f42cf55f4dec93406713ea7,1
b1e8bb6bc1e47ba3fb1a835ff9ab083712ae92a92f81249ceaa29a5cfaa50666,1
f4403bef76d62299545b4f23717877ca40507f1690e42a29b97cab3e8f094ddd,1
1d4a00060c97469597153fd4e14bf9a9334cf141e395d4c21736809693f914aa,1
fa08243b0cf33a9d8b2c7ca6c753160614051cdfcd77672da9d89a0d83bbc9bc,1
01fb28b8904e5be5a47c3d7b478128752f43f5a4530c1e21f973dbcda5ea7a0b,1
712e08f0a51f9b76aca9f2bfb261086b45851390d1340123482b3bd627adabfe,1
cfdafdcec23e9040336782b0b65c2e79aebe84ab3e363c0c6059dee0c8a3b695,1
3aa10264b4a5d749148ad691058a59e10558d9f7d2cfec1856c01b56345d20d9,1
c2ead940b5ec756dcfd6923db478c44d4969651a3a5b7b8b60ad482c8e6f5574,1
08eeac7d652b286605af65eda54aa2652e14d7409c86f569f3fb30d6a1d5b3fc,1
5fba25d8f25cc9693f5509825ac56cbc6e40e62acfcfe0969639ffc39a4c51a2,1
79038d2ea2ca6cdb2e2e1a700f9784dc6585c702e6dea5256b75c5445b4b4f4a,1
f0091462f382c4f681bd08a2c84e0f03ba061abc93cfa92d9ab8a895d45995e3,1
33eb2f1b9e821768aee751cf990ba8c7933fc2c5e05fde24e7aab21df3e10aa7,1
bf57d6cb31a3a068ca1671bd250f371cbff9408a206b7cd7a6ceba2d4f642598,1
280082da9c31053570ab9bb80120908b5597fa63c1648fdcf6af07fdfeed476f,1
341f82afd93c413652e22e1f2b3ac414dc97d6c1c834312cae255bb08c28a4c2,1
f554a109aebc29ac4d753967a1daa38c9669f3dc30cdf1ebbdc9d537bdad71f2,1
e417173ac9cdc022f672e8dfa472b027ec7bd437a5dde0825131a938b96991ca,1
2c365106be27923e5e5a5ec861c6befa23446adcc53dbf6b8408a6d090a12cc1,1
f2ec3934af728deff52aa9e70ef3ef895007580085009163ce1c58d954074fbd,1
309cb1efa85dfcf4ca42b42cfdbfa384a2fd5612e00a1d44c22fd994564eff8c,1
f4a8563b368d69731b78b83c2a072a97b6b770a2f499d8b2e5d10831c6a12f4d,1
6eef3670e95d8da6c865a408986134dd92afe049450e464ed5ed31732c933a81,1
a9bd47b283a46cc572a6df7f597dd0977b8a2a867d62c8c876824405723ccd0e,1
3e3f7f0a576d8b600bca8407b1ace38f6ff9b0b81ba5f7960f39116d6dc3b0f3,1
8a50d10652b5a185d76b54a9d4c066ed8bc29dc0d815e883a0c236ceef7b8ce4,1
0cf78fa83458cb1f212afe7ddb54c220b950cdcc7826c328a6e3d654c5e5c2d4,1
d5c8adddd085485d676c80f10860d4879f6e0cf3088bdc192409b132bb288cf2,1
268b8dc092e47067f090fe68fb3b296e124868542d9b336329481e355a1872b3,1
39222e0f738051917f5088666afad5c07b9dee95e5ae2ceb87c27172a80f8291,1
270d6728e1167492a3f6a1dbbcb36ca728aba13043ba88c75315ab1888be431f,1
19ebef53d7024c0cdbd3f82b3e69e040dfafdd3cb7fccaa1be0cb86ca7ebc5ec,1
45443c795f89345ecfea5036193006dac36ccb12847af57a576760e996708aaa,1
441a00a0b9e019a6db0a2185a1d6ac55148e627f13da83705f6f9f610c08fe0b,1
b998b84a283919c34c764a0d4da74ee71f857246e71f0ca35cc334c6d19cb408,1
f15759678ab8bc213484d1c183438a0276b22db06dea26297d95fed021c83fe5,1
6de8f1ec82347176a68d04ce2bd9d93e7c48be6fb99a24c47b3df1cc9b0e61cc,1
4eecfdfddf7c98514b57e0543642d8f232cd08635e1e494c1ef38d088252b778,1
e05cc17dd8d92335d3c0ff9625b9388a016f843fb2a8b3462e9ff40a9e818793,1
996594e31e69785451a1482becd67ef8d59f9e69829d152ad69e7516ebf130f2,1
18e8357f0e8ed88508221dab0eb40582026c7a8c55d1790fc9ef14bbc7eab1a9,1
c49b22d933158008af855f45bad5b399d3d9dde84616c2134e539826dff5c3ab,1
8f8d3b34b267d7d32570a8b97dfe6aed32bd91a22a2a774f7d8c57ba597f07ed,1
faed9efc7b2cb82333f9bcb49bd49c7aa0267cbea7a2f7f1cde1db4cf6bdfcd7,1
58c21357c7ede17d8776e578f40094f010e85956f6a506988fa5680beb28bb9b,1
d89b1a871577da161ed19e7ae5d49055f12995a7b0c5ae08529667a91686c7fc,1
11646f7262ed6df654e67e3b132c59f45730a295fc77eb9a93b0971e0a57850f,1
cbe61b0f58d526b274fb2fae9d36734282eb7b262be863f4026c2882812ef34b,1
ebde83af6da96e8dfb3a7955863b1b19b4563c7daa91bc59de57ff82b4325d3c,1
581d2ccf8441b6e126a465acdf3acf3745e94e172ea0f046016e83951f259208,1
18c89254a076f53e660ef5005fa39039b2f1649df4fe27e48d8b4d2b46c453bd,1
41338003ac8e8768a217b83f3a71113f568ae60df3451d5a34c00f9de7a06e17,1
2675478ba598a48942a462c58b518b74e296da2abd76e463c3cd55f8d37903e3,1
a591db0987b193854f7d7ca960aac9d89f236014b0c392c0a7308bda3489c93a,1
9d555f8bda256bea357e474ee93a8491722bea106094b480f6433c1da797ceeb,1
43c6e248d7d6daf2417f52a901814f66cf4528c19c038e2ec206144e61d7a583,1
f668a17b570841870f2fe318445331e43562bc64c07870d6420fec204e411df3,1
8c52bed49b0543da0d05633618e66553862f639bde0e3c7aa59189d7da67b015,1
bdaef131d09af21b15c3346c08494a616914309bca58bd9df1d75fd685f86f79,1
bc092c5789e4fb3cb6c3e0d7bc937fc4c6c0b56eceeee57590c99176b59585b7,1
c3480a60a850e6b511eb36a71ace4918bd3d4f81cca006491db639e39c47b3d7,1
a14c22ad258554add99c4f035ad888ed0d5ba332afcc5d8f3d036915981d9dbb,1
d1bc8531207e350d1f9e58fc20f9c36c9098edc643ef43de4c09730fcf5fb8af,1
10b05da55fb6120465054b172abecaf6125b17462c7987870d24db7cefb08fba,1
0fb5167e1541f06d56b6911fa39aba79e02c1f82cd08e95bf5db95df1a760fa0,1
f68655bece3c545c3f99df78774424a50e6fd370205d82990885a736bafee932,1
ab397f6b7640b087b14a670a41cfec6dd59abf542aefabeb700099802bf8867d,1
23a2f477c2fe6ab7873a80c9753cf94871ad2b99739ca3dbfd12374bc2d6fa7d,1
34c6ed9681e00b1adff36b425890803c16f93ba1e49b958f43fc94e02b5b8707,1
b60e61c4a0cb07b057be2a2ef5b87a0a80a9f28ec8c79507b109aabe9a04df42,1
8313bf7b184f8c8574b0df29e5fdd93a288091430e1b30f08169053cbf99c745,1
ca935529e52e30d326ec2a3d549fad72b93752e34d0f51994bfd2b62284cfe88,1
c8e84399b923f3ed4865b39ef03248cda205528480ee977d8ac88782f1236c90,1
89b5f544f11e060b380e44d396b147244eb5c71ee537b8fa4e409fa0e7c4a593,1
817b90104fbd1f704b7340a67e5f250e01ce466408107b1d543b445ada4b9f27,1
a1e116cc546ac8c500975810e8aa81e51ffc4aee6351286d2e16afad10dad781,1
474d068fac1213dcec0feb67b6412f9b8d0fcf84bcf1ace782fda520c8b66c9d,1
be751c89bb191b529d19585a6fb01a09ce09814b141d37681e70febd66dffdf8,1
0bba244c047a12296031caec313ec6be4c325bcccb60c7ed5743ceed39ed2846,1
b0e145df3f2b218084e1301ae1f924f2325e44296de951129440e9c020affb99,1
a596de19c672f8e287595c5aa76b9055e3d4da9bc8f6d20095757e519823a6e0,1
56aec93b209dac5c1c17e8f642a4aa2b8957532a5258814d9759f9ef8996f527,1
8b3fd24206d58db45e49689c886b94e91ee3165e2e1631a14b2b067464dc82bd,1
0763c4c148456736e133292ba49ff940e7c90ee023c73110959429a12df5438e,1
878c22fcbf49fce15d8cb791225f72c501868c139cdb587740a34cbd67cb48c9,1
93ca066af3e9c3a193804b2a3bf7d529b5f7695b073cb0c1a7f6d6b15bc449da,1
1d76d8bcdd5e139df0f14e6441855bd0e0b8b99c532af422d890c4aa9db23591,1
dca0489006e472f427317b569794f1969d85cab223f02deb30e3fc39aff753a4,1
4cf1641210642aaba92143621da8c73802102541158e0dd6dc201b571ac0ea3c,1
86451831cb13053472051b4ed5b3eab6004bae13058acbf3e90f1a72eac4e3d8,1
bb8a37f473f6a15cd99c7f4f3780ab1e8f80ea0c84cc94906b5a1d98a996b616,1
8351b2324b9bee3a95cb1bd5939e40fd553c278235a5537f9404299c5cfe7379,1
636dd85eee57cfce58475ff7542a885b4c3111a5b9a4d8f6f11b6aa6057a2e89,1
bd76d983e9fedc790d5a080fb3df3d1b3e864e264f38bdeb9627ed8e2b824746,1
d78c8d76127d7e47280ca4990c52db78685507764960fc55edb935ea4298f278,1
5c8f7cfee93a644142dc616a367e996b4d12b01ba19a6846109e31c3bdb3d56b,1
425a967afef0479e606a4643824c60adf5ff368aabca553cafb20b80f69e53f0,1
9709d29dddfd3afea097461f67c7eca63e7171acaa9dfea40c75a0b05a48bfa3,1
88fc417abf3ea60d4edb4aecb67ba21921c83fd4a3d1738301479377d6b6613f,1
8451744bb0f0f0d73856b98de5e78809ffb549ef525b3341e0c2d8aecfac0990,1
478731ae25d6274de7316389187f3db7868b5d95678da6c7c61954e857d7487d,1
22c01372074b5db3562c2c06504fce60d2da39c17d0031b056326de82b7f188e,1
3f8761ab5b53fb170d29a4d31e00c7e24f60a776396bbe90119b402d4dac6ecd,1
1e02000484d0c70c65fbe5abfc442ad5b760fa9fb7310509b58072f987330378,1
bfb18f733ec0927d5f601f22ba8135870a1179a69e6885cbc1325dfbf91254fa,1
985b55795035c92503917ce93b2780595108f1ada88647fa31545bde6f163263,1
ea116ebc8bf4ebab5f5ac7e12f61b656f22a272fa25aabb08624c048b872abf3,1
2136627974c80dc122140b5607192f7eac37b0eb47e4e2466a87b31258223130,1
6992ffffe52e47b66b96e5402cf7e90da4511cffd3dcedee9cab79458a1055ed,1
02316cd5e39775d00597eb388b0619ee3e1db82a7d0810cb3a953924ec9e5763,1
33def6c321c947fd8633a49f9bcf1469c0e5e09df79e7f14e276e509587a9915,1
58ea7c57c440106e509bdba8fdc6975ee6a7375cfc2b0399972fe24c6824fa44,1
db2c97d952ae6f77f1e65f564df44c9bc5ee5563b47a914bd8d183f3779c023f,1
4a9b19e5a1c1a86c2d6636bb50a5f0fae05430213c95ba9c422ceaa8ea663e38,1
0ff041d4cfaf480ba97c5dfa0c961570adc774631cc84db6930379277f62e80d,1
3d620d1cc74b845682fbb344375c213eeb46a6c320f002db0b6c83877664cbd2,1
4b7815c50939ef240b27a3f90b8ebc4599c3b4a4cc2402bf34810bf15de5a5ee,1
b8ffff473fb742c17489386ce778c53dee822d81d8011ab02f703586504ab346,1
76d47033c5a21c95a255d428c0cef1a6138b3d003213845e999f81662b499fa0,1
f814216bbe5c61c0c10b04e7b8206e3c9f81efa60bf870f2bf06af03df5801c5,1
eb6a0761aa17f59ab187d05c9f621814017298a485ffaeeaafed964dc9b67561,1
5a66c2e0e4447137ae3c31d4408ddc0c1e07728a33bdbe61bc31f69e75f923c3,1
9d977953b8550395af7cf4d53eea0c617cd0a2e3a81e36ff6e7da4471b6c9b6c,1
057c795c3a6f13408f04413d0d7cb1fa3dea58a8a44b4ecb13e306899a280557,1
5a1667d793c3fe922d17709eb50e543053f01762e3eaa98691005c1451c3e00a,1
562c7cd4a6e6ef86da41185f703496261b25209abe2ffbe4bb200e9112812246,1
d0ff696e8d5c9e2ec6cdc4e4988a8914939b58f3f46b6f4a6aa9d5f668e4c928,1
8a02c51f1303375acca6f911af3d537abc6b94aeaa9c1e75b45a41d816ed8e17,1
71f704d620266bda80bd63d026432cf46ae835318c492e84a6b64cbecd9f3d97,1
63767e273d041289410874f5bcb8a34b53f3d7a4f02820b269e1edb2f8544b5b,1
629b536217d2df67065a5c9474d42f1d8cec2247490f77f0fb9dedd20d2f7726,1
075483c053e51cf9abffee169a1f19a853deea8477f9aadd607b6404137b8161,1
2603537d7ca3f8a2b6ed1f8333f1c550470914502810156fc6a580e42ab2c3bb,1
c680c3f42ea7e9ff95db007f57783d23f09f8d27e5f739ad02c82e4838fd65c6,1
3c6a49700925970f249c9471410b2d51e785794d38dd930c7de968e1ef4d6274,1
b7289b2a15e9c0ee5f1c0ad817244a624a1832974fefde6033a1eacfb932f7e0,1
b2d47cd0521cebded17231eb283b4f0dbcc20094d016db9be53ac00868db3253,1
9e597979a69b34be15c342771f81f2385dbf04e72754b09dae0255f0ad2efcee,1
c4993cd46ff8de0be76018a157b9686e2ab1e6317cea05ff03130bd28b004143,1
68d60a4d951d8d79ffae7dadf44c652058651e14d3bc6627de64afa8952aa0fc,1
f28fc0d610cf65e58d3aa25971f2713b04f2147ce6034c653f2afe4dfc9d3807,1
479746d964769ef8e5fb1aee50df99bcffcddd2d539161741fc91cf52a4cea7e,1
fd4a8aa9cdc3a89434e3678bacc2a3af9ae1cbf87280069f9f8f6f601770051e,1
8afcaf55f0e84c47d3dd562a8f12ec311653671599414f0e755482360f3ff779,1
d27b05941bc75e362de81d7d4b8022ec443d520600fe6506f50e72a99549290c,1
a1622eb58d9bd0ee12f7bfc29d15f20053a0f2b46061f8340398b1420b072f69,1
f27f4581aab1e38c65170ad6863d2b793473ebf57555d227773678ba3cca160a,1
66cd36dea72b9e047d4665c9d998053ed64c1b35d2aa147bcb9027dfd53e737d,1
fb3b7fb7d790d9b7c556830243551917fcd2dc9df58507c07a148f66e7ae862a,1
d7f57b263284dd8710310c411fc469aa782756682eb8a74c65f1d2c86f846087,1
85308a79df256ebff96d15c8e4f97b71b6aaae0ca59744d6fe51ec06afcc4b7b,1
f4fb6c816f139a7f3c85d52d60f8a522b639e3a7b077c19060a39968e0e4ef38,1
7391294967c7c12238ad7d3d1f14f629e3d7a0cc993af03861b0c0e922f2a340,1
fef94a4a2c0c74f6744fb604364522e5aa59a095459f85d6593d02ceb861f4b0,1
099df679f36cc0ce14c926e24596c2140a96b14f808ca7a4fc38a4c0c6d141c0,1
b3711de6d084f29e579010bc9b8d6bdef7302c7238d72a9c9a7e96a57f3b4444,1
93d0dcafea6fadf334fbda68528e5c6a0ae8cef141e46ab5cc5a94ee19d4a030,1
cc61c4b22367a718957d65a1a1e2f538ca55fd24028293182ce786a5f662db66,1
a95d5a150a4b878b766ddd339b376aeb850ac2e6efda2615361fb56d57a01879,1
b450146e04b8712fd2befdf720ec97bc06107078e6cf9cc41e67bffc72a5fd81,1
f9e0b573219a6f978abbc914c37a3adff39deb0253bc981ccef055bb5a988db4,1
1d9048a8dacf2105b81d509b9d0bb7056804eed51e38d16cb2da41910ff79fc9,1
7a399bcab8755d08cda60d2aec3c7ba41c0f6fc9b8c3f3b028b034ecb2857219,1
ae9d9c6cbf0078158dfa89361ba1009d6a1b95dbd61014a8753cc231f70b64e9,1
df3f92c9a2709383f1b3d8bdf30646db1f59a6b26440e7f5a8abed728ccff179,1
f1798eeefae50344bbb0a6d5a12b4fbe6c0265f4330c6d329f1aa9ff68ae57f7,1
f68fa55082e39e957ad087b8f477b55c990e2236c7214cb73e5f04d574623772,1
27ce58fdffd7cc1111fbae0399d84d67b2bbe08384c2830c0abe5fa831ac1e86,1
c52904b1188eeda6297929d2a398bc008221fbb33f1efe25157103eac9079581,1
69386cb4530049d8db0667baf72bdaf0e0024bc06175e740e5ffe82c429b6543,1
72295d4d60f841a231f6cdd15d54aa26d7b630838d7b2fffd75eab3eec4da3f5,1
faf94850e97c7f4e3cba88ef1df269e0dea7b882d3def176f20ea2a5e6e67003,1
9068a59da40da33d80e0a485e6d24338758d59de7784820e63ce1e503628a427,1
5e56596d9935bfc9569f533beb91e74c9c0ae068f01b2f78b6b73682112ab22d,1
c4d088a649150ab50890c94807fb78003c8ca4b2254d7363878d08eb0e174c33,1
d598e863c564eb6349b9f265f388358441f58afecab82e9a27b938e881ce5484,1
4cf84083ca21303fa34b6a7b28d72f2ee651f17bd76c2f2377b34eaa8ed9b780,1
00499362f7f2f5a7a5578e225cef8b3be8fb9b4a0f0c494a4c41d5a459d0826a,1
8c2f3fbe0196eeb1ea78be4c196c31a71426429c3f292a898ec979868707db54,1
b45aabd0f8f5bba81c6a4699a60eb5eebcb9d277f2a6c8c1ed0a509c8170116d,1
cc7268e171729727815f20f66bd313f70a00036f8fb6832684ef0f0e6417b058,1
21ef3f0bcf2338e774e8388a7d6813786219d2dff38715c67a1b49597c21bd7c,1
5fb3cdb485386f7eec76a58d158d9f48cbf043552868fe8aa14e053e9d26479d,1
495317daab936bb552e9610cad58b952716ff62be9aec34dbad463e04fb6fd8a,1
ff5630b30879ca239b0532a6e95d549cbbc3dde2afe9363a3c9cf311c90703fe,1
cedca768e19687e0b406a1e25958ccbcc954642eacc2e5edf48f36e9de4d10fc,1
d40053d6ea8e7cd94be6dd2eda8e433511ce612db6f243a1d798bab26387dfb6,1
d238ebd8b4057870d9f8278b3068f241dcc7a1bbc40e3e15197a10a64c930b6e,1
6c4a3d6db971ab1babaa3e22e175e241fc89e4fc564d626651b84e46516d5898,1
4d660dd49ccd90630479cee60ef77c41b0b8c9f034d24eddea86fd11bae9b328,1
92a79ca79dda8ac669071518075bd795acba999f33405078646b90a97a5bda4e,1
cc7ce8e698e0da849ea4dcfb80d4bb7fcde2534b574bb419f1d252839f3a6723,1
fc2b665c9b90b84c71833fea79fca06280bce6b5562482c5da779abc2244150e,1
305d0ad180316e1029ce58dfd9ca454b9e7cfbc5b9a5b0b532f9de19a9f5f90d,1
bf0cc0000b79a691d0816831d9997d3dc3273d880521b7834f080472b9f417cb,1
3929d7771f301e6bc3ffa859297e378b34296b7da530b907377b5705c9377ecb,1
76a1ca54815332a13d0f994d00e5825a0e827fbf579d0df7f6949fe167b652b1,1
7cc7f02fe5b38fc64ac0e010a16619de0e963fd49b719ac5faf207506edeba78,1
b01e165bfa43389fef21f21752521224d61e8c785407c181821e5907acd18769,1
a7e5b02e8c3ecec1099a3d09a2bf52820172a1cc3b4de6e97b5302f84386ff6b,1
11e1a7a7185c61bb29dee148fa355a9a7f42f0c118c62cf705c750fbfa6812e5,1
ab5d532d78d2f82acfb88c34230e73f342eebf558dc3f08b598b5c987cf8974f,1
4e35f36c4909b821416fc0debfa6eaab210dbc72aa7c0360527f31eb460c0df5,1
2b6235e27df074652d6d5359479269264f0aa3c249c7fa01f1d63df905e6d67f,1
a9dfc1300e5196d223a6b9fc8a119b0b572987ed2749d83e9c5f8f5e89f9c70a,1
98be6541a84e8c945583c322917982a92dd10022df6d8fd87415902f4c1989eb,1
91b23b5a69b980ed7129c199a9245a57766a0584c324c0686860c5cf3956e571,1
08c663be9b425160933ec2aa93f0b1370f5b2f450587dfe175a076391fff67b6,1
d6a9af4c0000f22826032214c71d2f92ad31be148617bb71be8a5e0c98a6aa3e,1
4000d4c06e06114c84261893082ed228b0a206ddd052919cd4d4e8d707cd437b,1
9b52c702f1a63c221bcae79668b775437b46690d65f117e5c0524f68dbee5e0d,1
a04d5bfcf899dee13e267384df5a3259e1d547bd9904e29076b66c351d96d07d,1
56edd9f27ffe8baf0303afeeeaede210e0c84161cbdfba9b0f45700823217a53,1
839da9de7b452818f04659cccbc0fd897821f1288d197677db8b06c3ce6a52fe,1
ce9f1952508b34c35c3ab95a6d83f4aaa623b9e09166aba50854fccc2868628b,1
940637e8e7455cd2bc691da07acd897be96a709dfc59105bb0f699622ad755f0,1
16689eda27a3ad3443c491bc9a8f7f5c3ccd73e30ecf06b772f5f41b9dff4b69,1
7ea85268484a47de835898009433bf1c7a9ba781205ea36551639456527150c1,1
4d4faeee9fb4923d7343b1e304f98c9fc65e541902ada0ccb328732c70bb7ec1,1
93cea5c642a23d286416978f0aa56aeca1fbde8fdfae3f5c1abc61612d376cba,1
adc1f9f72adb7851d4fe34d36c07402c51be609af72e03749b968db384ec4461,1
e26c3f090b225551ece3f99e2634668bbf7c67f536b80e37993e80fb7cb3d873,1
df3c37815e5ce433df6cf7af61a2fee295d98d6c5eb174956857bad631a01613,1
e1b5e83707de08837ee7d1e67854737d738ba654708f0ed6a60a08b8919fe2d4,1
60a4c053a91775dd03f069fde1314d560e556e13d40cea3cd3db7e45cd493843,1
9047a94cc5f58ae2518874fe7d35712564faadc94eb294341f9ccb77965ef8ad,1
5ff674ce34194c04873564112e7eca05f30d379feb14b1377de3ca812bc48677,1
95846686fc2a9fc52441c24866f2ed290dc47ec5bd1791e1814d520ccd9dd921,1
f8a64f7ba53184d7176b35a070a6a78ea14cb9b5ed4800a56485be9943cc146c,1
14c6afbb7b22022c50174d7d14f73d311d254bc9d825726689d7c96c73e79b6a,1
2a6cf8759b521c326e9060ff2f68238a5f061c14509e2e366ab72a9e9651a752,1
9fb2afa3a356f313ae2ed5fa9d0efe07325eade13d6fa772010201c2b6599164,1
7c8ecac39038e316943bd80c6396de945407a3badb6b65b7141302437aed91a3,1
dfb913fe9cd08c61bdfff6a624f8df8b9ace61ab2016eeadf9830cc133bc7f16,1
60b09b8b79e555356dfec32109a7bbb3ce7b821234b811a677948170effa7924,1
584accf9bdeb2d4cb157ba1ec2127741a04a0008fe8d282db762571e5c782141,1
74aadd733c66bd9b0d67d45be0f6fbda52bac79eebb8fafafae50d648bcc652e,1
403ed3972fd7b07fc117b4d6dd463bacc1800fe533a5f0394f2c88c5ad5e561c,1
5507d7d106a6915a08e5d412364be2b2d0baf063edcd10a42e27446fd528fc96,1
68ef6cf9acf8235d8ae4c09b9c7d8ae775558c3e11f8ded292852d809b2785eb,1
a5dd5558f95ac44d84883429da2b161e22b28e75ccdb89ed4d99963d2cac6fe3,1
c3ef60ab5eb34567b4f9507d05450238781114171f6d2c95f12a8f47834f98dc,1
eef2c4e06c5f3cf678bf3194ef7b0c8b8788aebb3918f83f4ca27429adc4ec63,1
53507034dfb1e801c1989c352b86700c45d1612aa8dd85947911d37e6e044e6a,1
fc2b3264d8b513d6a66c4d0231d93005612206dda3c527704e6608fb9983ed8b,1
10d7b6ee1d84795955bb49d56c10acfe83aaacaae3269397b627473c03608a7a,1
3fbfdd7372df8e99f341d6ad8bb899ea96d2e5fb89251bfeeb185ebbc6f0ff6d,1
0d916a33f39b15e07053e6a5e508be01fdad5472d3a976c90867373f5b8c54b6,1
af70e79c72a625589d89582ef1d7090d88921240b55509a79da781733b02c689,1
6c753058e1f57543df783fe96ea6c0f30919b555d5a7cf9de0a51fd6c4bf35a0,1
ecb6e3708d7ed074d5cce35bdc2285d3c132dfacaf5c5b8ba578b55a4dcad1dd,1
b9b5028c9587671bf7683a980460d9ccefdc9ff3650c362bb81ed9c5bb170418,1
e5e14caa36c9248c57b1e7ed5edb4680ae0705b665f31606281c3981636837cd,1
870361aa4f68a78a9bcc8d404ac7e424ad11ec214a35876340eb1f5ca3ab2595,1
8010d1ff28146c677b32b1a9cedc942415b55ecee6530ed2a90476497a548fe7,1
bf5484c1c87bdf98890034c7908f36bc8b6f883cb1e3289127aef9e7daaaadd3,1
37a02ea60124b55e5d284505f58151ddf4d738d90ccbda602a231224867f1151,1
eb7200e1adfafba66a0363d99aba7706185ca0d5a4188b858314b05a8c2122cb,1
972482692f0df8e96b14c0b82fbb6712b42c9e5b3c8259a124eb52112af84d74,1
6359aaa0650c914cbae9a2f2ce11566a618edbbbd817658e40bb0aae8809459e,1
9645ddc4dff816b05dd27de8333691269fee0b5f1a58c1a6d5db9e28faf8a1e9,1
b9d08ff9657ac08d775445ffc7c6615f4287e8f522441865304eb5d2bf1a56ed,1
f14a80b11b57c1137075bcc7e3198ed3e2781669daebf02a05685afccc0727fa,1
284123f4469c52af9c8a740d933378bf1a3f09dbc6c6ed8953e1004b28bbe394,1
f7f1672f522a8f2d0c1d348791518ddd1c257aa9a7812f87fecd4e781a496c9f,1
2094b887f3bb2fa41a2b276a5d8edfd08539d92a5713c45e1062f551d6caa807,1
c073f5406daa9ae392dbfd6ed333fd5d3d27735270647c3f22c1dd8c6edf7105,1
e1578626c470f761fdb41a4472c17c922fbf9f310202e0b24a02ebe3e8e6c6c2,1
57a7041a54b7ad42d13c0bc94fc5f259b608399a5c0d4b47537d5b3542d45bfb,1
55128e2ceeda3be1f0a7579f9989f89baed5fc1eb5d60c7d8ce87405f9b24aed,1
b6eb8785ac3d5932a3be916e87a6c1b2387247d631112a7fea5799adb5ace4ea,1
1e2e7af2938ba455b18ca4895d3d61f24c23a876f78db36ec3dcbdffd24bb439,1
e9c1881a2021b038978449acbe9814d2c36b03d5403fc4f72722633459d0fae3,1
cb3b8dd367c31dd00e71e2cca36f029a4250156998f0f9e1594cdf784772e1ed,1
a549411b29da7d86724107cfb1ae4a2d36790221e65dbd5fbb8926f036dd814a,1
0beccddb823c5e938930c32b24676d6b0762c0275d7edaf08ac27669e183fae3,1
dd48a61ea4f437fbcfd249ffceb88cff14e68e902288286d269bff80ea9d15cf,1
1f846872863ac74c8978bb6322dff1ed2dea822a826188a1e5069890f277fbe1,1
3b70efce1b4ee5c72f84d4ece8b44379a1bc2b5b2809f13425995679f25a8478,1
4643a2bd0aea0179fcc5e31c9db79c76924a76b3c2393145cb1999162e55b3f2,1
6f10e055be42d7d9fbd0fcb5c4edb8f0d21e5ddf708c98e0307a60761938068d,1
a0773905d062f33bfebee34d364484a4be221a2ff87b34e7b8a41e1de2df5346,1
db89b3e7e07ba2cd5562082522217646cfdf2ec715e810fe12a29ff89e4ff40a,1
13e548ef06103c872125ec69c7c05153cd220249b7ee54d5761e02657f3c045e,1
c70bab2466c1dfa51d1474088b326969abd94b12b5fbdbeeb662a6c7239bb91f,1
1e857f7c6c3cf4d84879f19f0eb2a4596281a4d7b48e16edc04a7f877e74f50c,1
72e75f685d1a2424389e4e8c7c3f0a1cc30e4112887e0d5cfe8801b592688585,1
b95e50ff14b471b161c463f6133b2f021c4d0c8c9db927822b01ddb69ffb2a89,1
dce45614ba470490f39fb7dfd3284575f0b05c4262e2a07e245609c15b6f9635,1
ab9bbdfb4695691462924b201263c053aa991cf1ac8d0b4349b5887dc031731c,1
556b77ec934a2a3b3d4d5c2dec98de8da77753886eac309ae416c94666c2365a,1
afc8fc1c3314df89357efc37239bcb77b194b8167c57b0fbe2b687d9377e4b0a,1
a7dc1651446796a838a3e97565cec3512d4ff4e017a4326c83b0b62dfea97177,1
069af1ea18542fdfa99899081c82db1f19427c711b08082a88dce8f480d39f46,1
2577545fe78414553f5a3770dd40501e69d6a84cf5d7821e099a65e5784bd2d8,1
9b87eb901c109050ce320c032b16df9588b7a81ab03229c923977f107c409d12,1
e6e790dbb0aa166897f8c5257daf39cb07898e18ae3ab2a6e2a10ae649deaa69,1
e0dd282c1463691f08d12356ddf181f2a1f95ec780ccc3333043366cb3daa17d,1
1189a0286deef9468b00b110b65077e41cec77b5b082501ffe78b08be0af0413,1
df528db54ff6c505bfccc52cfea38249493fb97ef87076d75d4868fd035b6181,1
0fc2e2c1144ba51e58f19fb9b5568093f5b05bb866184c11943dfba9b6070314,1
c9767ffe3ac8f5932db61dc8cc706cb5698a073d4dbc10cdb1ff42e4b9b80cb9,1
2d017ca2366d06b4d8cea77b4839c1a0ac044b176d22fce4f1a93fae2a0f02eb,1
2cb7fa6980ead6342213eedd3f837792faac0cc998dc87c03f60be0f6070c605,1
dd5673b067458521da4210355aff45f6ac1a83b368d1e1747e04a6dc3feae008,1
f8413d058cc815fa1578bbb8c2537b03ee0b8767be57acae9763a75f400552a1,1
cc46e9feda15ef5658d39c08dcb5b6e396f33a35cd62149882f2a940b0389fd0,1
26cecfc3d27948cfac25fe0d157287955439baf54c0157b5c4a1fcaa9b9c5b0b,1
47b865e1bd3dd3b53417efac32be165db1641d8fdfe71e10bc45ac0c7bfa3195,1
599d4813ad3caa0dbe3a65caba75fdcfbf84c199dbde59740819e86a44bbfed8,1
d1e4fdea73863a8f97044dd93e9abf9ace4bd8db36994f9f74d1406e690534d0,1
6d0f5d0e6bef0649e07dc5fc9c8539f29a293fd1679e185eb35eae439581fe51,1
e5cdeb05b55e74006f3a9d3340f9f3c7338ad3b871390c7bdcf711861f517aa7,1
a8bf97567e8b06f9165c2c2e81dec861cb8a5e221b7f3d84b58be86175c73838,1
bbc62aa30ddbb2e26dd519d0c52c67e55b49e61cf11fe3277af7f18ef08ffa17,1
4bb616b370b128c3cde656eb85f51a5d20225c9ebd43ea5ac78e89e7d71b3e5c,1
ba7aa9937ee9ad67bbf2cc1c918e2c2db2cb06ebed338546451321a786d95b8a,1
b31ab06859e3a7a6fd7dbf4f62c74e0997ef0b815ad3ff1039f05dca097c3afa,1
6ad3f35fbaf4157d05f6af53651a5155148e113b85fe53feaad4bea84e429f76,1
790c17198bab650ae77377636f9707993d856c891106b9217672e2804ff34504,1
a65f781dabd8354ba2153c56241238a6ca985df2f3d1b60a36c8b8a7c81bbc9d,1
0a3ec12975ee13dbb0c550176f8ee1598042124168a5035d8ac627e6db7763b3,1
8645323fe0539170078106fbb79b1546f6eb1b2af32845fc0fb459093383ee97,1
d638c1b4df8598c6e51b8fd9f9da1430cb686574d309573f0ca26a25e309c097,1
0ef6760502f9e0da79afeef63e48d999f1d9445476c908c263dd7b7d82f1bcdb,1
f6b836701603835204c67a1367941114506dc2005f18a252a59c4d0946b09000,1
b7a8155de8c9717c37a6e386a8739b3f4cd7db4d57bb2bc13913d48534689595,1
f083647e2ce8873c5066fff4c82be0fa64d20131b18afc0ddd986bb8cade52a2,1
14b26f8cda471de7d80a3b084d06ff650c51671ba152c90b94c079838a59a854,1
81ca411079b320e24aa02219c0edb3a74383ff96d1aad9329168108affb5596a,1
e2a51c645b46a129a96b66bf993667958e2a9eb32997e55b52a5863178b25282,1
37314ed3c118100e1653f1ae3f6318023ad9c927b944f409512063219f09b718,1
782eca3fcd9e815883b52512c525ff5ce98b415627f1e68cb646c1d786112478,1
bb0316e3ba54511e22ae58759a1048c19844440492ab3eac3afd58ae55057eb3,1
688d00fe36d829a45c285885bac681e3e4bc387f16135c9cbf6269c1ee6f32dd,1
ab9f007009cde4e1a4a900149c5acfa100cfb15465bab47d31421743b44c50ef,1
845058ea8a85611a3c054eaeebcbf7f7e5cce98bc4aab17e6ee0c178eda46778,1
ccf4c0085bfeba7c74a3290da51ab04c046376d82e067361881672d587cee64e,1
1d05ce1237e117cd3b4f0b45dc57c6e10fe21020945da638934b26755ee306ae,1
806002d11d42ab9ca07c7ed4ab6149a82e4c70ef570070f3263c8767cdfd1c7e,1
541cb5545166c27f6a1cb9f3764cfef7207d248041177bb364c9690d56334ec5,1
bb69a42b536f00ab3f0065c59cfdf8fb73c62b82846c1be89b9d638d57d903d7,1
25153bf11ecd6f2e397c12c54fbbea0e4b1d52add4d5cc5435cca430202a40a3,1
43e5b6b060fafbd553c12b874ed5ed10cbd3288e785097b704c76f481c87df34,1
853eb536a38417c173b5689b107f79369a9c1c3d696b0e73ef999238a3163210,1
1148ee315522a6b6ca1ff1eaed163961bbbf81853fdcdbf5500c0378ff666b87,1
043c069f589b42919d40281474f07c0ab01f85d620972bff7d5527b43f89d3b2,1
c1e0c4da2b5c47d4c2f7992caa7c9a71a141f1903942ecf7143c51de35c99d38,1
b8b3e8d22a60d38e1c56efbba87a83d32a1741de5eaf8a5b1dfed08c152a0ca7,1
04d6aa61510324945a0c5c5831b2902a28e8a0edfda1a9c08622cf911dee5528,1
4ca7248eb4d5aac5cd636e8342f2630e06ffc1c3e80811f9e33865e339a678c6,1
3d878171deaba3886de735c06d6aee603af3ccee096dede034441b012dfc7b2e,1
371f58b9623ce16dd57f13106daf095e17420f742aef956cee06af30bf6d712f,1
2d8bfb6d4c0c6d1065c39b19be069d2e072e91729ecb426360d8fdbaa0a38187,1
7c731634e825b733f80f5a99d4984aad21422f802a95612fbb9d7a0ddd71f7ab,1
fb46b30156349c219dd7f34f2b6db8916c8f2e2b04279869f8985f1b92ac085d,1
657d88482aede57f13ba3f36bef3c67e275d46485c6e3a37be9f9d1f7a893264,1
e2b8e4dcf1d59493be14a27650da3253b0231fefbc9950ddaf78b67ff9e2b8f6,1
92a3251181123096383f1838c835d6d024b6e06dbea369c5616ec921f882b2ba,1
7de02a8d05e5caa64a6e9a1f9459048ee10cfca4707c8fe12da15ebb321820f0,1
c2e9dd9e2e16a70bbc2a1a2740705b87d72cf935e44faaee76da796d4743d7a2,1
cb1ef7ba5d05bf586d90f2fb9d3f956072735b47165a03034d6d28dd26739ca0,1
f5a77785d86e2b41f2bc7828e6ddc025897061e4f7a4d1044c82a04d05643f68,1
e2079367c42ab5b2ba5a89bcb78373091819bd0bbf96db1db141d8b1a9403418,1
f3d52ce18aed82bae7f6fcc38487e5c06b55a585e9b5e9a45d662c04877b3fcb,1
0221d576ff0ef0bc95fc8ba3d184ee5a1d2f58640c1740238f6d749eb9d1f85d,1
fca5d7785ad08a7c7796b0b13ca463a108120a9d2972545ba575c483c3c38ff8,1
890518ce70c2e48972cbc56dbdeb7f5028bd88cb44415069d4556cfd0ca4cdc9,1
e95a3ff97de5a54b0c188e4a01052bca799495ef397e31484f61009932204edd,1
1b657aa5a5317811bab8d36758332369110df4357fa7d35664695cff135c1bf8,1
592b805b947bec865d63799681d3283f2f1b422d9934e410069ff8b3162af4bc,1
06c57b4bb65b38ad950d4030272842235f6033d3fc63f63df22865e4824ff66b,1
e9475784f33dd4717325085e8beb7f69509c9c6d8b87736f132a6715629d1ad5,1
71df503ed7ac3d43a22d01b96606410800e921c90fa1246c75f8a003005df56c,1
928318fb0b342b4a88d0c5755be700b3978b4d1400ad13ed67addb7b0c841aab,1
bdaaf02057034d117ba23009421dd0d1737fa4188debe0a484cd6ff218af6d3a,1
d3204cbeebe7aaad3de5760f4d2ace50a4328868e6a29795289c20948e9bf8cf,1
db8a47ed4d94cf86dfc3b2f7dcaab4265f5257b7e13100eebd75238e2b0d6a6e,1
c72260cfe0f7d6070129dcbd21dda071070cc73565ae7d53285e21e5886b81d4,1
03a07ea3e47a45329de89ae876c317146892f933b2ebec917fdebc383a14e187,1
e4be768949e014bf442b5c23415a54375a629d4b9ea47a5bd0aded8282cab2ba,1
507c5e7a0834b70b5ffa5a07e0c020378ce08a56f2c85ecc89574111ed664667,1
50cadce21dbc60490842dd8afe4b848b8cc343ac56959339d195b967a38c6dbf,1
6ca39ddc5732ae93c642d5f46f8f9182142e68071746b4c20549dd47c2b49f70,1
96858d122548556d75b1a63226b538481c965a480bd56311cb5740852d4ae414,1
7dbaa37c25fbbcb94920c1eaf5dab86e1ac5598a73ba6eff371952e42683ae57,1
b163b4e7f30df0bcdb3fe1e30ebd3a3ab7712577f209b511d1194a9dfd484e36,1
043c81fb3929fb2852abaeddac916be9b5d5202727d61b19fb0ac7f3e87a034f,1
f40e5f0be22dfb9876f510cb2be33ec81bd9556ac64593ea940c1d570fdff589,1
3ba2c65cf0781400be74ed140e58b28986e9241cd1f8dcb8cd795ac365a74ccc,1
f31f364edb323d315193b71549825aa445df9d9d302eb0591e1b922d807a37b3,1
6ce4f44de5c4cb3b8d53b1175454b43a71a4264fa475cfd700cf248298ff96ca,1
c033c396aaca86b9d45e8808d2fc60be27546e238c445bd02ec5ada452594be8,1
8b2fb4f3d94cd765ec42a99011b36ad652b0a62275980bfbf33d137a69382470,1
0ce9a65eb607e51320eaafed075e9bc4fa7934f08d6a9f01f7e580ff16344dcd,1
0a33ee3407257b489478a4a18c08081f9a22dde162d29a69fa9f7c9fbec6218e,1
fcaaa00d0185d0a88ad2bd34500ee842c295b87b0abb44df7d9ba3a38bab8c70,1
eecd75f06126da08b9c0aecc2984f58a06bc61819325833f8df999f7606099b1,1
f851ef8e270d2fe7ff0e7f120146e1494b2369bdf210ade59e62c5f8eab150e7,1
b50f37711bc0162a5bff89c60e3bc729e74c40e1b7bcc2100dbff3662a30fdd5,1
80f145bb92a87fe682239920b7568157ae11d12f31feb35a890db90a84fb3152,1
648a3eac2653b857812b84a4258efb57d6d38baffa6c5d0e629cc7a6f71b686c,1
8797833ad15011cd5a47c12dc5df75a8faf3d560570eb0b55c5743e3335bdafc,1
a15c8921ed963da3a69e52483520172fb0ab6678664eab220e1d0e2d2b99ee93,1
060240de7eccc25b866893556c67b0285d5836cb4cc80e3f864bfb5a195e48de,1
2489bef502eee11349dda5cf2146283e7daa64657bd2758e310a6a169e69be8e,1
feb316e2a573cbb6f8e79b5d7309908c9d50436aaee9d05c6ab880bbce27d599,1
f50c9ab340e8440fd9bec874c22fcf4de0613dc2766532a8a8b691f7f520476d,1
e13248aec57e1fa27b5ef703fe57cdbf3c192ba1a1f945044b9879381c8eb7ae,1
bcb0eca4ad11b505c3754a13e76b61dd9e3aa970db2eb829691c795a97f8df7b,1
12a48cf6d3557c67b27a72944e831248c44fef2eb7b72b3b31adf481077f688c,1
0a8d723af28cec1efca165fc0130b597abb84a8b54ff25cb7dce6776227302d8,1
a0149d636c296b0542ed2e69ae5ee3e6d7cc0a53cbecca283aa82af9ad9c56fb,1
81b5d6306343a3b639fdbc849549020a9bebe043d6ef833853589377f742026d,1
dcbe62d13062d847224bd37f66ff68b995cc9e52e3f00ccea9d3a4133bdf6cd7,1
976c662ef0e0b97380a5d43bb7526ff3bca01a8ef8166c111fe3ed221b48ec00,1
8570a6037a7434ab67a43d0565e3ac15acbbabb6fbfbf6ecc00c137ccb03bd49,1
adbbbfbc2d797073faebeadc6b16618843841ef842a8fd575aac689345434312,1
3e6680a6cadc2cf26b8ba5dc01044a238f680a57dfcc1a556d30f88f6c47be50,1
6fee1ae965895b38684ab87de471bd0cc4b3702e47edf535b4af05e6c313ce34,1
7ed3e3225539bbcf472870b9062a6b70127cb29a79fb90938a50fa5af8c034ed,1
4300f97aae33ce72dd456682b56852ed9b3a4907dd6230b4dc747a7302747026,1
29ba3ad2d665e6f01522932ce583364a068ff32d727bdd0ec427f9f59cbb47bc,1
42610080fda5a12ecd732783be30fab7792f0e9b58e9c3f9e6cae1c750fbdf49,1
bb073ed6098de519cffea20a80e249fac0a64908e8edd7a2c1e7bb3ee0d66481,1
e33911ce3286fbc7a5d81095ee3cc70f3affc1af5087dde20ec281e2e8c57e17,1
cff44a185641d16052c72961ce123bb1ab6d8989fe939fa089e941fdf65aedfc,1
9c863763454a5f59bef9b0d42bda7bfd81ceb0743742f2d393db611c1f6720d4,1
f4bce6295e7b8aa1a35c9499182e5e111d17c81f827785ae831b5c7183c4cdb8,1
ec0616470b8f5a641e89012d4b273a06ef513255e9d1401fc8edef0d7998b432,1
baa4cf2550e759663a1528a7198da198a15082649301c167a829251d69532b9e,1
ec43953eb86a1ab6180d79438c25e93307e464a43416df0aa2349f6ee158ee98,1
827361377ac5072d1a06781dd6a88c9e0f38b298efcfd033879ffaefe8578dab,1
10fbd27dd0bcf702a191a8227f33700c629ed405cb2477a0f01aa17481e74115,1
1f1643c13401ab902ed4275d06dc51c8148233dc007d81fe8636681275f1d8dd,1
21946c66afdbc000b6af41681b12bd5b80cab3b99d39c7def1f53b3e68700774,1
af7ae8fc96b96c3b589398c74ef458d1f7ccb93aad503f929b7a008db8993989,1
63478a7b316a62d3314afce81e3e217dc8a0652fc45dd9f18dc55d9a4fa8c3b7,1
96032233c787ac8be9bfacab01e0242162fb81a37662f5a3726932656e79b4dd,1
abcf2fcdb985f23a66b74eb02fd2aff2c727f0427917725e7d07b9efdfa3bf18,1
c896edea07e0f5d29aade5f41319f7ba8ce9475e738f2ac12d404907664a5766,1
e7dccf3832a1d316e17497a03655cb16abf7debe70cf75930e6821798ceddf7f,1
4a7a4ebcbb8e214840fb3ad7876c26b4623c238af1b769d44fba701f4b20dcfb,1
3c6d9d7b704dd3a45abb58e44e528b28629d31c99441e2e24f498c2f0dce358d,1
0f3e5dae7755f6bcf6f050b4602bcb2d57144e7c7a1f679b8f3a20c7a769b4c4,1
25b2d19f7d913923492f9a35967a03e5dc9d52ab1facf032e4a11e1db97c6846,1
0328b484594b3d69f5424e7755107da210afb22cd150200aa1cbe7cf987fa30e,1
13a1f7bb10816557be2dd740b2fb2128499e0e6d151851d4ba9316c5f04701d6,1
4ee4b67d0babde4ccd03382f483dc7dd1b5860b4a2a3001b35ee37ce372a0b23,1
870a58e5195b76d83d7930708b17c6dfa4c339961e48cd1414553ad215be3ab7,1
0e6f5747f405835de513762019d409cb48c1424e0c12c6b3a74b07627034f1c5,1
fd3b0df5f370692b0a229fead085179f630730500da0bab15cecb6a9062f2ac5,1
fa5dc17f9cba7ce1f3b3afe98541a5ea069040a7e6a28dd7ca64cc48e2e85cf9,1
89c9d599d872e6fc4cab2d6c6e50c47d16a1e1c8b77e6839fcd669d1ea6c943b,1
9f08eb128aae9798fc02c898c1b4a8837ca0bee7d419107eb5b318cda04782b2,1
b74c8620a9991f14c846e48697e16c29519461458ea708a1cd6f3c7348a00570,1
ac5a8283a4ed6f0a73c0c4b777f0c6623822c5b7f87ffe52c3cb322c53fd7e46,1
b3c91389352726b45127e17f963d8d4f36e4442046134c4d672919fe93206dc7,1
812e4bfb28330bbc7a2775a78b3f574345d6460136327158e1a25739d49120e9,1
9ef6bcbedd4885ea1476d7d32a5a1efec22859a24c1c410d60486911bde2ce8e,1
bf2508974ee24fed5f45100c5efa0143019363649a013f10814aa444da242b55,1
9eda07317e7a95c6d07593912b81e3327433149d48c1f13bc8a56dee0d38aa5d,1
0550be3f7805775b75b4efb243416b3464a60edf0094639844d05f82d3a37ad4,1
e2181cdeebdf86d10f23be1e9efe832b6ca5b42f9ec7bf9aa4ab1c9df8fcaeec,1
93f264779ca702f9c8baaf94557c982dc6d6f01f2a10dcf3f8baec942812fffa,1
ad1b155c5c13c295e5a19a1e16d46738ff86bf5533b958c7b2ef10b671dfd375,1
b56bf65314cedb7bb263ac4fb968ed51a4724aa8c504d079b3b5af458ffc2c33,1
d6b8849b385a48dc3ef7a22e5879ea0318292dba76f66956c51453bb538ba6f2,1
35be261e93f490706440ef8e0c5371163d5db2f9b8b2d81181ae8e9ebb8767a4,1
e0b50c7e8de3da88cb71edfc42e1f76956e3b2bfdc920a6bca5807650d438d40,1
5b88a55ffa3a4f764cb7fa123a6c136e5209e8f89d5bb141f4d786212c58c586,1
4179d843b3cbbd364cee6ebb70a9ec95a3ce8bdf683a3549c97bdbb8d470882c,1
5ec50cdd01b455b1c2dbb75a83207b4271bb1d472801020a903cf64a941c55d2,1
458fc78ffe309b66ba79cc8da6bba05780331fab641499bfbd30a1b14f08b71d,1
a8da21825dd13aa0f206b37541593868b7b7a16d85391623b087f4cae0412e21,1
e6b2b006deaa8e9da1fee15f2a4e6acca62bd1316404d7443088e45377cf2ab1,1
1259df20c76b20fe3c59326bad3a8095cbb91246fe9b76b9a4d5526bdd1d346f,1
390f444bb67bca8551ba7881fe5a2851d628a1c32845b35aa4888b03aafdf577,1
4d723ec106fad757fb054ba11698f2860bc0371f6eff9ddca1478d6443a0aae0,1
2e4981a756961ef24ea1e162e574b4fb41e677f2bb934c8d6581510f94ee18c7,1
caa80899b445788cbb6f1d34d33cfb115d6442e1280a7554cc9091cb413b2ec0,1
b6f3b671cc0e408616a02a3361d032c571fd238a32b7bdb66460d9075f59e176,1
18dfbcc0bb0d4a47c55d9bb286fd6ebeca39e26c5207109ed26fde41bfcc4bc0,1
fcc344e92ce186107802a2cd9d1e44b9825719cf6d99b68aaf5ccfd3122a80a7,1
3e97cb156829c8716e61b03dcdc407cd4f7b82026b8d68b96879fecabd4aef08,1
c1779bf71cf84ab3ebdd8f557e794cc8c4e50bdfd364ddbeb76e80ede820639c,1
f5e2d2602de38a6328905770fabf4914764b7ab024babd6d158ce470379a6194,1
8ab9950ece1d2daae722fb2628b0ecad3ac2d09f0040fd4d612dd5aa1877b1d1,1
c913e128007c03acf088b7f5b89f9fb39b0b39ecb82a454705cb5b4e92c2c4fb,1
8bd24da85bc7b494b1b0038abad4d42ce97072435a404206ee76d83988d948cf,1
68e04d64b32183d3b8d3c5f2e57575cd797065c30a85bb633afa7855a81ba376,1
b8672811fe9df115e9a4d20faa7db1815a366a74c758a573f71103097f404391,1
c91dfc69499126d1a3b28f350723d476025549a49b914112444205145fd864e1,1
4d504282793f63ffac0d11fa399f9af8bb3bd320bbb6de96ca2fd33e165920e2,1
7b2d7e889c7f87c9a00e57b0a85495865d3efd46f90965bc03645f023ad78edc,1
f6ecf097230cc8c385e00f03d009e27f11e99f3f2d7414e6826525a5a3bce14d,1
4c9f9112cbba5e3b341dcacd8797f882e51e8199ed9349caf0e529f8b81fe98f,1
4636dc15ff8c38f9e37cb6b80cedea2ec0b7897185fdd3609051b40a69fd7e62,1
03d51b9579561717d4a9bac54bc19d940184fa85d6926b19008c6c79fa732b22,1
53906ef8f9a3a0404fe8aa698cd02b696ed3d973154cc94ab3e2db351b57e44d,1
2b2b1e5a413c83bed18830ead5bd5dea5717d44b7f3a39742fe37549afe36a98,1
b6f6d8ef379fe37dd2e5be7f3486df2379e8016ac8a1967266f96ecd393dc31b,1
a0d63d60ad659e38e39d982dc09568c7a405a1d2175d3fd858e7a085246818d8,1
082f5ec7e7bbb616cd72f2716aba06f44ce64910cbd2e4cc1231ba07ddb9125b,1
87641f379cda770489550413f497dd0f76c954a43681d9aa17cadcb827f35368,1
c97f56e04f9cd8a567eb03ee386f93c1cabc0388d4b654ec3188df268f0d2d43,1
58be569c9ce2874736d1cd82d3754a9eb6f6b999046370e4870c4f10a935349c,1
c6e1ed37d1abaa456a3815dd92ac7191cd314511f17d60940d37de1f58d31b4e,1
8af49987713bd1f4490c9062eef7f101f6da1179a59f85a30c3498791c59bfd8,1
3a413047c80556a2f0dae8ab5906d85bd03ff47d73c76ae7c574b439d1354965,1
3934fb5cff2eb53585bda12484915b4867ed65ce8819a2c56db6f07d60d63265,1
402d915e4cae9880518aa0cb65ec1c5e1f69d29fd1da95df9a4ad0882ceab554,1
46dfeb49b6f21c7a11335fba28ebfddb90798831141fb4d9398eb8998c97b76d,1
f6c7a855227eab7c4065d91169c2ecedc608be7be358873442e2cfa93a2dc5eb,1
15fb495f8ec26febf0c33c7366bbfb1dbb75cfc3337325f5f89aafd1a406f724,1
c486f0a9272ff3330c688ef0d08eb66fd502b9b149643d381e8654e17ac5afc9,1
5b965c41406d257a6cce399c79e3727e1cdaa8e5509287a8198d5decc2b1e07a,1
e8fcd90a8e93c732d09353e19f515e69d3f5eaf36165d696f1426d5d9cf11d88,1
e9f735fc29b9746a567a735e063785b254c3e076e882abdcd1d65a5460be35b1,1
35adfa13b91aa6347e2591cc1a171c896a89f0c9b00a43a5b1f3e29a6d0650f1,1
5c71d9440c17c619705610214a39bda8ce838ee220b8bd5ddd54df32cda81d44,1
fb6cc6f57983d329aaee10bc21a59153394f41b06fbcfed5dc73693d0c090f52,1
992965774f97d961f1b62e484ae7cdf2fb22e6d92d6c78dbe5cd670470eeaa00,1
22fa6a2544196f775db09cce6912f4ddf97162b11a6d9d6863bd76408d233cbe,1
f5ba49d166d53ff365b5a8f6019f5e807661133ee3538bd1eda5891208a29236,1
680138db6f5269f72101b11c62d376bcb1f52c45b8ff31ffea4553f0b2f53614,1
8a4b2aa946d60cd7f18baa031be92a2dd83489a975fe71847c6d48ce624131ed,1
4ae198d578dfbdbe9cd66033006c1e98712b5beabb324e22e5510de4f3adaa74,1
2517b374206e89d957c1564ca27b719e393332ee57957ff711fd90a12cc1910a,1
2d480868dde7e606ef12aa15e1759c25adad34bd4b1de6c04bffffb237fb2f58,1
ecc628b7a0a5b62f13583785427b9b0c4b2d69bb04739813808824f53d87b256,1
9a8896542e79139b40e18fb278f80206058eccd85330b0a9ce4123f3677a9b80,1
8109fb120916b055d23ce49b56e8974de7a98ed2fa5f3daa0e1e2445e4f5cb8f,1
3e05436d1655f73d6d32c20bafe69cb6168afc801ef7b740c98a464f4c9f3f09,1
faeb6bac5b88d2db443ef018000312ba4aa2c0db0175bd5589cf52e2e2d9a2c8,1
a70d545d557bdfdb2809f8e49561419e76d760d13cacb5597494f1fa4bf902b4,1
d2298bf404163f14c877faee37b45b0c8213cc97d9192d4e4efb79525cefc387,1
43d23ddaa8fc7ccc2f4411be4c5d963e79d3c46d0268dcaec2099f48d1006899,1
7675409902f60143f5c604a3a7d658f457494fdd7dda7bb495cd29ea55b0986a,1
9e78c510f0fed33496303991d74c05cb23dce1497aab4d756a203072ed453514,1
e07623b4487d82a01aec8282684abfee85af904948a5adb54408d529cc8bc758,1
4507ac775357ee7ed330d8f1b80d6f4cc3a989981855a4cdcee21fec26421cab,1
e599af0cac00cf034eaa0aeb077da902723d00d07457fef327f6ec95f05d9f5a,1
f99c8ca7a72f04f85c56b396d5efcfc1238e31cdf235067a459d34b04f196c6e,1
6ea27b6b40a860944a631f209ff65f73fbcf1f217b4e00798de61ecbdec5d32b,1
530ea264b091ca7a754091a9b612372dc49f4a65a008d18ec0b679451a5b66e6,1
8e5e2d8e2b72a35fa9f8a84b6c7d44b79007d726076f2c5de81791e9d4d5a340,1
4298f0a92d091d3b3555dace6c0879146d516d190d691b1f2b2f0840ec67d03c,1
964ab4c74167ac4cd4a4aaed2c149a38cc9ae323caaa2a46c8f4b18e1050a621,1
fd5d9cb51cf0aaf15a3fcffe0d0f8a4360b07a1cb42677c9b0b0222faee7c9f4,1
54b332628b71f424346f2c13aaf74a905937c3e22c246cffc297698ea1853da1,1
4e99d681691e47e85fc791fc98961ab2642d208e33765e24df39d2911e81fe82,1
6a4924d1f9b85a16fe740a6202a8fcda9f8f4e89f565779e8eecf87fd933895b,1
59d49b6a3bbdf9df631b90b6dc4704aeb99b7673bf3611578a408bcbd37b44bc,1
c90a1bbb140b353b6fa2b5d0ba8759ca1d1acecddbfea0150a8927a431111fae,1
0484d505f563324d4e999adc8c9876c2c223af3ca54c685007fad5abc937d827,1
158d8525d7885e8170eb1dfee1693d45975d9c5e5590c7d7db2f0345ea59198f,1
ee71b42911403a1446d165d95c71c933c8becad17b4c9dd888c5177b9302cad9,1
5037e47cbc31ccaf1267400a3bac129d34adc8b5ef454215867eace07bdce456,1
607f0ee52eb7da8d8b0448fff7e6a887009d6b572a93e84b9683c5a50550484e,1
bd2cea4c21704de375bcc1dcbb60e654c2abe59d0920f2269561b9133f6be72c,1
4860e1a141e626c89c01ac329a4125df25eb83b2bc4c7347aac72bed937e70ee,1
099c4c23ba4ddbff5e40d444d1e8d526c47a8561cc239827f9aa9630934b13d5,1
781f0991588c449eb30b50364154202f14ae39be4404be6933b5ed47443cff06,1
6d2a016876f9d06844c5f677926842bab4c2f5174961028d58cddd9219082ee1,1
315fa90c5b423116c41bbb19b3f57fd5c1c748da1fff599cb5e7f8e4c182c8b3,1
93362d06fa28f6cc4d3257633317b327173b4afca8187aef4e01a8b29f57c644,1
09e5e4e57482d8976e3402401fbf6a1df1727a572b16cd80001d4f983abf7675,1
af26e8c4437218559a1f2afba17fbb1ce27637d4047dd9ce525b0a78a04b1db5,1
30d86ecc07bde061cccbab0082448630d25d3ccb488b8b0bf216abea38eb54c2,1
b0f4bd317f22e982fcc8c2ea47518e0dbc6a4dcbfce4d7f0e96750257d628d2c,1
684117fd4917864331fa170e3ad9bbea5a5df52f9a0066a443b44d41eaeae4c8,1
9e2b4d701913e650c6eb1babaafe1ba213d55c25a17a21c2cf60c5b13b6af63d,1
1c44741db61d003836d9aa8e3be7d345ecebc86a721d44bd8b72e6103ae8686f,1
09cd8adb9d2c36be8ec231cb0d71f4b4ad71f86d8292e58f2f1fd13ef2755922,1
d5d8029b08707e20103be5ed35608cfe795de73886c6faf6a5dcdee473e4e1f3,1
3d8623db57152b029f8e845430e2efb909be947109499681de71694542974b39,1
6945e54895093c4f28c0cdf3f3245671561ea72d3f881615b61e4180703036fa,1
3b74bc1dc882988f05f1f8afd6ac9bd18b39991b2d3f98785c1aba9c08b6ca6b,1
367f0e30f4bff14dc23887d99c1d58e8c78d135658915037593ce3d71c6193bc,1
e95cdec3a879dc76236006912ab901fde81e809571f2d6a61cfa4f51c02be20d,1
d3a33dcc6d76f6723d6af29c31cfae060c5ba4cb9f4d5b905c012adceda30640,1
1a024fc66fb0ab4018912b17df139e18bff97394293ca562bd25381a6baa4f8e,1
54d097f03dad8bcaf4f883a1de766990ad2645266105169257ca62f1f9856d49,1
cacf593e9742c5ce4ca106e256124412108a1fa324dd5f234e822d562e506aed,1
bdd626cfdb60493676a844402862d293d941a6788f9503f9d778dcd2d283d3fa,1
68e4bde985bb90def527d3565fee4bfcb2652017cbe7f5e6825e942209c80ae3,1
36e751cec19c127d123f322ed108ba966122c3af60941fca825909664f61b1fd,1
7e3d6e6ec1c334e9f9c77dd9b20df23099e5ccbf8f15d6c0a5e15fdab392339b,1
8b04eb2a66db7c4c7ab2289ddb624b23e276abc4359b380840d32fa22c16410f,1
a75f6a252e45224f1fbed2e605a7105cc534edd0f6a9d01145da496d770aed66,1
49c3cd746324bb5208363c75de9b01ad854cddb3cb8985dde0a2046b0f670ee9,1
afe91f7b8efcc9988d1fc64d1685450e1ac5cfd792c34bbe0b261397fbcb12a5,1
7f481bf1624f70a81b23af61405e8e8b6ff989ff10971ae88f9c7b35d4760620,1
f30eb29be2410725def134d780959bf4ccdb27d94ed10e5ee5b421f4c3723aeb,1
3e8fc610906742a8aeed41d474e43ea61e89b96a2592c1a3c49a886ff9e23fba,1
1fe0c886d84b6883cdfa68c69524db901651b7c8a61f66768b4c0ba07fa75891,1
8e86419503598e31176148ddbe763158c726b3cda695d26a4db69a86f3bce399,1
893f5f8c894a429559c4d3d139276a25e033475dc8b9826b7af862790ae1f1e8,1
6499a85f912464ca482e39e5c68a561a58f905a01b0914b17c93880bc6f65a81,1
f658ffcd9e7e427aadb896baa53839666dbfceb3600d71b955bd1f9866ae16ef,1
04aee33f4c87ab088985f1d2cf75b28c8ab1f88779c1459a2c74958594dfe85e,1
c66e7fd4b8a1451258ccee927e213bf636be7535f269ea0583381039333220b9,1
2292a25b1099df101f8264c98a833ef55289cb280d7c54b9d61dfba400c8f8ac,1
03ee1a4662105ffa99113d83ea4373a16b13e90318ce92814e99ba37cc45e7ec,1
5ee85de14feb46ad6f174030518a19fbf9546697b02bdd0b001b813cc96eb85f,1
d7cec31e52d253eed533b7d58de5ad0a255c90f566a111e69a5f2f6ce4101b79,1
cd4af40d750c2c4a0598f5ac52790e4f805d73cf75ce52be58388fa8f4bb7001,1
a0fe869eda1af451608b0826d12fb2349303eab57f7365608fe85e12567aaa6a,1
2042e26df2278b76b47ac26a97850c1cf77d576e62818265ef4a357138314c4b,1
c824c8b20fd00b8839cc17e059248367f212361df69fed30454b587ad7b820fd,1
b55541e8c30e628e544bb3850e5f012175326b764afc00949dc02bb324597b04,1
9ded9be3bad0cc5b1901674f99819a224ac12634a1b33c7fac32b19f08005747,1
d1a8c6b5cd51f4f43f94adcb78cd7f49144be723fc9420a08e0ce8b6f32953df,1
58462e9de614feccba18d67c179253bf53483e42579c68d8e0c62cf42998c4ee,1
8a2b33fe0852dd1b4cd64af3877ce018bd1cd84491998910ccc3b6473a01bd32,1
f1561b5272700de7c6313dbbd30b0136467ff65f1fcd71ff87156883ec520e7c,1
73bc85629635765349e47c84b8f020ec98b4933c0128d603d55a77b6c09c601e,1
043a5c68666225c9ca6811332236794f1c0439180ed00fd1701cba62523b773b,1
249c5d6a3546f10fc70481a2bb00f7bde507221668bd897b1d274a62ae3e3d71,1
9ab641f0a214309c9ea0cb09a07d7077eb97d2cdf40484b192c1bc641dcf57ea,1
114a8d5252422b03e866bd24c96d697b5b13c9801c4d6f9005a886a351279d5a,1
10c17a2bc30eebc0ec69aee97491ee0acb089da5d9c848bd31f284ab247174dc,1
bdfd25b175941bd8facd48c2618eb11bddbae9931e5552980a4a025a9f514778,1
675b61fc02c44a1064e5aa2d872ac8f8cf0de91ba4b310bbf98015f54a1b993c,1
6f2ffd4e91e47c28f26035ba94c0645e779e56f09564884740094083f0b7e941,1
d8e8728872ae2fb2e9a61081da2115d7e782182a386f58887266c8210faf9c3b,1
5ceecdafd3487fef216bd3c07bac5474324ded824a4858cf5a9f274c384ad34f,1
33b8b34add76865d855f8063d532ee412b90e3662228eb3a0729e397fdbac185,1
c1f3abe6321664ba0d61fcb5a0675c1987cbf88ede2f4d06c776ad0a70a93dd4,1
d07c6a6e1fa048644456b6aeeec302b5229fa87fcc8d0f79b06f85de61657559,1
ca7e19b03f25f2de40d851d1ef8cc0e4b621c082a4bd2663d5de33ff296a6ec1,1
a38496847352c97528d254e29bb20809c3ffbcbe3b79fbaa6b3bbcec99613e73,1
89a0be35dbd13b6ad71a4fc6fc86118153d5cf1edcb8a286c64de6a237bfbff9,1
0ac9322d8d14f98d69a861863ea3680f5aced2729fa1c78c4174e2ea57795638,1
d654f2c6c82450d2f769c15125bd2fbe3da657d1496a90e596bb6850fcc00aa4,1
641e251f97fba969e680660eb50481f2dc619b499edd66d07d6674729889506f,1
0899db8aa6a2de889a9f229c24869249312c5e5998edc0e0a1e3c65a92bce885,1
44f58eaaf36e0e384fec14854daae8adc690dfb9f20f69eda25afffaae96302b,1
9a23817402c8bba10d14f888f71d1bda732461c22fba9ca288131c2d56e4e70d,1
7f836e50b554bc87cf3dc22f9375659542e9a9f51113c311c95cab8d4d2bd9fb,1
3d12dccf56443174884c6cdb5f4be6e80c6a62ae596bc4ed61216588e0e20179,1
e8718210e02617c774a27b9b09c8386c76f0b894aa91a9c57fceae40d73e823c,1
55e632ab36a1b30954f9c5a0795359dfa21d81614ff57695d1cffa0fec4739aa,1
1e56878fbb339e8b8e06620a8bf73d56e75bce55d2f953e4067e2bb3d59c8072,1
e5c1898e5c8e360ba865da79a4075e7b2b5c7f2bf934272c66779a4be47e5a62,1
e7a1565dca75beaf53ed11b2605f87274af9ec2595b266d08d40cbeebd4edeb2,1
4cee14dc10a196c0be89af20895add662548cd4a97de2a189a79b3efe0e21061,1
17dc4b84b063947953144c304b825cbab893cd4ddb9c92964d14587d98506810,1
91fae2d8095785c22053f07f05dd564e40e7ec55f21b6882f58f157af9e20b7f,1
3cebe806bf13bbc9cf0a72fdccb0ad30c31383d1641f8c310a3a07c274db3ff5,1
17855578aa68347fa42ed0686801896eb9abc11254a3c753c26dce2929dde488,1
b6b8339a6054989272bb3b9f61960beb9eac2e41e20915a928fa89c9a1a48f79,1
831f0d1dc0d4361a29a5f0bf9772e1d91ec293f34c9ef7e4e6fefe6c713731b6,1
8ffd72b884ae7ad1dd4005c4df9473c8cdc2cac285813225578388185a6de07f,1
23ddee685ba57e31df3ebb932f010526fc6fe88d6156590fa9ab0e4dd3dafb0f,1
434c5aeb6750e97a962e1d6d5b626d85a1b3db3cad340cb55fcec59a11068758,1
df989eec4091adf998e80e1aaaba24980b51ea19f1264a95176f0458f062ba4b,1
db7e8163fd470285c1af54ebf66793ea6d532956cf76e917e4429d2fd267eb72,1
aced55d9b947d9990c323e8d885478637e71a152b18eb5bf4c1210be6e1baf41,1
fc744ae39b25e0b092f4c38356a6f5079e1ed918fc2a2260737a54f7b844439d,1
324a9ab19a1ba73e20577529ace770acd032acc3c0c0a1af12d84ed64d8e481e,1
32f8b9c967685e31d867cb44d813753e393a3c4155741ed773ed7df09e5fe8ac,1
970c263bc0923310f4b31449bf8bb449edf14e4b9d98166f784f407c1468beeb,1
53b2d1e5feae729ad8c602c10c0ec5021192255c7fda9b4ee41d1ccb125b5b27,1
13c95b69304a8744d19b6afcb15c70181c35cad7e11395e99b64ad296f63fb7b,1
a2c0df269fc7423d3b33f69f49fbd46112baeef5e04ff619130db30eedc692ab,1
4936d79d13b48632e9f129925bc841b969aa234708deb44a447483d697df1012,1
da84b59a37cd3eb52f0dc1fa0e368f7c70a25a4453f159d6969948fbf0862768,1
f9fc92d21f8ed95912ea27a9481d4fc60d7e7a7d6e7a93d84847ceea5f0f7e38,1
fc7a73a371b8dba0510afd9d9f69e95acf5381e432fe8bcec2d105daacc2e562,1
33d000dd13cab1d2c191a1b2526d6602aecc87cf6499b09c1d0c342a79380d4f,1
b3cc150ce931fd073eecac59c719489b56f95cf9f9f02d7fab839d5637860e0c,1
2095bb482f8de341534a0c2ae4b59054327c1ff406a9d9490cd4e4102976b30f,1
4de7e2147bf46f5e1fae03cd443b7849247ce460da74a9168a06501848760b7f,1
fbd780367c0327821ff5077db0c5b9b3f26b7c53182e8fec0e51bd40e1f15617,1
976346743186000ac444bff96a81fec390eefb57d0f3b6e95d5a8a6886cc0d21,1
1496b3efdf37bcd5799ad9c93327f8b1ab343c1dfcb1f130bac0914921944af8,1
886f4220ade428775ed96ea8e11d6f7f8d78919557ebfc4895ae8ae800fd4170,1
148c026b46ba7e9a7fb9c8fbdf37721c8eef64932ffbd35a5caf1aceadddb773,1
50300f2ce6973454d13e6f50c76c8b868b8cd933ae812931286deb0712feb26f,1
a976e86a63721d80a8eea6a9b420d038f5a79996846807abeb6e8697e621cf24,1
d46bd6615b5c5f8233ad9599f50642b65c0f5b30da95a5fdfa5ce6086ecb3ed0,1
9f1446564a30045a8d839a0c39360e119fc169146f4637ade5d29a21e6ec3455,1
c20647c93f5184e6308dc017bbcb1fb56423483dc38da9770630723f3bc417f5,1
261d6c4e5de66af1bdc32a927dd1ee00d4cfaa4cc6e5c3b8217d7917a5572518,1
598ecd190fb73ab81607aa22c35e2f48b1f2a79257fb1c85781be907753a620b,1
a3f48f06b3972aecc4fc190ac53a5866e063f2086f4fbec774bcd8b1f025ce9f,1
2543aa75ce20f126b5140f64097e2b84540fda54a0f68d6d9fdfd71a93d68ac2,1
5321e356e999532abb8d8262c9f6ef1aa03c8aa23b0aab56d24b985a04f3adff,1
090a0246c50d0f199b362afd97d7d5787190414cafef86372e68ec32553abbb4,1
0715b7fdb7980c33130bc15af858bf60c21115535236ed3bebcf1f968783538f,1
487d69876a5bd62940405fa62fafa3c08cf513ca043daede847879d40d35dc43,1
5778c31061e670d7df562b1033316103053dfcb11dc807c6a8dc1e8e91573689,1
90110f690b5f77fa6878b92cbe5aa03ce8942a6e1c51edf0ef59ce49a5b884e5,1
ad42c863f12d56bd5315a291a258f745686ec4050ab2b1f21ee6a71c3d84329b,1
b61d0a9f3f8a131733a670d3b0cd175fdb4599551044bac345050f13bf5e95dd,1
7ce116fe8539f0568c34918c17de76fe9d005ddfd0366da3e6eee471a9b9fe66,1
d48918bb5df66e2c1c11a7163ad6621f75555c82374a9e9428a5ad623ee14419,1
bcd4455e35b702d53ebef0d241283c7a16f44ae2e3e14fd434faa6a8316487f8,1
4de3fd4aabf56e850d710993082772c5e0dc8d130e3ce93df60cfe16de5ba9d7,1
96d1f2278ffdac7d2678139ea2d6d534d035e8ab4a1066e57d117ed990bd7cfa,1
cf560414e6ca4c047fda92034f00b1d2815c290f0ced1e68e44d4e1ee7a77e1b,1
ac569f60a17a95c459d832ba79c335e290abe3a9a8c213ea12b7c6bbd39ccbbc,1
75518155d1023bf004434b10aa534ac3b2f44e52bf0910582e3cbb275100ecf3,1
7e0a4712350a3db60b5585d3d27df422cbd8b02eedaadbf70c3937e7f46bf8ac,1
d0617d2231ea495f4adcf21fb1b824f6a1a609daadf29b191103fec20cdb0c06,1
cd7a5d7f0b7285b29b62e38d335e407dc838695d083072e84ff2722030810949,1
0896201bf0a87d0b0e93f5e19edb3e9facf6a4c3d4bb93325399c7a0b9ad3c74,1
14ba6a87d80ff03b993deea8ec0e0f5ab4b07c177bfd68ac48594db074a67b51,1
d2141ef58de746f27afda6c58d397d27ded276a8f7dbae825393ee05147b7289,1
b24948e6acea7d9ead358e10d46f1ff292f09eb02c4897bd127a500b71819571,1
2aa9e4187b2e88ee366a90500ec4b9a1561daf4924443b38c7419c16706e8d15,1
64c696a4d566b6e67d51565ec78a2b74d905edded8c972247e4de0758871241f,1
521318f9a8f527ce7d93119b0b8adc0a5b7c52d8723b880f6f3c86d9d55afd71,1
d14b9e53ebd227857ed7ba66ee6e25f1a312e635c7177aebe48bad365572aec1,1
cb74822de147f488a465cddf37d97a0152730c37abf4c8a888e00502db9b13c7,1
9c214dd9323e124bbe6af858440c443fb5a3adb84d3937ca8ad3a55d95721e8f,1
fde1993eba9cd76b5df4a0d88546f712725b4505184d1dc5d8f20324435092b5,1
358d3bd1f66c5e64f99b73f54d1436e787145c69cb56c750803746b3591b5029,1
979a00283fc283c2f893d2cb3588f329d39dae3d6338815514589f485dbd5b43,1
62b9c8796d8a808e649a7c9c89d8108be1a86e093485039c0629eb37ca55261a,1
2a1374e41b02dbb6f7015000cafd2e5811d18762ed138dce31df040f01235240,1
717f8dcf831ec4aa5ae2b104773bebaca6a242d0d14f06a1298253ae18471139,1
f4033214ea5b19bcc52a5eb9f9d61a8e952459d0d31458f609ffec51f2528534,1
be904ad350258d719acd71660d8d289e35acf21ebd461b2c7c6734e0d78366db,1
68a2222c748934d3181bf2a280aeaa6983d21e0731a0fef97bbd756ce41c9890,1
7486550105d20065df5f21310b63f40afc6fce4c9428ad443c6ecc39456b356e,1
66e3fa5eb6ff8e65d2db4e60c7eeac99ae0c9ea411aea4969466a8c5885c469b,1
797a083d63e814cd3d9d7eaaff22256e777a17b3e8d6d2fe27ccc272a5a9275a,1
0a6fce897a03d5190e7ade5ad788d3637923ad3902a5d03a1d2ac90a176d47f4,1
5b5d865cbed5456be4457ce8c17a03ba5e66820f0c2318369eab253060fed6e3,1
c764be04a867dd6cb755fa2d0d8014bfb4077c77213762ee1ca11a9aab64c48c,1
392c23301586c4dd0b1225031318d1f8633684187ead778e25cb330b4fb89171,1
647d9cd5d2aef39fcfd72a2c6cc0f0e5f3de3da1ce5d144d3ee45b10aac1f924,1
28bb4b999c75a88ba7e87a1083918d63863d146814898aac4fd6e916bb7ab8d9,1
c3de60b45d0de26eb4fbb8d5b6565d1b4b0d5c5c1fbd3c79b05c23f5206e9671,1
3b4809075a5f129725798a1f861c14234a3db4f9df23617b8530c2f620184553,1
23c068b98e41cc40591ea8c1af0adbf0baa35610647712e573d2c4db909854c4,1
e0a1e728854677d2f9a972e940db78d0c96f7f5bef76756d9d43382a11f38b01,1
ee31f0dae5547285129e588b07c1e7d2fc84edeef55f14e4c4711c61da693492,1
7e03963330f1f11c6509fda1f9196fee388aa8b32be1b8d55b09d8e396305b0c,1
ae57aa0a8561d63b6fd1f966ae8091b3549699b445d1e7ef1ff0aa1ed4519af7,1
7104c7e2612ebc9bac916618d20423c23cd4119c4bf8e2ff68606bd7d9e0e254,1
55e95e3bee36386df4f1acf3c2b70a8db56e34ace0e83bd8a5d9182325684fca,1
a2aa850f0207e3e6c09d360ad167d5eaf663b6eca4c7fb769c15dabdd5c9b497,1
2e64d370db18ba1d0cf5817feeb82aaead42ecf71224fee4cbf662398db9d2c8,1
3df01223ce90fbf8e6e1072a2b5296bb6cb91107fa442c9fcb1dd20779977231,1
61a744404d9aed67a8349f4ff4200726f68f876a42eaf00bbf7da5bc63b56943,1
9fe00a52149579ac70f131d923588fd9eac297a6873c985ea399cee251fadddc,1
3139708b48e965df715543b9ce24149b7ff5175c9c591271762fba8c4cb05814,1
2f5936977854b70c641528a819a453a851cf7f1eb1d0757ea33fbb6120aebc1c,1
0c97e213214daded2e9623c4be4323dced0233690e8513fc05c767a91a5e2ad7,1
dd5776a77faeca47ef6d46d6309ecec75ec3ec508d53b8e85d6638fcc07f1db4,1
4e2611d26ae07f6646bf40549c64fbfcca5cc0257a71c4b9852fc25d4a3b4bf8,1
a621aaa8d248fa443ac005c4fd1c40ac6cd523cd70d5ddccb9bed86ecd0bfa46,1
e184105511d625ff95acfd12b089baaabadc59cfb8cb82ffecc0851194d718f6,1
4dcfe44825ef460e79eb1f02b72eebb2e724b526537d80b855b678378cb1e843,1
96033064a5e30a1dc0e3dfe7d6ee1544d49e32aa3029cded838e5b9927290add,1
dcf193cabc7598677bba0f06f37cf1cbee41a3634bb4b39b30066d9183859170,1
6d4bb9e09cf974b818fea90ffabcb6c9d86a5190f5a9e37add695e44de0f3c50,1
2413e3218764cf6de13f65c40914b127b52d6ace57010e9ac2c5b9ff57e15480,1
a3763c39b1e4662945a87fbc06db95f4d14153b99ad00fbe6e199dbd545d47e6,1
c57cfe296be167e52d98b0b4e48164437a6a922dbc0197c69421d858793fc715,1
b0d4bba329f52fd232b10e84acfb335a40cce908712620cec83d4d525f87315a,1
097bf4c9cdf9f38c1028c479df12b2e58fad25758d0126970e27d9703938e367,1
0f3573706e4fb83e1638e0eff125f8705431a632eb2cc58cc2f5150236613d0b,1
028cee5ad5aab75c30cfc11ab9d1e4c4cdfae0f55e40437d840f991564b1c148,1
41a6f98f11fdb00a449719b8a69e80ac90267bd55f1211586e69596b3113be64,1
61c277e9cc0aa8d38ff62581d8da75e53543d37367328951156a4874ea54e60a,1
ad04dfaf146aeeb48a1ab7ca7375368f8aaadf184c386ebb41c299b24fd73bdb,1
1926974cea236b9052110ff193737982263ed5197e0e21d045a8079742fe29c2,1
a526a61595a603dc9735b1e1f3ae7d02c7202a1c08878e3a0608774aabff3005,1
8b7aa6229e016e38306113159dd2daf969906d00a96cd359ca0b6e90965487ad,1
2e1f261803c6d8e93bc62a6c6513ec575c5e125428ecb824e7505ef2a5333ca5,1
77d604b164c08bb4c860e38874e065f977f566c7082c4c386f8a78f9164a4b48,1
7ebab5fa445adaf66608ae1b2da600c728502c0c2b2a67d794ade3df67043abc,1
156bcea47dacb74d963c701720f93d507ab792f02a2f7a54d535d3709b96452a,1
3e505c70f1a03cde06cde5432a5080d295326076d6bb423482ef9bfadd15d114,1
503dafe3f2f65bd20cab08347b0757130e342624fb5ddc1d49f125db82a7cd6f,1
446e8edfa7fcc6140253f46feb69e32e24b62a045e20e2068cd1be50efdf1790,1
1db4cf0552d16eda3392f0e3763f3ed03126f428dbc3eb371928979ac127a3c7,1
720171702286256b4949675b79b84620b6b888e525e6f29b69d2662949c4d9c9,1
9043f65275eaf9fda5a9d0cc01f99cab1133825f2acc11cf3d32d9d64e48a377,1
07712d530311a5ed3408523ae6f32e8924d5d00333fcaf38db474c71e5cba5fe,1
156dda0c749029089705ce6845885b11913273963d98c3bbe64f38b402ff8db0,1
110e29adeef83f794bca0a1821ec663bb5a2b12194ec1513134b9c921002cfd6,1
27e4c2682ab9c367a2bdbc70a83064d0be1314cf248b2a78d32ed8b658334d25,1
a62676b9504565a3a32142c5d695d59016cb1a25b195edcbf0db0c0a98866b5c,1
0c9efa98797c671aaccb67f29684218cb80fbfd26676c4ad639103366e2597db,1
cd154fb494984f6f7dda5dd67b248701a49cc6882d77b6cc1ac227c4327e0911,1
aa7c0e79786f8752cc688c94848c360d1c059e6a36153e0939c0918ab94ce9dc,1
d3b30267160bb1da44a86b9954d31b40ff07b78f80955dd336a5a52cc5ff93a3,1
72b6d065bc86648259ff999f06ac1a83d11ae8eb70b637af83b0d255c275238d,1
5c8849f07bf9ff464d14949379626cfd441e0c7695ee87fdf0f9ad73712e2497,1
0f87235a5a7a1e52eb23731352b09a96cc9943209b8b6e7c4d496abb6ab9fb04,1
af1cb20fac39019749ffb35ebc2c69a9b3a1820bc998c5320906710b3e43739e,1
ea18d65a0791bd949f3dd056fc92ce85b70ddbe6dbab65384c2aff92c3b19e6f,1
6244e581bb0e86890fc955733812ceab1dab0683d4c629dc0a27599d59a649bb,1
2c0c4bccb5e8bb2233b03d421ca00294138b58a6ac357bd2c235791e750f1566,1
80b4e4347f5207a12fc3360e1d4697eedb153f9f1225ea6a61c96d600e8a65c1,1
9415e41b5bb291503f39d604b0a19066739f49faabe5845f041c50cc89b340a7,1
d769db2208a2dbb02da9a4966876d715ad7f880811af26816250362e7c3608cd,1
5beb7717462c41e45b2adfd3f9ff2f2ee0c7fc82e8e4b0cb67609e1eb11115f0,1
343e0c5fae1cff817c730d32aefcef24a911097a410c606f30fe3b10f17168e1,1
e72fc8f09100c550472afd375a39e738e34d5fb7f562e9b7a673ec8d77ddda91,1
97d974ee35e0d5687599629cf523a89ebe701b674a4816e5fcfa71aa09b244d2,1
e3eefa3e88a24748d160426cc63cc0c765e8319560e59377ae9a741a90ca420e,1
04496f409afa4d27338be8e040b72f1a691891d3c13462f923baef2126e259c8,1
8d794a947898fd0a8d2963277d68ff46ed3e086e3acd9c4c8c21b90681bd95b5,1
d890751225e000c9a830f148f64fcb1ec61d6572972eda01cae1ee2f3a03fb5b,1
26dc017c0f1b5fb70c5f2d2a4cc56cb154d383acc97feab13dfd9368a0f0202d,1
bba971170d1b85da0b0936f534e4160a6e44734e1993aba8a58070ae487bd0de,1
144bd1d1845ff754e4977ec00f820b64c2d71ea9cbe25a5c22e7eb39d35bf837,1
9eb84776c438fc6eb17eed5144e2d4072d45ddb234ba8c3d6e065095a2ceae48,1
31e9318c09c8da8191fb59db5581c7f753b6e21565478d024e46b8fc1a791d17,1
245cac000b4e634653cac8a8b0531f26157ded846d261c72b63ac9850734425f,1
5605625e12ec618091d82c3f0fbee8a0c1b18d5ee251cebe2629813b2ef85c11,1
7caab1417aabe734f2122ec87d939f79c12d17b11484410d9ca707c76882b102,1
fb533be077dbd10cc38037c580b0e7eb5f272079a24793888e814483ac4cae2f,1
1ae5b220a8f7e47dcfcbc38b7af17cf8709cfe173448bdf64869beb930871362,1
3b5fab2e5891ac0ef634ee0d00e1eb5fbf1c3901b505fa1152b85e97a3bd0f3e,1
6e9fd8648f9e86f968a8ae89e0fc2d0c79d684be5067195140f22e52b62328e6,1
154c235b50606eab71d55af8ace8330d9a4b5024a1f0f8fec2f37ac00fa931c5,1
a41c411cb0d0ad31e460d8b2eea62738f1eea48d3212f14b023077458c8ce303,1
3257f8a90f783afa4a66d6dc34c3b41d0ee5abe82e879ad4e128f36fb37adc27,1
5af3255cd34d053716583d99d41bc75833545a16bb888949007711ecf3b31018,1
23e8d0516b578b35694c711f0ba9addd88498a8c8cb4225f5463d64b59776bce,1
e6ad691fadc19ccfbeb29967d7fbe026635ee04c86114ce5653f3e36ff0ca957,1
872430b0e2d965d4a1d3b02f505908f947439b5a1c23079cc3919a881b2efa48,1
32b2b91948935d109377a3990c7cde026fbe702909567de52c4338ab370c8b1f,1
9a993a364a81aa3e448a084ac78736a4d94796f6b8451b4c7a73252b0aba953d,1
295e602ee4bb801448213e40a68bd57cf4d29a96baa734211b0f5defea96be17,1
801105271cbc895584d37efcced07f4f44b051b16ed6f4f2e414e18ff455f88c,1
e2490ee88b50dd6aa8e9c898ad078c60b335de5bf75a70d0d661af7bf4b59065,1
7e08fe6f841b4018c87d9f7d89bc6d6720b5093a61be75e383c82718080df286,1
9a8127879d0c6422e9dd20f0d5b81c64bb0d931b545a69e8844bdd1d2e8b6224,1
3fcb8dacad43da0d7ee9a6a2904955f68f0186e312c932bedb290f34f028ae04,1
408f05be5c07e4ba084e3e4388e4b4fd2e77e6ab5fde63d7c6986dbca87ba1d4,1
9ca3539fa91eec83360962a6cc7ca690af6211c5b2be2b390f05f927efde02bc,1
42bd1a1e504fd8b354cd3d1942c61503797200d0ec81316b93c32aa033f694df,1
0989fce39c161bd15e6153359f094b5a9d3c068136080ea5bfb440f84eefab26,1
315fcded15a10c7b91b66ccd95b1172ec1e460cb3673ce40ea9bad358b29e5aa,1
6418a3074cb39c2254cfde20d941f577cee9374a0b529fb12874206ea8c41c2d,1
1d2b25b6d8a4bfea4e1d431844ba96304c30c5359e2b36b345529e0704e8cfda,1
147243a5f1529558766265cb8ffd3ff2d6e32c7b84626557c2ede9fbc362f3da,1
faa198f6ee6ee4d4d9b6d37b9fd72971a1f8e913dae09495b815974011b4ccc9,1
d0d5a9b779f9dfa744aaef376a6d359043573e5abc0c681bcfb7b27bb5250351,1
6b6b58d857c444ccd77159185c57668b8fba6e9333cabfffd3eea7aba66ad03d,1
4e68801172fdf01fba23a7bbc3688d6206f7a9d7007ec3a8b5631c66be07a441,1
c9ec23f46f22aff4e55f52040557930f99fc5bb1cc2cf42a8a4f450bdf3ce0b5,1
e04610833ec49e4df3242988428a374ce1ddabac45d59ad2a1e10558cea4aab4,1
180453452b54a7204caf0bbf4791ac97af1371c9ffd57712855c2d03203bb925,1
e016a9766c44b354d8d2c131e25f4687ebc14e0a48d5ad8a882cec734c78de48,1
c64689db155907283d4ebe933ea67a59919d9650e63f891895d6f95ae3034f35,1
9f892e7c2ad56a968154a84917cbf283ca2b43c6e69007cf626854ec80e504e6,1
572c2a9f828b89df6c21210e8ace7bc3187714fffef70e7a58ca323db012f003,1
f21e16cc6ac9aeaa8adc9ca64cb33ac808a167934d9324cc7d24445ed672e922,1
2e3bf07d594cb002a05c82c88f714d51c8b1880cb2e88c237ee25b59a22148ff,1
461f8001a9b0c93854842fc53eac4eb37726dca1a6af3cb12b2623e113fca87e,1
79752a23a421664a978aa4531e6f9edd0507f69942045f1d48613d433f04229e,1
c40611872652d5927e703f69bbe6fb980d0e1c07dd63a6b9116c451c2a1fc73d,1
25b42be4d642b9aed2cd9930f0e0dcfc4be2aa90f06eada0be661061b98e6cc3,1
7220f9e09d6f9efee0ba8413b02906a711813b8c9f2265e8dc51e12e5751bc7b,1
a6e92d79e0a3cd4c5ed10df49f57cdf3c9b368be1bef879b48088db684417940,1
ab2b5f251d3cdf41cc0098f51e9f86eb0a340dccd850e9821a6b72ca18f823d7,1
5247d4e52565d6b1b7d957a09e0ae7b7a32429525667939433c6d716fc240091,1
d93b7907123351a06f2d3007a197bbf84ab2e975fd4666becb78170012a90ddb,1
c69b20c022c3a5ba4adb79b4fb25e4014186c8c59b07633b49ee7f1f0cc231a3,1
5d25b77ef73506293e928e261102226a72b99874f8e47e34b1e9eb27bac4dbd2,1
d07bd8c2fa21b7a8e4b63dd1e60b273e17c78b25c46cec71e7daf07c86113f41,1
6e6c591ac4174fff6d8b9641ede70a33fe5871466e8674d8ba5aade577e64cef,1
568de7fdb3d72ea4c1498648162a06ee1c1f61cf7c23c0f61227952b01f5ac25,1
1a716218c990bf434ef6f05c8fabbbfb4650eb830e733e0b1ac3f87a65cc839d,1
24c2dd697e4712be0b4e263aa1a0875b33bc3ecf617901a394e259ddfce996cc,1
f2f4e91def11d81d81ecf792f7188568e7852332f0abed055c01cd40bef9edfb,1
8b775f442dcbf96b2497121e767935a9f4ca30d93e4dd227c16dcecd79a34902,1
e30bf1ea1a63ddf60d96ff291553588476ac32ce5f93fae61ffd836f480f42d9,1
acba0af1cad012c7cb970fab60cda03e5c17b2582eaf1a51c518bc48946d99a4,1
21aeae1645183d6a590ac5e5edf29428bdce8c4d2a30051f4340ca1b84dc22ae,1
57f9c7e51687793b99a78a21e11b58d7368388110ce9f3ad5de723152e63595b,1
e028c267b435f75ba0cc4ad910af4e1fe8842e8c046bc15d5887d05820c10030,1
d2c503fc6b40c819bfebe98515dc847aaaee55580dccbe35f034419a4d07c68a,1
61613fa202dc96e675532f6c7ab99a0beba410fa33e24e0b96c195f3f18c5bca,1
f2ea6675e110a318407859ae324e97d1d0c334663b375ac35e107b72a330c173,1
874b4ceb0382c1ad7097579294ff3c23a7775aa90e0da7ee55bdd49dc8c06620,1
fa8ff21581db81670c0fec1e48ed9f77f8c9caeb4eae56f4c3573260041d2c7d,1
2dd2d9517cfd4a0e14abefb87567df8c277151ab6f12099d000a11c663a967f7,1
722233accd9e0b4d27a5078b7f964094ba8d4b14033aa384da45a8974108125b,1
fe1255c5e5297791948609d0c79474902efa54dab59ee5c7f1e4651915df94a1,1
d8a1f4633acae7ca8d153b47f462d5b58a08a628e73cc65957a357ba39ccf1ce,1
1bc39daf5241f4d436ad0640a471ab1f1836bef30cee9c8ba8a77e8387ef39fc,1
7d5920c96defc1e6fac4ff9c0b3044fd3c72a50f9bd1d8b661ecd11a4d211e05,1
ec90bcf1d80b614f722a481f65db9454032ed8450239553d447fc436abea8ccf,1
34dc93364269e811962e4d65b10d47e8e3b0b5d3470cc89cd15517d3ac68028e,1
b3deb058e0ad71ec131b21966887a3dfd58152b5ba8a5f4f223ee69a0cbf279f,1
5a62e6267c5d243d3676fe3855b10a84e62de8faf2956599b909eed4d5ecc9cd,1
c0f8e4d152ea1d5cbb77d8f5415df5fbab7b64015d96896153a1755a4fd46139,1
bb422c7179337f071af5f7335ea258b059e60cb6eb7b2b482802d1ddb7dc561b,1
44fecbaa4ea19b79ab0b9227b6ab12f022a4551a5904b258914c2255f786657e,1
23b9d8b37b7b231ce6e149346dea29cc3be287182512229e11e7d4deeae1fb2d,1
d0cf7caafab96c66794c8530b66dc7da313ea6ababadbc7f8410cc5a30707718,1
6c20ea6a6d5806b9a3462d5f0d1378248e67e362c74aa8e4e43cd263ecd0bf03,1
1f309b5299bb3b7d66e7d1e9e7b02845dc16023ead5aa31271c959020185798f,1
d774439c7ccade3c6d3dba235d3d72349c45fb56a33acfd5840d71a80c12c902,1
a90cc4bcad10115928f8d8b37f17f0ca76ec40f773bd8e70752a6cd786640fac,1
bf3c00436ce4385913c8a81160fe23afebfa256d5ebc28f3dd805cfcaff5290c,1
18b7920b6d016873cfcd3db6f5f3d0211d7f052632e549521b7d95cfd97251b3,1
5308af7e5ac37f7aed21f92b5c04d092603914fb99429f5813c47bbf2814ba9f,1
b51962f48594bf01efb827f3c1b6be8e64722109aee4d6f4545b34e6a0726ac8,1
2c86e47053f9e682580e1342c5ac6076e8e076855303a06f03bb0d6ad07d8dac,1
d08e4c302c174b03d58ae0107831a845b4549b9060568136959a7095198513d4,1
2d185d2d59162a58369a0663bb135c85847f2e8df5ec0bd4e7ace9a286aaf436,1
06de507ed29427ecf4817f27c2abb2a39dc387219281342eb2eb89a862b3929a,1
566530bec13e1db7899765cadafc4ee859c307e8367cb93bf36cce85e049473f,1
0d2d2faeab167d4703096b4e8f521bed6f92eabdf92d62e6b4345f0bf2e228b0,1
7dbcad53737a0bed63f6659425c1603ac65ab92f134bf5f8b8db55272e64158f,1
98f7501827183da403fbca23dba4b2b31cda226350d9241a0c9b067c6b88c109,1
f28396f3209f696c28e778404a02c10905f65a164d41291eaeea4dff65eba526,1
74ef00b3e6895f4e208fbea2fc818504be13071d543bbdd5de5e9bcb4141e76c,1
bcf2c716e5799c8b121bcfe95cb2157504080e33c08defd1029fd5810f9a48c2,1
84e25419e2ed1a4df7439d7a3fbab7c032603a9b512f8157dea13f35ae647ae3,1
48d0fee076ca360726aa31729a80601198ab1c35ab54098dcf30db49c588deb1,1
9bde241b41c02c3970685bbf3753766c6652d9efdea34d5c6ba53fd46f022432,1
9606eed6b8da8416be2df40a7b22f98f10cedecbed9003bf4d7ae440c7aa557b,1
670e806d7c5005bd2774c4b556e92fb593798ab43fd0b748f27a762df0c2616c,1
32d2db65484e8a093c251e5e1c9dec23972dce83d906c749a77461b55751dade,1
bd818adc87d4930fc250a5a747e244616f914403884ea1afbd5892fdd51eed32,1
e7c8dd1460a2970fbdb64e4168c74243353dd8c36386717ca397b20bf18f655e,1
a098a5b52a8e7931197ff678289e113ab375c19905dd9297bf6f6862615fbd9a,1
1474bbac874adb47d2f40e4b02220eb4593fc48161d453c1b443d2ee0c39636f,1
09b5faa9f5c4242c7325cab66ca919feb9960e27c8e9f394aecb50c888516b8c,1
b4fba6e5aa6bd96b74bc6c2413b8afde71d2ead9faf6fa67636575a2b695a744,1
0cdebc925fbc9608d5c6bd343fef168115048dd1680deef8504ee3dbd07ebb28,1
be5f7fee032cc8a21b2ff1f85282393d167ca1f71322e8e244a436726ff55590,1
c00f8bbb60bec23b72c5e81b414020331fa858ca1965b42e455aedf9819d5964,1
b0eade54121f7fce46151acf5f214fda9755e180411eaf0e02358979e5292bea,1
a30f48279bb8ba5a4511dc25b002b7bfd21ca2a3c1e37b36c59864a7c324c01e,1
55562170e5dadcfb5f351a389e13835816ec54c12d20d8a3dcd7437ed7e00479,1
96efd8f0d244e569a3264188c75a99ea2a4c45ab4a810531a979ae4986795cf7,1
860a189915f0d8d2b4fafdc940b33b54e767039cae09ac4e1ccbeb4330e5cf32,1
87b0c083b217b271980fcc25c66b91f09be595f24a12eba1409e3c52b4c7ff81,1
63d247e9cd7e0319b33b5258ada26793f668e59087d3af7148725df1b4a2e6be,1
b25b8cc41b2af614060d47ed285ac2b0e995a0df835811301192c66951f40627,1
7fc4c82b312b8cb03e72e5c2ab0d82f2392790b5952b8c4d69ea46297dc2a49f,1
012955be2be07b683d92cf4de81677f47ade2e84744bf5b071b58327097338ec,1
266ea598c4a05be5804ad0286ffbfcb99bf1650f03069cce706bd0c2bafc1799,1
e11356e8e4f8505da2e5bf3aa97128a50701528080555a6e89077b262c8068a7,1
a4b71efafbd39045d7611ef2410944d16bfb0959cce37ba4b2d860a38210f7fe,1
8bb160234031788ad4ce8ca7e149cc43ea441fc04334923d2f79364cfb86fd01,1
4e3fd5de699c9968e8a33bd800fa961f00576bbeb48f8646913199e1611e78b6,1
cc7f04e3b5dd9a39501b5daf35ed96e1e75718c26454e37975ef2de0952e54e4,1
c5fa75cfdcea271710aca4246b16aa2beb99b62c6c9e49dc76b060ee8e7c968a,1
f204340c497b31be67f280ea68b9916fd0c8f4b1289cffdc5851c693b895afa0,1
be9cdc250411f6f6f53aac21ad2df0922db09f2df5cad54a2b4cf86afc3fce0d,1
5b26af23bb6c76c2f5d4c8a017c37431cebe6b95d6aa53a12133b7b30b028000,1
2568ed8774013350268c8b0943b5195e1dd7dc1b6995a2e88eef59e1b40c7507,1
16c9c20f88ba794a472ba4de6e04fe12121187457b2eb40605fa602e040bad4d,1
687b8bdb4b5d7100d809e15580749719d227eadb22875619d672516d66e9fbbe,1
07fe92a7ad077d6a3d8e8a3ffc0aaa0717cba64728dfb50cad4d967c6af59e56,1
dbfc8b9450b5bd7e3afb4226768b564a909ead68333bf345972682ca7b027494,1
f3d091654ae23a6c7f1132a6e87357c076e23c3505ecdce827e0a2777340a9a9,1
524bbcdd252198a631e04f455c8a9e64994a72f36851ef16e66b1009648ee4f3,1
02eadaead30e81f79afadd5e7a9228b882897654cc149000afcc707d57db2a60,1
005a151e3fcf7089341c816441d53b1776c532608036916d47ad2304b98d11c9,1
a9858f82c2ed627cd2948d0182f4b5986ca6a70412cbe9b3d55658d5572d3be2,1
fb9bcb5f5074d03260a03f1f8a200f26a3a97092921f6369aa140b869e3a0960,1
371800f6d1fd9194fe57ef0ef504676c130f10c373537ace7100f5bfb330040b,1
4e8762231eb4b42dd58170d0f6673301850b085823004677419a2e4178e84f3c,1
6359d37ffd94c6b2d65dd9c7f1959d6eff00bef1b49bacde400cf50c851e2357,1
5118f53c3619b497a83a060bf67595d2746141230f90a32f4b36990016f9669b,1
ba0b1715d025ca5bb0c6b2a843840428ee4a99cec802e559fcc7dbdd9f407945,1
2f7010f5ce856c911f3abcddd2bf19351424858131a5cc24baaa29a2b3469493,1
61757d6526fcab74df1fe705383a6b6c2a7b66a0c8ce583ec53ad0cffa8e7d4e,1
5ee786009708657eb737b2063ec49e3a21bc3033cb9b34e74417bd1b2e7c84c0,1
8abe0b61dcc8eecea400043497d6a2b10a195f98a531495d705b0bd25710b07b,1
cf0ad5b7bd21034a373f0b38f2729fb82bfdfd433a6e612e7b1081ab90c09c35,1
a35cd797c555bea1336041a00630b2085407842c471c099ef3852387cbdf48e2,1
0ab787797e87790f38c3584c0562a816e1ee191af8843abb328ff122df0f8586,1
2489a201d0cab54edd8ebb45822cb490ee2d67536260fe45ad71ce545be31118,1
4f7fa5e9cfbf9d28735a75a4071d92f829213b59d774ca781372028a8c2b0661,1
